QGPIORecord, QRC v6.1.0, 08-12-2021 @ 12:21:46, Windows 10 Version 2009, 10.0.19042, x86_64
Time, VoltA, voltB, desired_velocity, xA, xB, vA, vB, Front Distance, xhat(0), Phat(0), nu(0), S(0)
77071, 0, 0, 0, 20.9463, 21.1041, 0, 0, 0.232086, -0.231496, 2.62568e-08, 0.000815839, 1.31456e-07
77081, 0, 0, 0, 20.9463, 21.1041, 0, 0, 0.230129, -0.231119, 2.62568e-08, -0.00136632, 1.31456e-07
77090, 0, 0, 0, 20.9463, 21.1041, 0, 0, 0.226317, -0.229794, 2.62568e-08, -0.00480162, 1.31456e-07
77101, 0, 0, 0, 20.9463, 21.1041, 0, 0, 0.230129, -0.229887, 2.62568e-08, 0.000334874, 1.31456e-07
77111, 0, 0, 0, 20.9463, 21.1041, 0, 0, 0.230129, -0.229954, 2.62568e-08, 0.000242516, 1.31456e-07
77120, 0, 0, 0, 20.9463, 21.1041, 0, 0, 0.232086, -0.230542, 2.62568e-08, 0.00213276, 1.31456e-07
77130, 0, 0, 0, 20.9463, 21.1041, 0, 0, 0.232086, -0.230968, 2.62568e-08, 0.00154452, 1.31456e-07
77140, 0, 0, 0, 20.9463, 21.1041, 0, 0, 0.232086, -0.231276, 2.62568e-08, 0.00111853, 1.31456e-07
77151, 0, 0, 0, 20.9463, 21.1041, 0, 0, 0.232086, -0.2315, 2.62568e-08, 0.000810027, 1.31456e-07
77160, 0, 0, 0, 20.9463, 21.1041, 0, 0, 0.230129, -0.231122, 2.62568e-08, -0.00137052, 1.31456e-07
77170, 0, 0, 0, 20.9463, 21.1041, 0, 0, 0.232086, -0.231388, 2.62568e-08, 0.000964612, 1.31456e-07
77180, 0, 0, 0, 20.9463, 21.1041, 0, 0, 0.230129, -0.231041, 2.62568e-08, -0.00125857, 1.31456e-07
77191, 0, 0, 0, 20.9463, 21.1041, 0, 0, 0.232086, -0.231329, 2.62568e-08, 0.00104569, 1.31456e-07
77200, 0, 0, 0, 20.9463, 21.1041, 0, 0, 0.228207, -0.230468, 2.62568e-08, -0.00312264, 1.31456e-07
77210, 0, 0, 0, 20.9463, 21.1041, 0, 0, 0.230129, -0.230375, 2.62568e-08, -0.000338599, 1.31456e-07
77220, 0, 0, 0, 20.9463, 21.1041, 0, 0, 0.232086, -0.230847, 2.62568e-08, 0.00171192, 1.31456e-07
77231, 0, 0, 0, 20.9463, 21.1041, 0, 0, 0.230129, -0.230649, 2.62568e-08, -0.000717372, 1.31456e-07
77241, 0, 0, 0, 20.9463, 21.1041, 0, 0, 0.232086, -0.231045, 2.62568e-08, 0.00143762, 1.31456e-07
77250, 0, 0, 0, 20.9463, 21.1041, 0, 0, 0.232086, -0.231332, 2.62568e-08, 0.00104111, 1.31456e-07
77260, 0, 0, 0, 20.9463, 21.1041, 0, 0, 0.230129, -0.231001, 2.62568e-08, -0.00120316, 1.31456e-07
77271, 0, 0, 0, 20.9463, 21.1041, 0, 0, 0.232086, -0.2313, 2.62568e-08, 0.00108582, 1.31456e-07
77281, 0, 0, 0, 20.9463, 21.1041, 0, 0, 0.230129, -0.230977, 2.62568e-08, -0.0011708, 1.31456e-07
77290, 0, 0, 0, 20.9463, 21.1041, 0, 0, 0.232086, -0.231283, 2.62568e-08, 0.00110926, 1.31456e-07
77300, 0, 0, 0, 20.9463, 21.1041, 0, 0, 0.232086, -0.231505, 2.62568e-08, 0.000803307, 1.31456e-07
77310, 0, 0, 0, 20.9463, 21.1041, 0, 0, 0.230129, -0.231125, 2.62568e-08, -0.00137539, 1.31456e-07
77321, 0, 0, 0, 20.9463, 21.1041, 0, 0, 0.232086, -0.23139, 2.62568e-08, 0.000961095, 1.31456e-07
77330, 0, 0, 0, 20.9463, 21.1041, 0, 0, 0.230129, -0.231043, 2.62568e-08, -0.00126112, 1.31456e-07
77340, 0, 0, 0, 20.9463, 21.1041, 0, 0, 0.230129, -0.230791, 2.62568e-08, -0.000913292, 1.31456e-07
77350, 0, 0, 0, 20.9463, 21.1041, 0, 0, 0.232086, -0.231148, 2.62568e-08, 0.00129573, 1.31456e-07
77361, 0, 0, 0, 20.9463, 21.1041, 0, 0, 0.230129, -0.230867, 2.62568e-08, -0.00101878, 1.31456e-07
77370, 0, 0, 0, 20.9463, 21.1041, 0, 0, 0.232086, -0.231203, 2.62568e-08, 0.00121935, 1.31456e-07
77380, 0, 0, 0, 20.9463, 21.1041, 0, 0, 0.232086, -0.231447, 2.62568e-08, 0.000883043, 1.31456e-07
77390, 0, 0, 0, 20.9463, 21.1041, 0, 0, 0.230129, -0.231084, 2.62568e-08, -0.00131765, 1.31456e-07
77401, 0, 0, 0, 20.9463, 21.1041, 0, 0, 0.232086, -0.23136, 2.62568e-08, 0.00100291, 1.31456e-07
77411, 0, 0, 0, 20.9463, 21.1041, 0, 0, 0.230129, -0.231021, 2.62568e-08, -0.00123084, 1.31456e-07
77420, 0, 0, 0, 20.9463, 21.1041, 0, 0, 0.228207, -0.230245, 2.62568e-08, -0.00281414, 1.31456e-07
77430, 0, 0, 0, 20.9463, 21.1041, 0, 0, 0.232086, -0.230753, 2.62568e-08, 0.00184195, 1.31456e-07
77441, 0, 0, 0, 20.9463, 21.1041, 0, 0, 0.230129, -0.230581, 2.62568e-08, -0.000623211, 1.31456e-07
77451, 0, 0, 0, 20.9463, 21.1041, 0, 0, 0.232086, -0.230996, 2.62568e-08, 0.00150581, 1.31456e-07
77460, 0, 0, 0, 20.9463, 21.1041, 0, 0, 0.230129, -0.230757, 2.62568e-08, -0.000866637, 1.31456e-07
77470, 0, 0, 0, 20.9463, 21.1041, 0, 0, 0.232086, -0.231124, 2.62568e-08, 0.00132953, 1.31456e-07
77480, 0, 0, 0, 20.9463, 21.1041, 0, 0, 0.232086, -0.231389, 2.62568e-08, 0.000962824, 1.31456e-07
77491, 0, 0, 0, 20.9463, 21.1041, 0, 0, 0.230129, -0.231042, 2.62568e-08, -0.00125986, 1.31456e-07
77500, 0, 0, 0, 20.9463, 21.1041, 0, 0, 0.230129, -0.23079, 2.62568e-08, -0.000912383, 1.31456e-07
77510, 0, 0, 0, 20.9463, 21.1041, 0, 0, 0.230129, -0.230608, 2.62568e-08, -0.000660732, 1.31456e-07
77520, 0, 0, 0, 20.9463, 21.1041, 0, 0, 0.230129, -0.230476, 2.62568e-08, -0.000478491, 1.31456e-07
77531, 0, 0, 0, 20.9463, 21.1041, 0, 0, 0.228207, -0.22985, 2.62568e-08, -0.0022693, 1.31456e-07
77541, 0, 0, 0, 20.9463, 21.1041, 0, 0, 0.230129, -0.229927, 2.62568e-08, 0.000279382, 1.31456e-07
77550, 0, 0, 0, 20.9463, 21.1041, 0, 0, 0.232086, -0.230523, 2.62568e-08, 0.00215946, 1.31456e-07
77560, 0, 0, 0, 20.9463, 21.1041, 0, 0, 0.230129, -0.230414, 2.62568e-08, -0.000393271, 1.31456e-07
77571, 0, 0, 0, 20.9463, 21.1041, 0, 0, 0.230129, -0.230336, 2.62568e-08, -0.000284806, 1.31456e-07
77581, 0, 0, 0, 20.9463, 21.1041, 0, 0, 0.232086, -0.230818, 2.62568e-08, 0.00175089, 1.31456e-07
77590, 0, 0, 0, 20.9463, 21.1041, 0, 0, 0.230129, -0.230628, 2.62568e-08, -0.000689164, 1.31456e-07
77600, 0, 0, 0, 20.9463, 21.1041, 0, 0, 0.230129, -0.230491, 2.62568e-08, -0.000499085, 1.31456e-07
77611, 0, 0, 0, 20.9463, 21.1041, 0, 0, 0.230129, -0.230391, 2.62568e-08, -0.000361428, 1.31456e-07
77621, 0, 0, 0, 20.9463, 21.1041, 0, 0, 0.230129, -0.230319, 2.62568e-08, -0.000261739, 1.31456e-07
77630, 0, 0, 0, 20.9463, 21.1041, 0, 0, 0.232086, -0.230806, 2.62568e-08, 0.00176759, 1.31456e-07
77640, 0, 0, 0, 20.9463, 21.1041, 0, 0, 0.230129, -0.23062, 2.62568e-08, -0.000677064, 1.31456e-07
77650, 0, 0, 0, 20.9463, 21.1041, 0, 0, 0.230129, -0.230484, 2.62568e-08, -0.000490323, 1.31456e-07
77661, 0, 0, 0, 20.9463, 21.1041, 0, 0, 0.230129, -0.230386, 2.62568e-08, -0.00035508, 1.31456e-07
77670, 0, 0, 0, 20.9463, 21.1041, 0, 0, 0.230129, -0.230316, 2.62568e-08, -0.000257149, 1.31456e-07
77680, 0, 0, 0, 20.9463, 21.1041, 0, 0, 0.232086, -0.230804, 2.62568e-08, 0.00177091, 1.31456e-07
77690, 0, 0, 0, 20.9463, 21.1041, 0, 0, 0.230129, -0.230618, 2.62568e-08, -0.00067465, 1.31456e-07
77701, 0, 0, 0, 20.9463, 21.1041, 0, 0, 0.232086, -0.231023, 2.62568e-08, 0.00146855, 1.31456e-07
77711, 0, 0, 0, 20.9463, 21.1041, 0, 0, 0.234079, -0.231866, 2.62568e-08, 0.0030559, 1.31456e-07
77720, 0, 0, 0, 20.9463, 21.1041, 0, 0, 0.230129, -0.231387, 2.62568e-08, -0.00173648, 1.31456e-07
77730, 0, 0, 0, 20.9463, 21.1041, 0, 0, 0.232086, -0.23158, 2.62568e-08, 0.000699595, 1.31456e-07
77741, 0, 0, 0, 20.9463, 21.1041, 0, 0, 0.230129, -0.23118, 2.62568e-08, -0.00145049, 1.31456e-07
77751, 0, 0, 0, 20.9463, 21.1041, 0, 0, 0.232086, -0.23143, 2.62568e-08, 0.000906706, 1.31456e-07
77760, 0, 0, 0, 20.9463, 21.1041, 0, 0, 0.232086, -0.231611, 2.62568e-08, 0.000656635, 1.31456e-07
77770, 0, 0, 0, 20.9463, 21.1041, 0, 0, 0.230129, -0.231202, 2.62568e-08, -0.00148161, 1.31456e-07
77780, 0, 0, 0, 20.9463, 21.1041, 0, 0, 0.232086, -0.231446, 2.62568e-08, 0.000884175, 1.31456e-07
77791, 0, 0, 0, 20.9463, 21.1041, 0, 0, 0.230129, -0.231083, 2.62568e-08, -0.00131682, 1.31456e-07
77800, 0, 0, 0, 20.9463, 21.1041, 0, 0, 0.230129, -0.23082, 2.62568e-08, -0.00095363, 1.31456e-07
77810, 0, 0, 0, 20.9463, 21.1041, 0, 0, 0.232086, -0.231169, 2.62568e-08, 0.00126652, 1.31456e-07
77820, 0, 0, 0, 20.9463, 21.1041, 0, 0, 0.230129, -0.230882, 2.62568e-08, -0.00103992, 1.31456e-07
77831, 0, 0, 0, 20.9463, 21.1041, 0, 0, 0.232086, -0.231215, 2.62568e-08, 0.00120403, 1.31456e-07
77840, 0, 0, 0, 20.9463, 21.1041, 0, 0, 0.230129, -0.230915, 2.62568e-08, -0.00108519, 1.31456e-07
77850, 0, 0, 0, 20.9463, 21.1041, 0, 0, 0.230129, -0.230698, 2.62568e-08, -0.000785887, 1.31456e-07
77860, 0, 0, 0, 20.9463, 21.1041, 0, 0, 0.228207, -0.230011, 2.62568e-08, -0.00249192, 1.31456e-07
77871, 0, 0, 0, 20.9463, 21.1041, 0, 0, 0.230129, -0.230044, 2.62568e-08, 0.000118166, 1.31456e-07
77881, 0, 0, 0, 20.9463, 21.1041, 0, 0, 0.232086, -0.230607, 2.62568e-08, 0.00204271, 1.31456e-07
77890, 0, 0, 0, 20.9463, 21.1041, 0, 0, 0.232086, -0.231015, 2.62568e-08, 0.00147931, 1.31456e-07
77900, 0, 0, 0, 20.9463, 21.1041, 0, 0, 0.232086, -0.231311, 2.62568e-08, 0.0010713, 1.31456e-07
77911, 0, 0, 0, 20.9463, 21.1041, 0, 0, 0.232086, -0.231525, 2.62568e-08, 0.000775829, 1.31456e-07
77921, 0, 0, 0, 20.9463, 21.1041, 0, 0, 0.230129, -0.23114, 2.62568e-08, -0.00139529, 1.31456e-07
77930, 0, 0, 0, 20.9463, 21.1041, 0, 0, 0.228207, -0.230331, 2.62568e-08, -0.00293323, 1.31456e-07
77940, 0, 0, 0, 20.9463, 21.1041, 0, 0, 0.230129, -0.230275, 2.62568e-08, -0.000201434, 1.31456e-07
77950, 0, 0, 0, 20.9463, 21.1041, 0, 0, 0.230129, -0.230235, 2.62568e-08, -0.000145882, 1.31456e-07
77961, 0, 0, 0, 20.9463, 21.1041, 0, 0, 0.232086, -0.230746, 2.62568e-08, 0.00185148, 1.31456e-07
77970, 0, 0, 0, 20.9463, 21.1041, 0, 0, 0.230129, -0.230576, 2.62568e-08, -0.000616312, 1.31456e-07
77980, 0, 0, 0, 20.9463, 21.1041, 0, 0, 0.232086, -0.230992, 2.62568e-08, 0.00151081, 1.31456e-07
77990, 0, 0, 0, 20.9463, 21.1041, 0, 0, 0.232086, -0.231294, 2.62568e-08, 0.00109412, 1.31456e-07
78001, 0, 0, 0, 20.9463, 21.1041, 0, 0, 0.230129, -0.230973, 2.62568e-08, -0.00116478, 1.31456e-07
78010, 0, 0, 0, 20.9463, 21.1041, 0, 0, 0.232086, -0.23128, 2.62568e-08, 0.00111361, 1.31456e-07
78020, 0, 0, 0, 20.9463, 21.1041, 0, 0, 0.230129, -0.230963, 2.62568e-08, -0.00115067, 1.31456e-07
78030, 0, 0, 0, 20.9463, 21.1041, 0, 0, 0.232086, -0.231273, 2.62568e-08, 0.00112383, 1.31456e-07
78041, 0, 0, 0, 20.9463, 21.1041, 0, 0, 0.228207, -0.230427, 2.62568e-08, -0.00306605, 1.31456e-07
78051, 0, 0, 0, 20.9463, 21.1041, 0, 0, 0.230129, -0.230345, 2.62568e-08, -0.000297621, 1.31456e-07
78060, 0, 0, 0, 20.9463, 21.1041, 0, 0, 0.232086, -0.230825, 2.62568e-08, 0.0017416, 1.31456e-07
78070, 0, 0, 0, 20.9463, 21.1041, 0, 0, 0.230129, -0.230633, 2.62568e-08, -0.000695884, 1.31456e-07
78081, 0, 0, 0, 20.9463, 21.1041, 0, 0, 0.230129, -0.230494, 2.62568e-08, -0.000503957, 1.31456e-07
78091, 0, 0, 0, 20.9463, 21.1041, 0, 0, 0.232086, -0.230933, 2.62568e-08, 0.00159217, 1.31456e-07
78100, 0, 0, 0, 20.9463, 21.1041, 0, 0, 0.230129, -0.230712, 2.62568e-08, -0.000804096, 1.31456e-07
78110, 0, 0, 0, 20.9463, 21.1041, 0, 0, 0.232086, -0.231091, 2.62568e-08, 0.00137481, 1.31456e-07
78120, 0, 0, 0, 20.9463, 21.1041, 0, 0, 0.230129, -0.230826, 2.62568e-08, -0.000961512, 1.31456e-07
78131, 0, 0, 0, 20.9463, 21.1041, 0, 0, 0.230129, -0.230634, 2.62568e-08, -0.000696316, 1.31456e-07
78140, 0, 0, 0, 20.9463, 21.1041, 0, 0, 0.232086, -0.231034, 2.62568e-08, 0.00145286, 1.31456e-07
78150, 0, 0, 0, 20.9463, 21.1041, 0, 0, 0.232086, -0.231325, 2.62568e-08, 0.00105216, 1.31456e-07
78160, 0, 0, 0, 20.9463, 21.1041, 0, 0, 0.230129, -0.230995, 2.62568e-08, -0.00119518, 1.31456e-07
78171, 0, 0, 0, 20.9463, 21.1041, 0, 0, 0.230129, -0.230756, 2.62568e-08, -0.000865534, 1.31456e-07
78181, 0, 0, 0, 20.9463, 21.1041, 0, 0, 0.230129, -0.230583, 2.62568e-08, -0.000626817, 1.31456e-07
78190, 0, 0, 0, 20.9463, 21.1041, 0, 0, 0.228207, -0.229928, 2.62568e-08, -0.00237672, 1.31456e-07
78200, 0, 0, 0, 20.9463, 21.1041, 0, 0, 0.230129, -0.229983, 2.62568e-08, 0.000201583, 1.31456e-07
78211, 0, 0, 0, 20.9463, 21.1041, 0, 0, 0.232086, -0.230563, 2.62568e-08, 0.00210312, 1.31456e-07
78221, 0, 0, 0, 20.9463, 21.1041, 0, 0, 0.232086, -0.230983, 2.62568e-08, 0.00152306, 1.31456e-07
78230, 0, 0, 0, 20.9463, 21.1041, 0, 0, 0.230129, -0.230748, 2.62568e-08, -0.000854149, 1.31456e-07
78240, 0, 0, 0, 20.9463, 21.1041, 0, 0, 0.230129, -0.230577, 2.62568e-08, -0.000618562, 1.31456e-07
78251, 0, 0, 0, 20.9463, 21.1041, 0, 0, 0.230129, -0.230454, 2.62568e-08, -0.000447959, 1.31456e-07
78261, 0, 0, 0, 20.9463, 21.1041, 0, 0, 0.232086, -0.230904, 2.62568e-08, 0.00163272, 1.31456e-07
78270, 0, 0, 0, 20.9463, 21.1041, 0, 0, 0.232086, -0.23123, 2.62568e-08, 0.00118239, 1.31456e-07
78280, 0, 0, 0, 20.9463, 21.1041, 0, 0, 0.230129, -0.230927, 2.62568e-08, -0.00110085, 1.31456e-07
78290, 0, 0, 0, 20.9463, 21.1041, 0, 0, 0.232086, -0.231246, 2.62568e-08, 0.00115991, 1.31456e-07
78301, 0, 0, 0, 20.9463, 21.1041, 0, 0, 0.230129, -0.230938, 2.62568e-08, -0.00111714, 1.31456e-07
78310, 0, 0, 0, 20.9463, 21.1041, 0, 0, 0.232086, -0.231255, 2.62568e-08, 0.0011481, 1.31456e-07
78320, 0, 0, 0, 20.9463, 21.1041, 0, 0, 0.232086, -0.231484, 2.62568e-08, 0.00083144, 1.31456e-07
78330, 0, 0, 0, 20.9463, 21.1041, 0, 0, 0.230129, -0.231111, 2.62568e-08, -0.00135501, 1.31456e-07
78341, 0, 0, 0, 20.9463, 21.1041, 0, 0, 0.232086, -0.23138, 2.62568e-08, 0.000975847, 1.31456e-07
78351, 0, 0, 0, 20.9463, 21.1041, 0, 0, 0.232086, -0.231575, 2.62568e-08, 0.000706702, 1.31456e-07
78360, 0, 0, 0, 20.9463, 21.1041, 0, 0, 0.230129, -0.231176, 2.62568e-08, -0.00144535, 1.31456e-07
78370, 0, 0, 0, 20.9463, 21.1041, 0, 0, 0.228207, -0.230357, 2.62568e-08, -0.0029695, 1.31456e-07
78381, 0, 0, 0, 20.9463, 21.1041, 0, 0, 0.230129, -0.230294, 2.62568e-08, -0.000227705, 1.31456e-07
78391, 0, 0, 0, 20.9463, 21.1041, 0, 0, 0.232086, -0.230789, 2.62568e-08, 0.00179224, 1.31456e-07
78400, 0, 0, 0, 20.9463, 21.1041, 0, 0, 0.232086, -0.231147, 2.62568e-08, 0.00129792, 1.31456e-07
78410, 0, 0, 0, 20.9463, 21.1041, 0, 0, 0.230129, -0.230866, 2.62568e-08, -0.0010172, 1.31456e-07
78420, 0, 0, 0, 20.9463, 21.1041, 0, 0, 0.232086, -0.231203, 2.62568e-08, 0.00122049, 1.31456e-07
78431, 0, 0, 0, 20.9463, 21.1041, 0, 0, 0.230129, -0.230907, 2.62568e-08, -0.00107326, 1.31456e-07
78440, 0, 0, 0, 20.9463, 21.1041, 0, 0, 0.232086, -0.231232, 2.62568e-08, 0.00117989, 1.31456e-07
78450, 0, 0, 0, 20.9463, 21.1041, 0, 0, 0.232086, -0.231468, 2.62568e-08, 0.000854462, 1.31456e-07
78460, 0, 0, 0, 20.9463, 21.1041, 0, 0, 0.230129, -0.231099, 2.62568e-08, -0.00133835, 1.31456e-07
78471, 0, 0, 0, 20.9463, 21.1041, 0, 0, 0.232086, -0.231371, 2.62568e-08, 0.000987917, 1.31456e-07
78480, 0, 0, 0, 20.9463, 21.1041, 0, 0, 0.230129, -0.231029, 2.62568e-08, -0.0012417, 1.31456e-07
78490, 0, 0, 0, 20.9463, 21.1041, 0, 0, 0.232086, -0.23132, 2.62568e-08, 0.00105791, 1.31456e-07
78500, 0, 0, 0, 20.9463, 21.1041, 0, 0, 0.232086, -0.231532, 2.62568e-08, 0.000766128, 1.31456e-07
78511, 0, 0, 0, 20.9463, 21.1041, 0, 0, 0.232086, -0.231685, 2.62568e-08, 0.00055483, 1.31456e-07
78521, 0, 0, 0, 20.9463, 21.1041, 0, 0, 0.228207, -0.230725, 2.62568e-08, -0.00347812, 1.31456e-07
78530, 0, 0, 0, 20.9463, 21.1041, 0, 0, 0.230129, -0.230561, 2.62568e-08, -0.000596032, 1.31456e-07
78540, 0, 0, 0, 20.9463, 21.1041, 0, 0, 0.232086, -0.230982, 2.62568e-08, 0.00152549, 1.31456e-07
78551, 0, 0, 0, 20.9463, 21.1041, 0, 0, 0.232086, -0.231286, 2.62568e-08, 0.00110474, 1.31456e-07
78561, 0, 0, 0, 20.9463, 21.1041, 0, 0, 0.230129, -0.230967, 2.62568e-08, -0.00115709, 1.31456e-07
78570, 0, 0, 0, 20.9463, 21.1041, 0, 0, 0.232086, -0.231276, 2.62568e-08, 0.00111918, 1.31456e-07
78580, 0, 0, 0, 20.9463, 21.1041, 0, 0, 0.230129, -0.23096, 2.62568e-08, -0.00114663, 1.31456e-07
78590, 0, 0, 0, 20.9463, 21.1041, 0, 0, 0.232086, -0.23127, 2.62568e-08, 0.00112675, 1.31456e-07
78601, 0, 0, 0, 20.9463, 21.1041, 0, 0, 0.232086, -0.231496, 2.62568e-08, 0.000815988, 1.31456e-07
78610, 0, 0, 0, 20.9463, 21.1041, 0, 0, 0.232086, -0.231659, 2.62568e-08, 0.000590935, 1.31456e-07
78620, 0, 0, 0, 20.9463, 21.1041, 0, 0, 0.232086, -0.231777, 2.62568e-08, 0.000427946, 1.31456e-07
78630, 0, 0, 0, 20.9463, 21.1041, 0, 0, 0.230129, -0.231322, 2.62568e-08, -0.00164722, 1.31456e-07
78641, 0, 0, 0, 20.9463, 21.1041, 0, 0, 0.232086, -0.231533, 2.62568e-08, 0.000764236, 1.31456e-07
78650, 0, 0, 0, 20.9463, 21.1041, 0, 0, 0.232086, -0.231686, 2.62568e-08, 0.000553459, 1.31456e-07
78660, 0, 0, 0, 20.9463, 21.1041, 0, 0, 0.230129, -0.231256, 2.62568e-08, -0.00155632, 1.31456e-07
78670, 0, 0, 0, 20.9463, 21.1041, 0, 0, 0.232086, -0.231485, 2.62568e-08, 0.000830054, 1.31456e-07
78681, 0, 0, 0, 20.9463, 21.1041, 0, 0, 0.232086, -0.231651, 2.62568e-08, 0.000601113, 1.31456e-07
78691, 0, 0, 0, 20.9463, 21.1041, 0, 0, 0.232086, -0.231771, 2.62568e-08, 0.000435323, 1.31456e-07
78700, 0, 0, 0, 20.9463, 21.1041, 0, 0, 0.228207, -0.230788, 2.62568e-08, -0.00356467, 1.31456e-07
78710, 0, 0, 0, 20.9463, 21.1041, 0, 0, 0.230129, -0.230606, 2.62568e-08, -0.000658706, 1.31456e-07
78721, 0, 0, 0, 20.9463, 21.1041, 0, 0, 0.232086, -0.231015, 2.62568e-08, 0.0014801, 1.31456e-07
78731, 0, 0, 0, 20.9463, 21.1041, 0, 0, 0.232086, -0.23131, 2.62568e-08, 0.00107187, 1.31456e-07
78740, 0, 0, 0, 20.9463, 21.1041, 0, 0, 0.230129, -0.230985, 2.62568e-08, -0.0011809, 1.31456e-07
78750, 0, 0, 0, 20.9463, 21.1041, 0, 0, 0.232086, -0.231288, 2.62568e-08, 0.00110194, 1.31456e-07
78760, 0, 0, 0, 20.9463, 21.1041, 0, 0, 0.232086, -0.231509, 2.62568e-08, 0.000798017, 1.31456e-07
78771, 0, 0, 0, 20.9463, 21.1041, 0, 0, 0.232086, -0.231668, 2.62568e-08, 0.000577912, 1.31456e-07
78780, 0, 0, 0, 20.9463, 21.1041, 0, 0, 0.230129, -0.231244, 2.62568e-08, -0.00153862, 1.31456e-07
78790, 0, 0, 0, 20.9463, 21.1041, 0, 0, 0.230129, -0.230936, 2.62568e-08, -0.00111425, 1.31456e-07
78800, 0, 0, 0, 20.9463, 21.1041, 0, 0, 0.232086, -0.231254, 2.62568e-08, 0.00115021, 1.31456e-07
78811, 0, 0, 0, 20.9463, 21.1041, 0, 0, 0.230129, -0.230943, 2.62568e-08, -0.00112417, 1.31456e-07
78820, 0, 0, 0, 20.9463, 21.1041, 0, 0, 0.230129, -0.230719, 2.62568e-08, -0.00081411, 1.31456e-07
78830, 0, 0, 0, 20.9463, 21.1041, 0, 0, 0.232086, -0.231096, 2.62568e-08, 0.00136757, 1.31456e-07
78840, 0, 0, 0, 20.9463, 21.1041, 0, 0, 0.230129, -0.230829, 2.62568e-08, -0.000966758, 1.31456e-07
78851, 0, 0, 0, 20.9463, 21.1041, 0, 0, 0.232086, -0.231176, 2.62568e-08, 0.00125702, 1.31456e-07
78861, 0, 0, 0, 20.9463, 21.1041, 0, 0, 0.230129, -0.230887, 2.62568e-08, -0.00104682, 1.31456e-07
78870, 0, 0, 0, 20.9463, 21.1041, 0, 0, 0.232086, -0.231218, 2.62568e-08, 0.00119904, 1.31456e-07
78880, 0, 0, 0, 20.9463, 21.1041, 0, 0, 0.232086, -0.231458, 2.62568e-08, 0.000868335, 1.31456e-07
78891, 0, 0, 0, 20.9463, 21.1041, 0, 0, 0.232086, -0.231631, 2.62568e-08, 0.000628844, 1.31456e-07
78901, 0, 0, 0, 20.9463, 21.1041, 0, 0, 0.232086, -0.231757, 2.62568e-08, 0.000455409, 1.31456e-07
78910, 0, 0, 0, 20.9463, 21.1041, 0, 0, 0.232086, -0.231848, 2.62568e-08, 0.000329807, 1.31456e-07
78920, 0, 0, 0, 20.9463, 21.1041, 0, 0, 0.230129, -0.231374, 2.62568e-08, -0.0017183, 1.31456e-07
78930, 0, 0, 0, 20.9463, 21.1041, 0, 0, 0.230129, -0.23103, 2.62568e-08, -0.00124438, 1.31456e-07
78941, 0, 0, 0, 20.9463, 21.1041, 0, 0, 0.230129, -0.230782, 2.62568e-08, -0.000901163, 1.31456e-07
78950, 0, 0, 0, 20.9463, 21.1041, 0, 0, 0.232086, -0.231142, 2.62568e-08, 0.00130452, 1.31456e-07
78960, 0, 0, 0, 20.9463, 21.1041, 0, 0, 0.232086, -0.231402, 2.62568e-08, 0.000944719, 1.31456e-07
78970, 0, 0, 0, 20.9463, 21.1041, 0, 0, 0.232086, -0.231591, 2.62568e-08, 0.000684157, 1.31456e-07
78981, 0, 0, 0, 20.9463, 21.1041, 0, 0, 0.232086, -0.231728, 2.62568e-08, 0.000495464, 1.31456e-07
78991, 0, 0, 0, 20.9463, 21.1041, 0, 0, 0.230129, -0.231287, 2.62568e-08, -0.00159833, 1.31456e-07
79000, 0, 0, 0, 20.9463, 21.1041, 0, 0, 0.230129, -0.230968, 2.62568e-08, -0.00115749, 1.31456e-07
79010, 0, 0, 0, 20.9463, 21.1041, 0, 0, 0.232086, -0.231276, 2.62568e-08, 0.00111888, 1.31456e-07
79021, 0, 0, 0, 20.9463, 21.1041, 0, 0, 0.230129, -0.23096, 2.62568e-08, -0.00114685, 1.31456e-07
79031, 0, 0, 0, 20.9463, 21.1041, 0, 0, 0.228207, -0.2302, 2.62568e-08, -0.00275333, 1.31456e-07
79040, 0, 0, 0, 20.9463, 21.1041, 0, 0, 0.230129, -0.230181, 2.62568e-08, -7.1153e-05, 1.31456e-07
79050, 0, 0, 0, 20.9463, 21.1041, 0, 0, 0.232086, -0.230706, 2.62568e-08, 0.00190561, 1.31456e-07
79060, 0, 0, 0, 20.9463, 21.1041, 0, 0, 0.232086, -0.231087, 2.62568e-08, 0.00138003, 1.31456e-07
79071, 0, 0, 0, 20.9463, 21.1041, 0, 0, 0.230129, -0.230823, 2.62568e-08, -0.000957727, 1.31456e-07
79080, 0, 0, 0, 20.9463, 21.1041, 0, 0, 0.232086, -0.231171, 2.62568e-08, 0.00126356, 1.31456e-07
79090, 0, 0, 0, 20.9463, 21.1041, 0, 0, 0.230129, -0.230884, 2.62568e-08, -0.00104208, 1.31456e-07
79100, 0, 0, 0, 20.9463, 21.1041, 0, 0, 0.230129, -0.230676, 2.62568e-08, -0.000754669, 1.31456e-07
79111, 0, 0, 0, 20.9463, 21.1041, 0, 0, 0.232086, -0.231065, 2.62568e-08, 0.0014106, 1.31456e-07
79120, 0, 0, 0, 20.9463, 21.1041, 0, 0, 0.230129, -0.230807, 2.62568e-08, -0.000935584, 1.31456e-07
79130, 0, 0, 0, 20.9463, 21.1041, 0, 0, 0.232086, -0.23116, 2.62568e-08, 0.00127959, 1.31456e-07
79140, 0, 0, 0, 20.9463, 21.1041, 0, 0, 0.228207, -0.230345, 2.62568e-08, -0.00295325, 1.31456e-07
79151, 0, 0, 0, 20.9463, 21.1041, 0, 0, 0.232086, -0.230825, 2.62568e-08, 0.00174122, 1.31456e-07
79161, 0, 0, 0, 20.9463, 21.1041, 0, 0, 0.232086, -0.231173, 2.62568e-08, 0.00126097, 1.31456e-07
79170, 0, 0, 0, 20.9463, 21.1041, 0, 0, 0.230129, -0.230885, 2.62568e-08, -0.00104396, 1.31456e-07
79180, 0, 0, 0, 20.9463, 21.1041, 0, 0, 0.232086, -0.231217, 2.62568e-08, 0.00120111, 1.31456e-07
79191, 0, 0, 0, 20.9463, 21.1041, 0, 0, 0.230129, -0.230917, 2.62568e-08, -0.00108731, 1.31456e-07
79201, 0, 0, 0, 20.9463, 21.1041, 0, 0, 0.230129, -0.2307, 2.62568e-08, -0.000787422, 1.31456e-07
79210, 0, 0, 0, 20.9463, 21.1041, 0, 0, 0.234079, -0.231632, 2.62568e-08, 0.00337929, 1.31456e-07
79220, 0, 0, 0, 20.9463, 21.1041, 0, 0, 0.230129, -0.231217, 2.62568e-08, -0.00150228, 1.31456e-07
79230, 0, 0, 0, 20.9463, 21.1041, 0, 0, 0.232086, -0.231457, 2.62568e-08, 0.0008692, 1.31456e-07
79241, 0, 0, 0, 20.9463, 21.1041, 0, 0, 0.232086, -0.231631, 2.62568e-08, 0.00062947, 1.31456e-07
79251, 0.10868, 0.121236, 8.12165, 20.9463, 21.1041, 0, 0, 0.230129, -0.231217, 2.62568e-08, -0.00150128, 1.31456e-07
79260, 0.323803, 0.361213, 7.95449, 20.9463, 21.1041, 0, 0, 0.232086, -0.229545, 2.62568e-08, 0.00350946, 1.31456e-07
79270, 0.534399, 0.59614, 7.78339, 20.9463, 21.1041, 0, 0, 0.230129, -0.227834, 2.62568e-08, 0.0031696, 1.31456e-07
79281, 0.741824, 0.827529, 7.71749, 20.9463, 21.1041, 0, 0, 0.232086, -0.227175, 2.62568e-08, 0.00678213, 1.31456e-07
79291, 0.941673, 1.05047, 7.5643, 20.9498, 21.1076, 0.347118, 0.347118, 0.228207, -0.225643, 2.62568e-08, 0.00353982, 1.31456e-07
79300, 1.13405, 1.26507, 7.51001, 20.9533, 21.1111, 0.350624, 0.350624, 0.230129, -0.2251, 2.62568e-08, 0.00694467, 1.31456e-07
79310, 1.32118, 1.47905, 7.52594, 20.9603, 21.1146, 0.701248, 0.350624, 0.232086, -0.225259, 2.62568e-08, 0.00942715, 1.31456e-07
79321, 1.50326, 1.68745, 7.48313, 20.9673, 21.1216, 0.701248, 0.697742, 0.230129, -0.224831, 2.62568e-08, 0.00731584, 1.31456e-07
79331, 1.67971, 1.88435, 7.45313, 20.9778, 21.1321, 1.04837, 1.04837, 0.230129, -0.224531, 2.62568e-08, 0.00773008, 1.31456e-07
79341, 1.85152, 2.07077, 7.48609, 20.9884, 21.1461, 1.05187, 1.4025, 0.232086, -0.224861, 2.62568e-08, 0.00997746, 1.31456e-07
79350, 2.01397, 2.24675, 7.4552, 21.0059, 21.1637, 1.74961, 1.74961, 0.230129, -0.224552, 2.62568e-08, 0.00770141, 1.31456e-07
79361, 2.16236, 2.41229, 7.48754, 21.0269, 21.1847, 2.10374, 2.10374, 0.232086, -0.224875, 2.62568e-08, 0.00995736, 1.31456e-07
79371, 2.30211, 2.56818, 7.5102, 21.0515, 21.2093, 2.45086, 2.45086, 0.232086, -0.225102, 2.62568e-08, 0.00964446, 1.31456e-07
79381, 2.43226, 2.71342, 7.4721, 21.0795, 21.2338, 2.80499, 2.80149, 0.230129, -0.224721, 2.62568e-08, 0.0074681, 1.31456e-07
79390, 2.55284, 2.85317, 7.49938, 21.1111, 21.2654, 3.15562, 2.8085, 0.232086, -0.224994, 2.62568e-08, 0.00979389, 1.31456e-07
79400, 2.66117, 2.9793, 7.25783, 21.1461, 21.2969, 3.50624, 3.49923, 0.222635, -0.222578, 2.62568e-08, 7.8842e-05, 1.31456e-07
79411, 2.75557, 3.08984, 7.13892, 21.1847, 21.3355, 3.83583, 3.49222, 0.22446, -0.221389, 2.62568e-08, 0.00424093, 1.31456e-07
79421, 2.84105, 3.19032, 6.95578, 21.2233, 21.3741, 3.87089, 3.87089, 0.220841, -0.219558, 2.62568e-08, 0.00177224, 1.31456e-07
79430, 2.91279, 3.27554, 6.82747, 21.2654, 21.4161, 4.5511, 4.20398, 0.220841, -0.218275, 2.62568e-08, 0.00354406, 1.31456e-07
79440, 2.97172, 3.35174, 6.68891, 21.3144, 21.4582, 4.56162, 4.20749, 0.219077, -0.216889, 2.62568e-08, 0.00302155, 1.31456e-07
79451, 3.02407, 3.4206, 6.68997, 21.3635, 21.5038, 4.90523, 4.55811, 0.222635, -0.2169, 2.62568e-08, 0.00792013, 1.31456e-07
79461, 3.07247, 3.47978, 6.74104, 21.4126, 21.5529, 4.90874, 4.90874, 0.22446, -0.21741, 2.62568e-08, 0.00973496, 1.31456e-07
79471, 3.11476, 3.52696, 6.58052, 21.4652, 21.6055, 5.25235, 5.25235, 0.217343, -0.215805, 2.62568e-08, 0.00212316, 1.31456e-07
79480, 3.14803, 3.56412, 6.421, 21.5178, 21.6581, 5.26287, 5.25936, 0.215637, -0.21421, 2.62568e-08, 0.00197037, 1.31456e-07
79491, 3.17351, 3.5926, 6.35628, 21.5739, 21.7106, 5.60999, 5.60999, 0.217343, -0.213563, 2.62568e-08, 0.00521962, 1.31456e-07
79501, 3.18988, 3.61097, 6.08321, 21.63, 21.7667, 5.60648, 5.59947, 0.209086, -0.210832, 2.62568e-08, -0.00241068, 1.31456e-07
79511, 3.19553, 3.62779, 5.89188, 21.6896, 21.8228, 5.94659, 5.24884, 0.209086, -0.208919, 2.62568e-08, 0.000231251, 1.31456e-07
79520, 3.19189, 3.63923, 5.75783, 21.7492, 21.8789, 5.97464, 5.63453, 0.209086, -0.207578, 2.62568e-08, 0.00208233, 1.31456e-07
79531, 3.18749, 3.63955, 5.49444, 21.8053, 21.935, 5.60648, 5.59596, 0.202942, -0.204944, 2.62568e-08, -0.00276506, 1.31456e-07
79541, 3.17798, 3.62894, 5.35126, 21.8649, 21.9947, 5.95009, 5.96061, 0.204442, -0.203513, 2.62568e-08, 0.00128335, 1.31456e-07
79551, 3.15518, 3.60863, 5.20958, 21.928, 22.0508, 6.31474, 5.96061, 0.202942, -0.202096, 2.62568e-08, 0.00116846, 1.31456e-07
79560, 3.12906, 3.58473, 5.1103, 21.9876, 22.1139, 5.9571, 5.96061, 0.202942, -0.201103, 2.62568e-08, 0.00253931, 1.31456e-07
79570, 3.10376, 3.55645, 4.92038, 22.0472, 22.1735, 5.96412, 5.96412, 0.198578, -0.199204, 2.62568e-08, -0.000864089, 1.31456e-07
79581, 3.06902, 3.52294, 4.7484, 22.1069, 22.2331, 6.30072, 5.95009, 0.197167, -0.197484, 2.62568e-08, -0.000437528, 1.31456e-07
79591, 3.03042, 3.47992, 4.62791, 22.1665, 22.2927, 5.96061, 6.30773, 0.197167, -0.196279, 2.62568e-08, 0.00122637, 1.31456e-07
79600, 2.99573, 3.43076, 4.35737, 22.2261, 22.3558, 5.617, 5.97113, 0.19042, -0.193574, 2.62568e-08, -0.00435549, 1.31456e-07
79610, 2.95726, 3.37209, 3.99473, 22.2822, 22.4189, 5.60999, 6.31124, 0.184144, -0.189947, 2.62568e-08, -0.00801387, 1.31456e-07
79621, 2.91072, 3.30458, 3.74064, 22.3383, 22.4785, 5.60297, 5.94659, 0.184144, -0.187406, 2.62568e-08, -0.00450529, 1.31456e-07
79631, 2.85381, 3.23591, 3.56261, 22.3979, 22.5381, 5.9536, 5.9571, 0.184144, -0.185626, 2.62568e-08, -0.00204697, 1.31456e-07
79641, 2.79784, 3.15761, 3.47152, 22.4505, 22.5977, 5.26287, 6.32175, 0.185364, -0.184715, 2.62568e-08, 0.000895262, 1.31456e-07
79650, 2.74742, 3.0751, 3.27588, 22.5031, 22.6608, 5.25235, 5.9536, 0.180585, -0.182759, 2.62568e-08, -0.00300241, 1.31456e-07
79661, 2.68543, 2.99025, 2.95411, 22.5557, 22.7169, 5.60999, 5.96061, 0.173888, -0.179541, 2.62568e-08, -0.00780649, 1.31456e-07
79671, 2.61678, 2.90325, 2.78858, 22.6118, 22.7765, 5.26287, 5.60999, 0.17606, -0.177886, 2.62568e-08, -0.00252055, 1.31456e-07
79681, 2.55217, 2.81049, 2.5543, 22.6608, 22.8326, 4.90874, 5.94659, 0.171771, -0.175543, 2.62568e-08, -0.00520813, 1.31456e-07
79690, 2.4828, 2.71222, 2.41915, 22.7134, 22.8887, 5.24884, 5.60999, 0.172823, -0.174192, 2.62568e-08, -0.00189029, 1.31456e-07
79700, 2.40846, 2.61862, 2.18316, 22.7625, 22.9448, 4.90874, 5.26287, 0.167699, -0.171832, 2.62568e-08, -0.00570585, 1.31456e-07
79711, 2.33344, 2.52442, 2.01781, 22.8116, 22.9939, 4.89822, 5.24884, 0.167699, -0.170178, 2.62568e-08, -0.0034226, 1.31456e-07
79721, 2.25931, 2.43125, 1.90195, 22.8572, 23.043, 4.56162, 4.91224, 0.167699, -0.16902, 2.62568e-08, -0.00182283, 1.31456e-07
79730, 2.18556, 2.3437, 1.71402, 22.9028, 23.0921, 4.56513, 4.56863, 0.163829, -0.16714, 2.62568e-08, -0.00457278, 1.31456e-07
79740, 2.10773, 2.25683, 1.58234, 22.9484, 23.1377, 4.5476, 4.5476, 0.163829, -0.165823, 2.62568e-08, -0.00275451, 1.31456e-07
79751, 2.03033, 2.17048, 1.38846, 22.9904, 23.1798, 4.20749, 4.20749, 0.160144, -0.163885, 2.62568e-08, -0.0051648, 1.31456e-07
79761, 1.95307, 2.07911, 1.25262, 23.0325, 23.2253, 4.20749, 4.55461, 0.160144, -0.162526, 2.62568e-08, -0.00328904, 1.31456e-07
79770, 1.8774, 1.98429, 1.15745, 23.0711, 23.2639, 3.85687, 4.20749, 0.160144, -0.161574, 2.62568e-08, -0.00197479, 1.31456e-07
79780, 1.80307, 1.89613, 0.993928, 23.1096, 23.306, 3.84985, 3.84985, 0.156633, -0.159939, 2.62568e-08, -0.00456487, 1.31456e-07
79791, 1.72501, 1.81428, 0.879356, 23.1482, 23.3411, 3.85687, 3.50624, 0.156633, -0.158794, 2.62568e-08, -0.00298281, 1.31456e-07
79801, 1.6527, 1.72838, 0.729394, 23.1798, 23.3761, 3.15562, 3.85687, 0.154107, -0.157294, 2.62568e-08, -0.00440095, 1.31456e-07
79811, 1.58136, 1.64352, 0.601628, 23.2148, 23.4112, 3.50624, 3.15912, 0.153284, -0.156016, 2.62568e-08, -0.00377293, 1.31456e-07
79820, 1.50717, 1.56594, 0.512108, 23.2464, 23.4427, 3.15211, 3.15211, 0.153284, -0.155121, 2.62568e-08, -0.00253679, 1.31456e-07
79831, 1.43914, 1.49005, 0.361156, 23.2744, 23.4708, 2.80499, 2.80499, 0.150085, -0.153612, 2.62568e-08, -0.00486962, 1.31456e-07
79841, 1.37236, 1.41556, 0.255391, 23.3025, 23.4988, 2.80149, 2.80149, 0.150085, -0.152554, 2.62568e-08, -0.00340916, 1.31456e-07
79851, 1.30323, 1.34373, 0.181286, 23.3305, 23.5234, 2.80149, 2.44736, 0.150085, -0.151813, 2.62568e-08, -0.00238588, 1.31456e-07
79860, 1.23593, 1.27388, 0.0450119, 23.3551, 23.5479, 2.45437, 2.45788, 0.147027, -0.15045, 2.62568e-08, -0.00472724, 1.31456e-07
79870, 1.17518, 1.20084, -0.0297308, 23.3761, 23.5725, 2.10024, 2.45086, 0.147779, -0.149703, 2.62568e-08, -0.00265688, 1.31456e-07
79881, 1.11715, 1.13087, -0.102839, 23.3972, 23.5935, 2.10374, 2.10374, 0.147027, -0.148972, 2.62568e-08, -0.00268565, 1.31456e-07
79891, 1.06572, 1.06307, -0.234784, 23.4112, 23.6145, 1.4025, 2.10024, 0.1441, -0.147652, 2.62568e-08, -0.00490512, 1.31456e-07
79900, 1.01624, 0.997458, -0.307378, 23.4287, 23.6321, 1.75312, 1.75312, 0.14482, -0.146926, 2.62568e-08, -0.00290872, 1.31456e-07
79910, 0.960145, 0.934886, -0.378096, 23.4462, 23.6496, 1.75312, 1.75312, 0.1441, -0.146219, 2.62568e-08, -0.0029262, 1.31456e-07
79921, 0.907136, 0.870519, -0.427645, 23.4603, 23.6671, 1.4025, 1.75312, 0.1441, -0.145724, 2.62568e-08, -0.002242, 1.31456e-07
79931, 0.857738, 0.804947, -0.462362, 23.4743, 23.6847, 1.39899, 1.74961, 0.1441, -0.145376, 2.62568e-08, -0.00176261, 1.31456e-07
79940, 0.811207, 0.742572, -0.56401, 23.4848, 23.6987, 1.05187, 1.4025, 0.141296, -0.14436, 2.62568e-08, -0.00423028, 1.31456e-07
79950, 0.762065, 0.682518, -0.654057, 23.4988, 23.7127, 1.4025, 1.4025, 0.140614, -0.143459, 2.62568e-08, -0.00392938, 1.31456e-07
79961, 0.711172, 0.625693, -0.698322, 23.5094, 23.7232, 1.04837, 1.05187, 0.141296, -0.143017, 2.62568e-08, -0.00237563, 1.31456e-07
79971, 0.664265, 0.573314, -0.710313, 23.5199, 23.7338, 1.04837, 1.04837, 0.141986, -0.142897, 2.62568e-08, -0.00125761, 1.31456e-07
79981, 0.621729, 0.520631, -0.718714, 23.5269, 23.7443, 0.701248, 1.05187, 0.141986, -0.142813, 2.62568e-08, -0.00114159, 1.31456e-07
79990, 0.583394, 0.472632, -0.743626, 23.5339, 23.7513, 0.701248, 0.701248, 0.141296, -0.142564, 2.62568e-08, -0.00175007, 1.31456e-07
80001, 0.544491, 0.429235, -0.76108, 23.5409, 23.7583, 0.701248, 0.701248, 0.141296, -0.142389, 2.62568e-08, -0.00150906, 1.31456e-07
80011, 0.504246, 0.389574, -0.847445, 23.5479, 23.7618, 0.697742, 0.347118, 0.138608, -0.141526, 2.62568e-08, -0.00402813, 1.31456e-07
80021, 0.462035, 0.347773, -0.907958, 23.5549, 23.7688, 0.701248, 0.697742, 0.138608, -0.14092, 2.62568e-08, -0.00319254, 1.31456e-07
80030, 0.423337, 0.304656, -0.932109, 23.5584, 23.7723, 0.350624, 0.350624, 0.13927, -0.140679, 2.62568e-08, -0.00194556, 1.31456e-07
80040, 0.388536, 0.265835, -0.967276, 23.5619, 23.7758, 0.350624, 0.350624, 0.138608, -0.140327, 2.62568e-08, -0.00237343, 1.31456e-07
80051, 0.353227, 0.231628, -0.97367, 23.5655, 23.7758, 0.347118, 0, 0.13927, -0.140263, 2.62568e-08, -0.00137165, 1.31456e-07
80061, 0.322219, 0.20222, -0.996397, 23.5655, 23.7758, 0, 0, 0.138608, -0.140036, 2.62568e-08, -0.00197132, 1.31456e-07
80070, 0.290695, 0.172235, -1.01232, 23.569, 23.7758, 0.347118, 0, 0.138608, -0.139877, 2.62568e-08, -0.00175144, 1.31456e-07
80080, 0.259052, 0.142118, -1.00523, 23.569, 23.7758, 0, 0, 0.13927, -0.139948, 2.62568e-08, -0.000935838, 1.31456e-07
80091, 0.231971, 0.111908, -1.01851, 23.569, 23.7758, 0, 0, 0.138608, -0.139815, 2.62568e-08, -0.00166595, 1.31456e-07
80101, 0.204588, 0.0813615, -1.02782, 23.569, 23.7758, 0, 0, 0.138608, -0.139722, 2.62568e-08, -0.00153747, 1.31456e-07
80110, 0.176994, 0.0505788, -1.03433, 23.569, 23.7758, 0, 0, 0.138608, -0.139657, 2.62568e-08, -0.00144745, 1.31456e-07
80120, 0.153942, 0.0196305, -1.0389, 23.5655, 23.7758, -0.350624, 0, 0.138608, -0.139611, 2.62568e-08, -0.00138439, 1.31456e-07
80131, 0.130546, -0.0117032, -1.06016, 23.5655, 23.7758, 0, 0, 0.137954, -0.139398, 2.62568e-08, -0.00199497, 1.31456e-07
80141, 0.102215, -0.0381254, -1.057, 23.5655, 23.7723, 0, -0.347118, 0.138608, -0.13943, 2.62568e-08, -0.00113453, 1.31456e-07
80150, 0.0742005, -0.064195, -1.03653, 23.5655, 23.7723, 0, 0, 0.13927, -0.139635, 2.62568e-08, -0.0005036, 1.31456e-07
80160, 0.0466516, -0.0949267, -1.0222, 23.5655, 23.7723, 0, 0, 0.13927, -0.139778, 2.62568e-08, -0.000701576, 1.31456e-07
80171, 0.0191848, -0.125567, -1.0304, 23.5655, 23.7723, 0, 0, 0.138608, -0.139696, 2.62568e-08, -0.00150183, 1.31456e-07
80181, -0.00846861, -0.156415, -1.03614, 23.5655, 23.7723, 0, 0, 0.138608, -0.139639, 2.62568e-08, -0.00142248, 1.31456e-07
80191, -0.0362528, -0.187409, -1.04017, 23.5655, 23.7723, 0, 0, 0.138608, -0.139598, 2.62568e-08, -0.0013669, 1.31456e-07
80200, -0.0638844, -0.218233, -1.02474, 23.5655, 23.7723, 0, 0, 0.13927, -0.139753, 2.62568e-08, -0.00066641, 1.31456e-07
80210, -0.0914091, -0.248938, -1.03218, 23.5655, 23.7723, 0, 0, 0.138608, -0.139678, 2.62568e-08, -0.00147718, 1.31456e-07
80221, -0.119103, -0.279832, -1.03739, 23.5655, 23.7723, 0, 0, 0.138608, -0.139626, 2.62568e-08, -0.00140521, 1.31456e-07
80231, -0.146672, -0.310585, -1.0228, 23.5655, 23.7723, 0, 0, 0.13927, -0.139772, 2.62568e-08, -0.000693262, 1.31456e-07
80240, -0.174152, -0.34124, -1.03082, 23.5655, 23.7723, 0, 0, 0.138608, -0.139692, 2.62568e-08, -0.001496, 1.31456e-07
80250, -0.201815, -0.372099, -1.03644, 23.5655, 23.7723, 0, 0, 0.138608, -0.139636, 2.62568e-08, -0.00141841, 1.31456e-07
80261, -0.229606, -0.397867, -1.04038, 23.5655, 23.7688, 0, -0.350624, 0.138608, -0.139596, 2.62568e-08, -0.00136404, 1.31456e-07
80271, -0.257486, -0.423735, -1.04313, 23.5655, 23.7688, 0, 0, 0.138608, -0.139569, 2.62568e-08, -0.00132595, 1.31456e-07
80280, -0.285671, -0.449942, -1.06313, 23.5655, 23.7653, 0, -0.350624, 0.137954, -0.139369, 2.62568e-08, -0.00195402, 1.31456e-07
80290, -0.31407, -0.471153, -1.05907, 23.5655, 23.7618, 0, -0.350624, 0.138608, -0.139409, 2.62568e-08, -0.00110583, 1.31456e-07
80301, -0.337684, -0.497496, -1.05624, 23.5619, 23.7618, -0.350624, 0, 0.138608, -0.139438, 2.62568e-08, -0.00114504, 1.31456e-07
80311, -0.360989, -0.523494, -1.036, 23.5619, 23.7583, 0, -0.350624, 0.13927, -0.13964, 2.62568e-08, -0.000510961, 1.31456e-07
80321, -0.384078, -0.544069, -1.04007, 23.5584, 23.7548, -0.350624, -0.347118, 0.138608, -0.139599, 2.62568e-08, -0.00136827, 1.31456e-07
80330, -0.407016, -0.564474, -1.02467, 23.5584, 23.7513, 0, -0.350624, 0.13927, -0.139753, 2.62568e-08, -0.000667363, 1.31456e-07
80340, -0.429894, -0.584762, -1.03213, 23.5549, 23.7478, -0.347118, -0.347118, 0.138608, -0.139679, 2.62568e-08, -0.00147787, 1.31456e-07
80351, -0.44825, -0.605239, -1.03736, 23.5514, 23.7443, -0.350624, -0.350624, 0.138608, -0.139626, 2.62568e-08, -0.0014057, 1.31456e-07
80361, -0.466678, -0.620562, -1.04102, 23.5479, 23.7373, -0.350624, -0.701248, 0.138608, -0.13959, 2.62568e-08, -0.00135513, 1.31456e-07
80370, -0.485236, -0.635978, -1.04359, 23.5444, 23.7338, -0.347118, -0.350624, 0.138608, -0.139564, 2.62568e-08, -0.00131971, 1.31456e-07
80380, -0.503609, -0.651187, -1.02714, 23.5409, 23.7267, -0.350624, -0.701248, 0.13927, -0.139729, 2.62568e-08, -0.000633344, 1.31456e-07
80391, -0.522332, -0.661605, -1.06979, 23.5374, 23.7197, -0.347118, -0.697742, 0.137306, -0.139302, 2.62568e-08, -0.00275685, 1.31456e-07
80401, -0.535861, -0.676698, -0.989608, 23.5304, 23.7162, -0.701248, -0.350624, 0.141296, -0.140104, 2.62568e-08, 0.00164661, 1.31456e-07
80410, -0.547264, -0.689418, -0.914404, 23.5269, 23.7092, -0.350624, -0.701248, 0.141986, -0.140856, 2.62568e-08, 0.00156058, 1.31456e-07
80420, -0.55721, -0.695279, -0.880736, 23.5199, 23.7022, -0.701248, -0.701248, 0.141296, -0.141193, 2.62568e-08, 0.00014323, 1.31456e-07
80431, -0.566136, -0.700002, -0.838122, 23.5164, 23.6952, -0.350624, -0.701248, 0.141986, -0.141619, 2.62568e-08, 0.00050725, 1.31456e-07
80441, -0.574393, -0.703979, -0.827289, 23.5094, 23.6882, -0.697742, -0.697742, 0.141296, -0.141727, 2.62568e-08, -0.00059481, 1.31456e-07
80451, -0.577711, -0.707681, -0.819698, 23.5023, 23.6812, -0.701248, -0.701248, 0.141296, -0.141803, 2.62568e-08, -0.00069961, 1.31456e-07
80460, -0.580602, -0.710906, -0.795355, 23.4953, 23.6741, -0.697742, -0.697742, 0.141986, -0.142046, 2.62568e-08, -8.32975e-05, 1.31456e-07
80471, -0.583241, -0.708616, -0.797324, 23.4883, 23.6636, -0.697742, -1.04837, 0.141296, -0.142027, 2.62568e-08, -0.00100857, 1.31456e-07
80481, -0.59057, -0.706323, -0.798702, 23.4848, 23.6566, -0.350624, -0.701248, 0.141296, -0.142013, 2.62568e-08, -0.000989527, 1.31456e-07
80491, -0.597628, -0.708963, -0.780645, 23.4778, 23.6496, -0.701248, -0.701248, 0.141986, -0.142194, 2.62568e-08, -0.00028643, 1.31456e-07
80500, -0.599838, -0.706194, -0.787017, 23.4708, 23.6391, -0.701248, -1.05187, 0.141296, -0.14213, 2.62568e-08, -0.00115089, 1.31456e-07
80510, -0.60224, -0.70364, -0.791481, 23.4638, 23.6321, -0.697742, -0.697742, 0.141296, -0.142085, 2.62568e-08, -0.00108925, 1.31456e-07
80521, -0.603709, -0.700045, -0.717284, 23.4568, 23.6216, -0.701248, -1.05187, 0.1441, -0.142827, 2.62568e-08, 0.00175749, 1.31456e-07
80531, -0.603443, -0.694513, -0.665298, 23.4497, 23.6145, -0.701248, -0.701248, 0.1441, -0.143347, 2.62568e-08, 0.00103964, 1.31456e-07
80540, -0.60204, -0.692896, -0.628874, 23.4427, 23.6075, -0.697742, -0.701248, 0.1441, -0.143711, 2.62568e-08, 0.00053668, 1.31456e-07
80550, -0.6045, -0.690355, -0.603352, 23.4392, 23.6005, -0.350624, -0.701248, 0.1441, -0.143966, 2.62568e-08, 0.000184268, 1.31456e-07
80561, -0.606067, -0.681635, -0.565618, 23.4322, 23.59, -0.701248, -1.05187, 0.14482, -0.144344, 2.62568e-08, 0.000657186, 1.31456e-07
80571, -0.607088, -0.672306, -0.559033, 23.4287, 23.583, -0.347118, -0.697742, 0.1441, -0.14441, 2.62568e-08, -0.000427723, 1.31456e-07
80580, -0.612651, -0.668043, -0.554419, 23.4252, 23.576, -0.350624, -0.701248, 0.1441, -0.144456, 2.62568e-08, -0.00049144, 1.31456e-07
80590, -0.613417, -0.663611, -0.551187, 23.4182, 23.569, -0.697742, -0.701248, 0.1441, -0.144488, 2.62568e-08, -0.000536084, 1.31456e-07
80601, -0.609417, -0.659098, -0.54892, 23.4112, 23.5619, -0.701248, -0.701248, 0.1441, -0.144511, 2.62568e-08, -0.000567362, 1.31456e-07
80611, -0.610321, -0.654872, -0.566974, 23.4077, 23.5549, -0.347118, -0.697742, 0.143388, -0.14433, 2.62568e-08, -0.00130142, 1.31456e-07
80621, -0.616065, -0.650811, -0.559983, 23.4042, 23.5479, -0.350624, -0.701248, 0.1441, -0.1444, 2.62568e-08, -0.00041461, 1.31456e-07
80630, -0.620569, -0.645368, -0.474361, 23.4007, 23.5409, -0.347118, -0.697742, 0.147027, -0.145256, 2.62568e-08, 0.00244454, 1.31456e-07
80641, -0.622847, -0.637441, -0.393631, 23.3972, 23.5339, -0.350624, -0.701248, 0.147779, -0.146064, 2.62568e-08, 0.00236805, 1.31456e-07
80651, -0.618874, -0.627775, -0.357805, 23.3901, 23.5269, -0.697742, -0.697742, 0.147027, -0.146422, 2.62568e-08, 0.000835076, 1.31456e-07
80661, -0.609393, -0.617199, -0.332704, 23.3831, 23.5199, -0.701248, -0.701248, 0.147027, -0.146673, 2.62568e-08, 0.00048846, 1.31456e-07
80670, -0.599294, -0.605933, -0.315118, 23.3761, 23.5129, -0.701248, -0.701248, 0.147027, -0.146849, 2.62568e-08, 0.000245616, 1.31456e-07
80680, -0.593534, -0.594274, -0.302795, 23.3726, 23.5058, -0.347118, -0.697742, 0.147027, -0.146972, 2.62568e-08, 7.54595e-05, 1.31456e-07
80691, -0.592186, -0.582302, -0.294161, 23.3691, 23.4988, -0.350624, -0.701248, 0.147027, -0.147058, 2.62568e-08, -4.37647e-05, 1.31456e-07
80701, -0.585902, -0.57011, -0.288111, 23.3621, 23.4918, -0.701248, -0.697742, 0.147027, -0.147119, 2.62568e-08, -0.000127301, 1.31456e-07
80710, -0.574511, -0.557455, -0.263134, 23.3551, 23.4848, -0.701248, -0.701248, 0.147779, -0.147369, 2.62568e-08, 0.00056608, 1.31456e-07
80720, -0.563375, -0.545033, -0.307173, 23.3481, 23.4778, -0.701248, -0.701248, 0.145547, -0.146928, 2.62568e-08, -0.00190678, 1.31456e-07
80731, -0.552742, -0.533171, -0.297228, 23.3411, 23.4708, -0.697742, -0.697742, 0.147027, -0.147028, 2.62568e-08, -1.41561e-06, 1.31456e-07
80741, -0.54193, -0.52111, -0.29026, 23.334, 23.4638, -0.697742, -0.697742, 0.147027, -0.147097, 2.62568e-08, -9.76324e-05, 1.31456e-07
80750, -0.535604, -0.50882, -0.285378, 23.3305, 23.4568, -0.350624, -0.701248, 0.147027, -0.147146, 2.62568e-08, -0.000165045, 1.31456e-07
80760, -0.529167, -0.496405, -0.281958, 23.3235, 23.4497, -0.697742, -0.697742, 0.147027, -0.14718, 2.62568e-08, -0.000212267, 1.31456e-07
80771, -0.517683, -0.488828, -0.258823, 23.3165, 23.4462, -0.701248, -0.350624, 0.147779, -0.147412, 2.62568e-08, 0.00050655, 1.31456e-07
80781, -0.504821, -0.479714, -0.179, 23.3095, 23.4392, -0.697742, -0.697742, 0.150085, -0.14821, 2.62568e-08, 0.00258914, 1.31456e-07
80791, -0.490142, -0.468574, -0.123072, 23.306, 23.4357, -0.701248, -0.350624, 0.150085, -0.148769, 2.62568e-08, 0.00181685, 1.31456e-07
80800, -0.478836, -0.455961, -0.0838861, 23.299, 23.4287, -0.350624, -0.701248, 0.150085, -0.149161, 2.62568e-08, 0.00127575, 1.31456e-07
80811, -0.466685, -0.442406, -0.0564292, 23.292, 23.4252, -0.697742, -0.347118, 0.150085, -0.149436, 2.62568e-08, 0.000896618, 1.31456e-07
80821, -0.453666, -0.427883, -0.0155076, 23.2885, 23.4182, -0.347118, -0.697742, 0.150871, -0.149845, 2.62568e-08, 0.00141716, 1.31456e-07
80831, -0.439959, -0.412592, -0.00852048, 23.2814, 23.4147, -0.701248, -0.350624, 0.150085, -0.149915, 2.62568e-08, 0.000235066, 1.31456e-07
80840, -0.426046, -0.402306, -0.00362396, 23.2779, 23.4112, -0.350624, -0.350624, 0.150085, -0.149964, 2.62568e-08, 0.000167459, 1.31456e-07
80850, -0.416713, -0.391947, -0.000193715, 23.2744, 23.4077, -0.350624, -0.347118, 0.150085, -0.149998, 2.62568e-08, 0.000120088, 1.31456e-07
80861, -0.407349, -0.381554, 0.00220984, 23.2709, 23.4042, -0.347118, -0.347118, 0.150085, -0.150022, 2.62568e-08, 8.69036e-05, 1.31456e-07
80871, -0.397641, -0.370724, 0.0255778, 23.2674, 23.4007, -0.350624, -0.350624, 0.150871, -0.150256, 2.62568e-08, 0.000849828, 1.31456e-07
80880, -0.387643, -0.359571, 0.0202656, 23.2639, 23.3972, -0.350624, -0.350624, 0.150085, -0.150203, 2.62568e-08, -0.000162438, 1.31456e-07
80890, -0.377767, -0.353788, 0.0165448, 23.2604, 23.3972, -0.350624, 0, 0.150085, -0.150165, 2.62568e-08, -0.000111043, 1.31456e-07
80901, -0.368593, -0.348788, -0.0287071, 23.2569, 23.3936, -0.347118, -0.347118, 0.148539, -0.149713, 2.62568e-08, -0.00162119, 1.31456e-07
80911, -0.36457, -0.3443, -0.0177681, 23.2569, 23.3936, 0, 0, 0.150085, -0.149822, 2.62568e-08, 0.000362769, 1.31456e-07
80921, -0.360251, -0.339534, -0.010103, 23.2534, 23.3901, -0.350624, -0.347118, 0.150085, -0.149899, 2.62568e-08, 0.000256926, 1.31456e-07
80930, -0.355758, -0.334574, -0.0047341, 23.2534, 23.3901, 0, 0, 0.150085, -0.149953, 2.62568e-08, 0.000182778, 1.31456e-07
80941, -0.351429, -0.329798, -0.0224128, 23.2499, 23.3866, -0.350624, -0.347118, 0.149308, -0.149776, 2.62568e-08, -0.000646561, 1.31456e-07
80951, -0.347216, -0.319916, -0.0133589, 23.2499, 23.3831, 0, -0.350624, 0.150085, -0.149866, 2.62568e-08, 0.000301868, 1.31456e-07
80961, -0.342797, -0.314987, -0.00701547, 23.2464, 23.3831, -0.350624, 0, 0.150085, -0.14993, 2.62568e-08, 0.000214279, 1.31456e-07
80970, -0.33852, -0.31545, -0.0240117, 23.2464, 23.3831, 0, 0, 0.149308, -0.14976, 2.62568e-08, -0.000624493, 1.31456e-07
80980, -0.339035, -0.316024, -0.014478, 23.2464, 23.3831, 0, 0, 0.150085, -0.149855, 2.62568e-08, 0.000317335, 1.31456e-07
80991, -0.334688, -0.311175, -0.00779927, 23.2429, 23.3796, -0.347118, -0.347118, 0.150085, -0.149922, 2.62568e-08, 0.000225097, 1.31456e-07
81001, -0.330189, -0.306157, -0.0031203, 23.2429, 23.3796, 0, 0, 0.150085, -0.149969, 2.62568e-08, 0.000160486, 1.31456e-07
81010, -0.330229, -0.306201, 0.000159442, 23.2429, 23.3796, 0, 0, 0.150085, -0.150002, 2.62568e-08, 0.000115216, 1.31456e-07
81020, -0.325502, -0.306162, 0.0024572, 23.2394, 23.3796, -0.350624, 0, 0.150085, -0.150025, 2.62568e-08, 8.34763e-05, 1.31456e-07
81031, -0.320723, -0.306064, 0.00406653, 23.2394, 23.3796, 0, 0, 0.150085, -0.150041, 2.62568e-08, 6.12587e-05, 1.31456e-07
81041, -0.320599, -0.300692, 0.00519454, 23.2394, 23.3761, 0, -0.350624, 0.150085, -0.150052, 2.62568e-08, 4.5687e-05, 1.31456e-07
81050, -0.315757, -0.295291, 0.00598431, 23.2359, 23.3761, -0.350624, 0, 0.150085, -0.15006, 2.62568e-08, 3.47644e-05, 1.31456e-07
81060, -0.310898, -0.295105, 0.00653714, 23.2359, 23.3761, 0, 0, 0.150085, -0.150065, 2.62568e-08, 2.7135e-05, 1.31456e-07
81071, -0.310428, -0.29458, 0.0286087, 23.2359, 23.3761, 0, 0, 0.150871, -0.150286, 2.62568e-08, 0.000807971, 1.31456e-07
81081, -0.309745, -0.293819, 0.0223905, 23.2359, 23.3761, 0, 0, 0.150085, -0.150224, 2.62568e-08, -0.000191763, 1.31456e-07
81090, -0.309204, -0.293215, 0.0180334, 23.2359, 23.3761, 0, 0, 0.150085, -0.15018, 2.62568e-08, -0.000131607, 1.31456e-07
81100, -0.308762, -0.292722, 0.0149801, 23.2359, 23.3761, 0, 0, 0.150085, -0.15015, 2.62568e-08, -8.94517e-05, 1.31456e-07
81111, -0.30839, -0.292307, 0.0128403, 23.2359, 23.3761, 0, 0, 0.150085, -0.150128, 2.62568e-08, -5.99027e-05, 1.31456e-07
81121, -0.308354, -0.287085, -0.0101, 23.2359, 23.3726, 0, -0.347118, 0.149308, -0.149899, 2.62568e-08, -0.000816599, 1.31456e-07
81131, -0.308552, -0.282124, -0.00473112, 23.2359, 23.3726, 0, 0, 0.150085, -0.149953, 2.62568e-08, 0.000182748, 1.31456e-07
81140, -0.308628, -0.282209, -0.000970066, 23.2359, 23.3726, 0, 0, 0.150085, -0.14999, 2.62568e-08, 0.000130802, 1.31456e-07
81150, -0.308329, -0.281875, 0.0233486, 23.2359, 23.3726, 0, 0, 0.150871, -0.150233, 2.62568e-08, 0.000880599, 1.31456e-07
81161, -0.303121, -0.281248, 0.0187039, 23.2324, 23.3726, -0.347118, 0, 0.150085, -0.150187, 2.62568e-08, -0.000140876, 1.31456e-07
81171, -0.297729, -0.280414, 0.0371337, 23.2324, 23.3726, 0, 0, 0.150871, -0.150371, 2.62568e-08, 0.000690252, 1.31456e-07
81180, -0.296853, -0.279436, 0.0283629, 23.2324, 23.3726, 0, 0, 0.150085, -0.150284, 2.62568e-08, -0.000274241, 1.31456e-07
81190, -0.296176, -0.278681, 0.0222176, 23.2324, 23.3726, 0, 0, 0.150085, -0.150222, 2.62568e-08, -0.000189379, 1.31456e-07
81201, -0.295639, -0.278082, 0.0179112, 23.2324, 23.3726, 0, 0, 0.150085, -0.150179, 2.62568e-08, -0.000129923, 1.31456e-07
81211, -0.2952, -0.277593, 0.0148937, 23.2324, 23.3726, 0, 0, 0.150085, -0.150149, 2.62568e-08, -8.82596e-05, 1.31456e-07
81220, -0.294539, -0.276856, 0.0344634, 23.2324, 23.3726, 0, 0, 0.150871, -0.150345, 2.62568e-08, 0.000727117, 1.31456e-07
81230, -0.294575, -0.276896, -0.0371218, 23.2324, 23.3726, 0, 0, 0.147779, -0.149629, 2.62568e-08, -0.00255482, 1.31456e-07
81241, -0.295388, -0.277803, -0.0236645, 23.2324, 23.3726, 0, 0, 0.150085, -0.149763, 2.62568e-08, 0.000444174, 1.31456e-07
81251, -0.295895, -0.278369, -0.0142351, 23.2324, 23.3726, 0, 0, 0.150085, -0.149858, 2.62568e-08, 0.000313982, 1.31456e-07
81260, -0.296188, -0.278695, -0.00762939, 23.2324, 23.3726, 0, 0, 0.150085, -0.149924, 2.62568e-08, 0.000222757, 1.31456e-07
81270, -0.29633, -0.278854, -0.00300109, 23.2324, 23.3726, 0, 0, 0.150085, -0.14997, 2.62568e-08, 0.000158846, 1.31456e-07
81281, -0.296367, -0.278895, 0.000241399, 23.2324, 23.3726, 0, 0, 0.150085, -0.150002, 2.62568e-08, 0.000114068, 1.31456e-07
81291, -0.29633, -0.278854, 0.00251383, 23.2324, 23.3726, 0, 0, 0.150085, -0.150025, 2.62568e-08, 8.26865e-05, 1.31456e-07
81301, -0.296529, -0.279075, -0.0173345, 23.2324, 23.3726, 0, 0, 0.149308, -0.149827, 2.62568e-08, -0.000716686, 1.31456e-07
81310, -0.296892, -0.27948, -0.00980049, 23.2324, 23.3726, 0, 0, 0.150085, -0.149902, 2.62568e-08, 0.000252739, 1.31456e-07
81320, -0.297083, -0.279694, -0.00452101, 23.2324, 23.3726, 0, 0, 0.150085, -0.149955, 2.62568e-08, 0.000179842, 1.31456e-07
81331, -0.296865, -0.27945, 0.0208616, 23.2324, 23.3726, 0, 0, 0.150871, -0.150209, 2.62568e-08, 0.000914946, 1.31456e-07
81341, -0.296359, -0.278885, 0.016962, 23.2324, 23.3726, 0, 0, 0.150085, -0.15017, 2.62568e-08, -0.00011681, 1.31456e-07
81350, -0.295941, -0.27842, 0.0142291, 23.2324, 23.3726, 0, 0, 0.150085, -0.150142, 2.62568e-08, -7.90805e-05, 1.31456e-07
81360, -0.295586, -0.278024, 0.0123158, 23.2324, 23.3726, 0, 0, 0.150085, -0.150123, 2.62568e-08, -5.26458e-05, 1.31456e-07
81371, -0.295274, -0.277676, 0.0109732, 23.2324, 23.3726, 0, 0, 0.150085, -0.15011, 2.62568e-08, -3.41237e-05, 1.31456e-07
81381, -0.294993, -0.277362, 0.0100344, 23.2324, 23.3726, 0, 0, 0.150085, -0.1501, 2.62568e-08, -2.11447e-05, 1.31456e-07
81390, -0.294733, -0.277073, 0.00937581, 23.2324, 23.3726, 0, 0, 0.150085, -0.150094, 2.62568e-08, -1.2055e-05, 1.31456e-07
81400, -0.294199, -0.276476, 0.030598, 23.2324, 23.3726, 0, 0, 0.150871, -0.150306, 2.62568e-08, 0.000780493, 1.31456e-07
81411, -0.293758, -0.275984, 0.00234246, 23.2324, 23.3726, 0, 0, 0.149308, -0.150023, 2.62568e-08, -0.000988409, 1.31456e-07
81421, -0.293673, -0.27589, 0.00398606, 23.2324, 23.3726, 0, 0, 0.150085, -0.15004, 2.62568e-08, 6.23614e-05, 1.31456e-07
81430, -0.293551, -0.275753, 0.00513792, 23.2324, 23.3726, 0, 0, 0.150085, -0.150051, 2.62568e-08, 4.64618e-05, 1.31456e-07
81440, -0.293403, -0.275588, 0.00594556, 23.2324, 23.3726, 0, 0, 0.150085, -0.150059, 2.62568e-08, 3.53158e-05, 1.31456e-07
81451, -0.294087, -0.276352, -0.0571027, 23.2324, 23.3726, 0, 0, 0.147779, -0.149429, 2.62568e-08, -0.00227891, 1.31456e-07
81461, -0.295355, -0.277766, -0.0376642, 23.2324, 23.3726, 0, 0, 0.150085, -0.149623, 2.62568e-08, 0.000637501, 1.31456e-07
81471, -0.296181, -0.278687, -0.0240445, 23.2324, 23.3726, 0, 0, 0.150085, -0.14976, 2.62568e-08, 0.000449434, 1.31456e-07
81480, -0.296407, -0.278939, 0.00718087, 23.2324, 23.3726, 0, 0, 0.150871, -0.150072, 2.62568e-08, 0.00110385, 1.31456e-07
81490, -0.296212, -0.278722, 0.00737607, 23.2324, 23.3726, 0, 0, 0.150085, -0.150074, 2.62568e-08, 1.55568e-05, 1.31456e-07
81501, -0.296013, -0.2785, 0.00751317, 23.2324, 23.3726, 0, 0, 0.150085, -0.150075, 2.62568e-08, 1.36644e-05, 1.31456e-07
81511, -0.29552, -0.27795, 0.0292927, 23.2324, 23.3726, 0, 0, 0.150871, -0.150293, 2.62568e-08, 0.000798523, 1.31456e-07
81520, -0.294822, -0.277172, 0.0228688, 23.2324, 23.3726, 0, 0, 0.150085, -0.150229, 2.62568e-08, -0.000198379, 1.31456e-07
81530, -0.29427, -0.276556, 0.0183687, 23.2324, 23.3726, 0, 0, 0.150085, -0.150184, 2.62568e-08, -0.000136226, 1.31456e-07
81541, -0.293821, -0.276055, 0.0152141, 23.2324, 23.3726, 0, 0, 0.150085, -0.150152, 2.62568e-08, -9.26852e-05, 1.31456e-07
81551, -0.293443, -0.275634, 0.0130042, 23.2324, 23.3726, 0, 0, 0.150085, -0.15013, 2.62568e-08, -6.21676e-05, 1.31456e-07
81560, -0.293116, -0.275268, 0.011456, 23.2324, 23.3726, 0, 0, 0.150085, -0.150115, 2.62568e-08, -4.07845e-05, 1.31456e-07
81570, -0.292824, -0.274943, 0.0103712, 23.2324, 23.3726, 0, 0, 0.150085, -0.150104, 2.62568e-08, -2.58088e-05, 1.31456e-07
81581, -0.292557, -0.274644, 0.00961125, 23.2324, 23.3726, 0, 0, 0.150085, -0.150096, 2.62568e-08, -1.53184e-05, 1.31456e-07
81591, -0.292306, -0.274365, 0.00907928, 23.2324, 23.3726, 0, 0, 0.150085, -0.150091, 2.62568e-08, -7.95722e-06, 1.31456e-07
81600, -0.292068, -0.2741, 0.00870675, 23.2324, 23.3726, 0, 0, 0.150085, -0.150087, 2.62568e-08, -2.81632e-06, 1.31456e-07
81610, -0.291839, -0.273844, 0.00844598, 23.2324, 23.3726, 0, 0, 0.150085, -0.150084, 2.62568e-08, 7.89762e-07, 1.31456e-07
81620, -0.291615, -0.273594, 0.00826269, 23.2324, 23.3726, 0, 0, 0.150085, -0.150083, 2.62568e-08, 3.30806e-06, 1.31456e-07
81631, -0.291683, -0.27367, -0.0133067, 23.2324, 23.3726, 0, 0, 0.149308, -0.149867, 2.62568e-08, -0.000772312, 1.31456e-07
81641, -0.291954, -0.273972, -0.00697821, 23.2324, 23.3726, 0, 0, 0.150085, -0.14993, 2.62568e-08, 0.000213772, 1.31456e-07
81650, -0.292082, -0.274114, -0.00254512, 23.2324, 23.3726, 0, 0, 0.150085, -0.149975, 2.62568e-08, 0.000152543, 1.31456e-07
81660, -0.291818, -0.27382, 0.0222459, 23.2324, 23.3726, 0, 0, 0.150871, -0.150222, 2.62568e-08, 0.000895828, 1.31456e-07
81671, -0.29128, -0.273221, 0.0179321, 23.2324, 23.3726, 0, 0, 0.150085, -0.150179, 2.62568e-08, -0.000130206, 1.31456e-07
81681, -0.290841, -0.27273, 0.0149101, 23.2324, 23.3726, 0, 0, 0.150085, -0.150149, 2.62568e-08, -8.84682e-05, 1.31456e-07
81690, -0.29047, -0.272317, 0.0127926, 23.2324, 23.3726, 0, 0, 0.150085, -0.150128, 2.62568e-08, -5.92321e-05, 1.31456e-07
81700, -0.290148, -0.271957, 0.0113085, 23.2324, 23.3726, 0, 0, 0.150085, -0.150113, 2.62568e-08, -3.8743e-05, 1.31456e-07
81711, -0.289859, -0.271635, 0.0102684, 23.2324, 23.3726, 0, 0, 0.150085, -0.150103, 2.62568e-08, -2.43783e-05, 1.31456e-07
81721, -0.289594, -0.271339, 0.00953972, 23.2324, 23.3726, 0, 0, 0.150085, -0.150095, 2.62568e-08, -1.432e-05, 1.31456e-07
81730, -0.289055, -0.270738, 0.0307128, 23.2324, 23.3726, 0, 0, 0.150871, -0.150307, 2.62568e-08, 0.000778913, 1.31456e-07
81740, -0.288612, -0.270244, 0.00242293, 23.2324, 23.3726, 0, 0, 0.149308, -0.150024, 2.62568e-08, -0.000989512, 1.31456e-07
81751, -0.288525, -0.270147, 0.00404269, 23.2324, 23.3726, 0, 0, 0.150085, -0.15004, 2.62568e-08, 6.15865e-05, 1.31456e-07
81761, -0.288402, -0.27001, 0.00517815, 23.2324, 23.3726, 0, 0, 0.150085, -0.150052, 2.62568e-08, 4.59105e-05, 1.31456e-07
81771, -0.288253, -0.269843, 0.00597239, 23.2324, 23.3726, 0, 0, 0.150085, -0.15006, 2.62568e-08, 3.49283e-05, 1.31456e-07
81780, -0.288086, -0.269657, 0.00652969, 23.2324, 23.3726, 0, 0, 0.150085, -0.150065, 2.62568e-08, 2.72393e-05, 1.31456e-07
81790, -0.287615, -0.269132, 0.0286043, 23.2324, 23.3726, 0, 0, 0.150871, -0.150286, 2.62568e-08, 0.00080803, 1.31456e-07
81801, -0.286933, -0.268371, 0.022386, 23.2324, 23.3726, 0, 0, 0.150085, -0.150224, 2.62568e-08, -0.000191718, 1.31456e-07
81811, -0.286102, -0.267444, 0.0397146, 23.2324, 23.3726, 0, 0, 0.150871, -0.150397, 2.62568e-08, 0.000654623, 1.31456e-07
81820, -0.285167, -0.266401, 0.0301719, 23.2324, 23.3726, 0, 0, 0.150085, -0.150302, 2.62568e-08, -0.000299215, 1.31456e-07
81830, -0.284449, -0.2656, 0.0234857, 23.2324, 23.3726, 0, 0, 0.150085, -0.150235, 2.62568e-08, -0.000206888, 1.31456e-07
81841, -0.283593, -0.264645, 0.040485, 23.2324, 23.3726, 0, 0, 0.150871, -0.150405, 2.62568e-08, 0.000643983, 1.31456e-07
81851, -0.28264, -0.263582, 0.0307113, 23.2324, 23.3726, 0, 0, 0.150085, -0.150307, 2.62568e-08, -0.000306666, 1.31456e-07
81860, -0.28191, -0.262767, 0.0238627, 23.2324, 23.3726, 0, 0, 0.150085, -0.150239, 2.62568e-08, -0.000212103, 1.31456e-07
81870, -0.281335, -0.262127, 0.0190645, 23.2324, 23.3726, 0, 0, 0.150085, -0.150191, 2.62568e-08, -0.000145853, 1.31456e-07
81881, -0.28087, -0.261608, 0.0157028, 23.2324, 23.3726, 0, 0, 0.150085, -0.150157, 2.62568e-08, -9.94205e-05, 1.31456e-07
81891, -0.280191, -0.26085, 0.0350311, 23.2324, 23.3726, 0, 0, 0.150871, -0.15035, 2.62568e-08, 0.000719279, 1.31456e-07
81900, -0.279363, -0.259926, 0.0268891, 23.2324, 23.3726, 0, 0, 0.150085, -0.150269, 2.62568e-08, -0.000253901, 1.31456e-07
81910, -0.278429, -0.258885, 0.0428692, 23.2324, 23.3726, 0, 0, 0.150871, -0.150429, 2.62568e-08, 0.000611052, 1.31456e-07
81921, -0.277132, -0.257438, 0.0540659, 23.2324, 23.3726, 0, 0, 0.150871, -0.150541, 2.62568e-08, 0.000456452, 1.31456e-07
81931, -0.27587, -0.25603, 0.0402272, 23.2324, 23.3726, 0, 0, 0.150085, -0.150402, 2.62568e-08, -0.000438064, 1.31456e-07
81941, -0.274923, -0.254974, 0.030531, 23.2324, 23.3726, 0, 0, 0.150085, -0.150305, 2.62568e-08, -0.000304177, 1.31456e-07
81950, -0.274197, -0.254164, 0.0237361, 23.2324, 23.3726, 0, 0, 0.150085, -0.150237, 2.62568e-08, -0.00021036, 1.31456e-07
81960, -0.273913, -0.253846, -0.00246614, 23.2324, 23.3726, 0, 0, 0.149308, -0.149975, 2.62568e-08, -0.000922009, 1.31456e-07
81971, -0.273937, -0.253874, 0.000616908, 23.2324, 23.3726, 0, 0, 0.150085, -0.150006, 2.62568e-08, 0.000108883, 1.31456e-07
81981, -0.273892, -0.253823, 0.00277758, 23.2324, 23.3726, 0, 0, 0.150085, -0.150028, 2.62568e-08, 7.90507e-05, 1.31456e-07
81990, -0.273507, -0.253394, 0.0259742, 23.2324, 23.3726, 0, 0, 0.150871, -0.15026, 2.62568e-08, 0.000844344, 1.31456e-07
82000, -0.272885, -0.2527, 0.0205442, 23.2324, 23.3726, 0, 0, 0.150085, -0.150205, 2.62568e-08, -0.000166267, 1.31456e-07
82011, -0.272386, -0.252143, 0.01674, 23.2324, 23.3726, 0, 0, 0.150085, -0.150167, 2.62568e-08, -0.000113741, 1.31456e-07
82021, -0.271973, -0.251683, 0.0140741, 23.2324, 23.3726, 0, 0, 0.150085, -0.150141, 2.62568e-08, -7.69347e-05, 1.31456e-07
82030, -0.271622, -0.251291, 0.0122055, 23.2324, 23.3726, 0, 0, 0.150085, -0.150122, 2.62568e-08, -5.11408e-05, 1.31456e-07
82040, -0.271313, -0.250946, 0.0108972, 23.2324, 23.3726, 0, 0, 0.150085, -0.150109, 2.62568e-08, -3.30657e-05, 1.31456e-07
82051, -0.271033, -0.250634, 0.00997931, 23.2324, 23.3726, 0, 0, 0.150085, -0.1501, 2.62568e-08, -2.03997e-05, 1.31456e-07
82061, -0.270775, -0.250346, 0.00933707, 23.2324, 23.3726, 0, 0, 0.150085, -0.150093, 2.62568e-08, -1.15186e-05, 1.31456e-07
82070, -0.270818, -0.250394, -0.0125542, 23.2324, 23.3726, 0, 0, 0.149308, -0.149874, 2.62568e-08, -0.000782698, 1.31456e-07
82080, -0.271072, -0.250678, -0.00645071, 23.2324, 23.3726, 0, 0, 0.150085, -0.149935, 2.62568e-08, 0.000206485, 1.31456e-07
82091, -0.270897, -0.250483, 0.0195101, 23.2324, 23.3726, 0, 0, 0.150871, -0.150195, 2.62568e-08, 0.000933617, 1.31456e-07
82101, -0.270422, -0.249952, 0.0160143, 23.2324, 23.3726, 0, 0, 0.150085, -0.15016, 2.62568e-08, -0.000103727, 1.31456e-07
82111, -0.270026, -0.249511, 0.013566, 23.2324, 23.3726, 0, 0, 0.150085, -0.150136, 2.62568e-08, -6.99162e-05, 1.31456e-07
82120, -0.269686, -0.249131, 0.0118494, 23.2324, 23.3726, 0, 0, 0.150085, -0.150118, 2.62568e-08, -4.62234e-05, 1.31456e-07
82130, -0.269385, -0.248796, 0.0106484, 23.2324, 23.3726, 0, 0, 0.150085, -0.150106, 2.62568e-08, -2.96235e-05, 1.31456e-07
82141, -0.268821, -0.248167, 0.0314906, 23.2324, 23.3726, 0, 0, 0.150871, -0.150315, 2.62568e-08, 0.000768185, 1.31456e-07
82151, -0.268073, -0.247332, 0.0244096, 23.2324, 23.3726, 0, 0, 0.150085, -0.150244, 2.62568e-08, -0.000219643, 1.31456e-07
82160, -0.267486, -0.246677, 0.0194475, 23.2324, 23.3726, 0, 0, 0.150085, -0.150194, 2.62568e-08, -0.000151142, 1.31456e-07
82170, -0.266722, -0.245825, 0.0376552, 23.2324, 23.3726, 0, 0, 0.150871, -0.150377, 2.62568e-08, 0.000683054, 1.31456e-07
82181, -0.265834, -0.244834, 0.0287279, 23.2324, 23.3726, 0, 0, 0.150085, -0.150287, 2.62568e-08, -0.000279292, 1.31456e-07
82191, -0.265149, -0.24407, 0.0224724, 23.2324, 23.3726, 0, 0, 0.150085, -0.150225, 2.62568e-08, -0.00019291, 1.31456e-07
82200, -0.264606, -0.243464, 0.01809, 23.2324, 23.3726, 0, 0, 0.150085, -0.150181, 2.62568e-08, -0.000132397, 1.31456e-07
82210, -0.264163, -0.24297, 0.0150189, 23.2324, 23.3726, 0, 0, 0.150085, -0.15015, 2.62568e-08, -8.99881e-05, 1.31456e-07
82221, -0.26379, -0.242554, 0.0128672, 23.2324, 23.3726, 0, 0, 0.150085, -0.150129, 2.62568e-08, -6.02752e-05, 1.31456e-07
82231, -0.263465, -0.242192, 0.0113606, 23.2324, 23.3726, 0, 0, 0.150085, -0.150114, 2.62568e-08, -3.94583e-05, 1.31456e-07
82240, -0.262885, -0.241545, 0.0319883, 23.2324, 23.3726, 0, 0, 0.150871, -0.15032, 2.62568e-08, 0.0007613, 1.31456e-07
82250, -0.261836, -0.240374, 0.046441, 23.2324, 23.3726, 0, 0, 0.150871, -0.150464, 2.62568e-08, 0.000561729, 1.31456e-07
82260, -0.260748, -0.23916, 0.0348836, 23.2324, 23.3726, 0, 0, 0.150085, -0.150349, 2.62568e-08, -0.000364289, 1.31456e-07
82271, -0.259922, -0.23824, 0.0267863, 23.2324, 23.3726, 0, 0, 0.150085, -0.150268, 2.62568e-08, -0.00025247, 1.31456e-07
82281, -0.259282, -0.237525, 0.0211135, 23.2324, 23.3726, 0, 0, 0.150085, -0.150211, 2.62568e-08, -0.000174135, 1.31456e-07
82290, -0.25877, -0.236954, 0.0171393, 23.2324, 23.3726, 0, 0, 0.150085, -0.150171, 2.62568e-08, -0.000119254, 1.31456e-07
82300, -0.258348, -0.236484, 0.0143543, 23.2324, 23.3726, 0, 0, 0.150085, -0.150144, 2.62568e-08, -8.07941e-05, 1.31456e-07
82311, -0.25799, -0.236084, 0.0124022, 23.2324, 23.3726, 0, 0, 0.150085, -0.150124, 2.62568e-08, -5.38528e-05, 1.31456e-07
82321, -0.257386, -0.235411, 0.0327185, 23.2324, 23.3726, 0, 0, 0.150871, -0.150327, 2.62568e-08, 0.000751212, 1.31456e-07
82330, -0.25661, -0.234545, 0.0252694, 23.2324, 23.3726, 0, 0, 0.150085, -0.150253, 2.62568e-08, -0.000231519, 1.31456e-07
82340, -0.256004, -0.233869, 0.020051, 23.2324, 23.3726, 0, 0, 0.150085, -0.150201, 2.62568e-08, -0.000159457, 1.31456e-07
82351, -0.255226, -0.233001, 0.0380784, 23.2324, 23.3726, 0, 0, 0.150871, -0.150381, 2.62568e-08, 0.000677213, 1.31456e-07
82361, -0.254328, -0.231999, 0.0290245, 23.2324, 23.3726, 0, 0, 0.150085, -0.15029, 2.62568e-08, -0.000283375, 1.31456e-07
82370, -0.253636, -0.231227, 0.0226811, 23.2324, 23.3726, 0, 0, 0.150085, -0.150227, 2.62568e-08, -0.000195786, 1.31456e-07
82380, -0.253089, -0.230616, 0.018236, 23.2324, 23.3726, 0, 0, 0.150085, -0.150182, 2.62568e-08, -0.000134408, 1.31456e-07
82391, -0.252642, -0.230119, 0.0151217, 23.2324, 23.3726, 0, 0, 0.150085, -0.150151, 2.62568e-08, -9.14037e-05, 1.31456e-07
82401, -0.252554, -0.23002, -0.00850111, 23.2324, 23.3726, 0, 0, 0.149308, -0.149915, 2.62568e-08, -0.000838667, 1.31456e-07
82411, -0.252716, -0.230201, -0.00361204, 23.2324, 23.3726, 0, 0, 0.150085, -0.149964, 2.62568e-08, 0.00016728, 1.31456e-07
82420, -0.252767, -0.230257, -0.000184774, 23.2324, 23.3726, 0, 0, 0.150085, -0.149998, 2.62568e-08, 0.000119969, 1.31456e-07
82430, -0.252449, -0.229903, 0.0239, 23.2324, 23.3726, 0, 0, 0.150871, -0.150239, 2.62568e-08, 0.000872999, 1.31456e-07
82441, -0.251874, -0.229261, 0.0190914, 23.2324, 23.3726, 0, 0, 0.150085, -0.150191, 2.62568e-08, -0.00014621, 1.31456e-07
82451, -0.251408, -0.228742, 0.0157222, 23.2324, 23.3726, 0, 0, 0.150085, -0.150157, 2.62568e-08, -9.96888e-05, 1.31456e-07
82460, -0.251019, -0.228308, 0.0133604, 23.2324, 23.3726, 0, 0, 0.150085, -0.150134, 2.62568e-08, -6.7085e-05, 1.31456e-07
82470, -0.250393, -0.22761, 0.0333905, 23.2324, 23.3726, 0, 0, 0.150871, -0.150334, 2.62568e-08, 0.000741944, 1.31456e-07
82481, -0.249602, -0.226727, 0.0257403, 23.2324, 23.3726, 0, 0, 0.150085, -0.150257, 2.62568e-08, -0.000238031, 1.31456e-07
82491, -0.248985, -0.226039, 0.0203803, 23.2324, 23.3726, 0, 0, 0.150085, -0.150204, 2.62568e-08, -0.000164017, 1.31456e-07
82500, -0.2482, -0.225163, 0.0383079, 23.2324, 23.3726, 0, 0, 0.150871, -0.150383, 2.62568e-08, 0.000674039, 1.31456e-07
82510, -0.247296, -0.224155, 0.0291854, 23.2324, 23.3726, 0, 0, 0.150085, -0.150292, 2.62568e-08, -0.000285596, 1.31456e-07
82521, -0.246601, -0.223379, 0.0227928, 23.2324, 23.3726, 0, 0, 0.150085, -0.150228, 2.62568e-08, -0.000197336, 1.31456e-07
82531, -0.246051, -0.222766, 0.018315, 23.2324, 23.3726, 0, 0, 0.150085, -0.150183, 2.62568e-08, -0.000135496, 1.31456e-07
82540, -0.245603, -0.222266, 0.0151783, 23.2324, 23.3726, 0, 0, 0.150085, -0.150152, 2.62568e-08, -9.21786e-05, 1.31456e-07
82550, -0.245226, -0.221845, 0.0129804, 23.2324, 23.3726, 0, 0, 0.150085, -0.15013, 2.62568e-08, -6.18249e-05, 1.31456e-07
82561, -0.244899, -0.221481, 0.0114396, 23.2324, 23.3726, 0, 0, 0.150085, -0.150114, 2.62568e-08, -4.0561e-05, 1.31456e-07
82571, -0.244607, -0.221155, 0.0103593, 23.2324, 23.3726, 0, 0, 0.150085, -0.150104, 2.62568e-08, -2.56449e-05, 1.31456e-07
82581, -0.243757, -0.220206, 0.0532165, 23.2324, 23.3726, 0, 0, 0.151666, -0.150532, 2.62568e-08, 0.0015661, 1.31456e-07
82590, -0.242514, -0.21882, 0.0396311, 23.2324, 23.3726, 0, 0, 0.150085, -0.150396, 2.62568e-08, -0.000429839, 1.31456e-07
82600, -0.241581, -0.217779, 0.0301138, 23.2324, 23.3726, 0, 0, 0.150085, -0.150301, 2.62568e-08, -0.000298411, 1.31456e-07
82611, -0.240864, -0.21698, 0.023444, 23.2324, 23.3726, 0, 0, 0.150085, -0.150234, 2.62568e-08, -0.000206321, 1.31456e-07
82621, -0.240299, -0.21635, 0.018771, 23.2324, 23.3726, 0, 0, 0.150085, -0.150188, 2.62568e-08, -0.000141799, 1.31456e-07
82630, -0.239841, -0.215838, 0.0154972, 23.2324, 23.3726, 0, 0, 0.150085, -0.150155, 2.62568e-08, -9.65893e-05, 1.31456e-07
82640, -0.239457, -0.21541, 0.0132039, 23.2324, 23.3726, 0, 0, 0.150085, -0.150132, 2.62568e-08, -6.49095e-05, 1.31456e-07
82651, -0.238835, -0.214716, 0.0332803, 23.2324, 23.3726, 0, 0, 0.150871, -0.150333, 2.62568e-08, 0.000743464, 1.31456e-07
82661, -0.237756, -0.213512, 0.0473469, 23.2324, 23.3726, 0, 0, 0.150871, -0.150473, 2.62568e-08, 0.000549227, 1.31456e-07
82670, -0.236647, -0.212275, 0.0355184, 23.2324, 23.3726, 0, 0, 0.150085, -0.150355, 2.62568e-08, -0.000373051, 1.31456e-07
82680, -0.235517, -0.211015, 0.0489146, 23.2324, 23.3726, 0, 0, 0.150871, -0.150489, 2.62568e-08, 0.000527576, 1.31456e-07
82691, -0.234372, -0.209738, 0.0366166, 23.2324, 23.3726, 0, 0, 0.150085, -0.150366, 2.62568e-08, -0.00038822, 1.31456e-07
82701, -0.233508, -0.208773, 0.0280008, 23.2324, 23.3726, 0, 0, 0.150085, -0.15028, 2.62568e-08, -0.000269234, 1.31456e-07
82710, -0.232839, -0.208028, 0.0219643, 23.2324, 23.3726, 0, 0, 0.150085, -0.15022, 2.62568e-08, -0.000185877, 1.31456e-07
82720, -0.232308, -0.207435, 0.0177339, 23.2324, 23.3726, 0, 0, 0.150085, -0.150177, 2.62568e-08, -0.000127479, 1.31456e-07
82731, -0.23216, -0.20727, -0.00667125, 23.2324, 23.3726, 0, 0, 0.149308, -0.149933, 2.62568e-08, -0.00086394, 1.31456e-07
82741, -0.23228, -0.207404, -0.00232905, 23.2324, 23.3726, 0, 0, 0.150085, -0.149977, 2.62568e-08, 0.000149563, 1.31456e-07
82751, -0.232012, -0.207105, 0.0223979, 23.2324, 23.3726, 0, 0, 0.150871, -0.150224, 2.62568e-08, 0.000893742, 1.31456e-07
82760, -0.231181, -0.206177, 0.039722, 23.2324, 23.3726, 0, 0, 0.150871, -0.150397, 2.62568e-08, 0.000654519, 1.31456e-07
82770, -0.230245, -0.205134, 0.0301763, 23.2324, 23.3726, 0, 0, 0.150085, -0.150302, 2.62568e-08, -0.00029929, 1.31456e-07
82781, -0.229237, -0.204009, 0.0451729, 23.2324, 23.3726, 0, 0, 0.150871, -0.150452, 2.62568e-08, 0.000579253, 1.31456e-07
82791, -0.228178, -0.202827, 0.0339955, 23.2324, 23.3726, 0, 0, 0.150085, -0.15034, 2.62568e-08, -0.000352025, 1.31456e-07
82800, -0.227372, -0.201929, 0.0261649, 23.2324, 23.3726, 0, 0, 0.150085, -0.150262, 2.62568e-08, -0.000243887, 1.31456e-07
82810, -0.226746, -0.20123, 0.0206769, 23.2324, 23.3726, 0, 0, 0.150085, -0.150207, 2.62568e-08, -0.000168115, 1.31456e-07
82821, -0.226244, -0.20067, 0.0168324, 23.2324, 23.3726, 0, 0, 0.150085, -0.150168, 2.62568e-08, -0.000115022, 1.31456e-07
82831, -0.225539, -0.199884, 0.0358224, 23.2324, 23.3726, 0, 0, 0.150871, -0.150358, 2.62568e-08, 0.000708356, 1.31456e-07
82840, -0.224693, -0.19894, 0.027445, 23.2324, 23.3726, 0, 0, 0.150085, -0.150274, 2.62568e-08, -0.00026156, 1.31456e-07
82850, -0.224037, -0.198208, 0.0215739, 23.2324, 23.3726, 0, 0, 0.150085, -0.150216, 2.62568e-08, -0.000180498, 1.31456e-07
82861, -0.222931, -0.196974, 0.0610739, 23.2324, 23.3726, 0, 0, 0.151666, -0.150611, 2.62568e-08, 0.0014576, 1.31456e-07
82871, -0.221509, -0.195389, 0.0451371, 23.2324, 23.3726, 0, 0, 0.150085, -0.150451, 2.62568e-08, -0.000505865, 1.31456e-07
82880, -0.220161, -0.193884, 0.0556543, 23.2324, 23.3726, 0, 0, 0.150871, -0.150557, 2.62568e-08, 0.000434503, 1.31456e-07
82890, -0.218863, -0.192436, 0.0413388, 23.2324, 23.3726, 0, 0, 0.150085, -0.150413, 2.62568e-08, -0.000453427, 1.31456e-07
82900, -0.217891, -0.191352, 0.0313088, 23.2324, 23.3726, 0, 0, 0.150085, -0.150313, 2.62568e-08, -0.000314921, 1.31456e-07
82911, -0.217434, -0.190842, 0.00284016, 23.2324, 23.3726, 0, 0, 0.149308, -0.150028, 2.62568e-08, -0.000995278, 1.31456e-07
82921, -0.217338, -0.190735, 0.00433475, 23.2324, 23.3726, 0, 0, 0.150085, -0.150043, 2.62568e-08, 5.75483e-05, 1.31456e-07
82930, -0.217208, -0.19059, 0.0053823, 23.2324, 23.3726, 0, 0, 0.150085, -0.150054, 2.62568e-08, 4.30942e-05, 1.31456e-07
82940, -0.216764, -0.190095, 0.0278011, 23.2324, 23.3726, 0, 0, 0.150871, -0.150278, 2.62568e-08, 0.000819132, 1.31456e-07
82951, -0.2161, -0.189354, 0.0218242, 23.2324, 23.3726, 0, 0, 0.150085, -0.150218, 2.62568e-08, -0.000183955, 1.31456e-07
82961, -0.215571, -0.188765, 0.017637, 23.2324, 23.3726, 0, 0, 0.150085, -0.150176, 2.62568e-08, -0.000126123, 1.31456e-07
82970, -0.215426, -0.188602, -0.0067398, 23.2324, 23.3726, 0, 0, 0.149308, -0.149933, 2.62568e-08, -0.000863001, 1.31456e-07
82980, -0.215257, -0.188415, 0.0193059, 23.2324, 23.3726, 0, 0, 0.150871, -0.150193, 2.62568e-08, 0.000936419, 1.31456e-07
82991, -0.214787, -0.187889, 0.0158712, 23.2324, 23.3726, 0, 0, 0.150085, -0.150159, 2.62568e-08, -0.00010176, 1.31456e-07
83001, -0.214394, -0.187452, 0.0134662, 23.2324, 23.3726, 0, 0, 0.150085, -0.150135, 2.62568e-08, -6.85304e-05, 1.31456e-07
83010, -0.213766, -0.186751, 0.0334635, 23.2324, 23.3726, 0, 0, 0.150871, -0.150335, 2.62568e-08, 0.00074093, 1.31456e-07
83020, -0.212973, -0.185866, 0.0257909, 23.2324, 23.3726, 0, 0, 0.150085, -0.150258, 2.62568e-08, -0.000238732, 1.31456e-07
83031, -0.212355, -0.185177, 0.0204146, 23.2324, 23.3726, 0, 0, 0.150085, -0.150204, 2.62568e-08, -0.000164494, 1.31456e-07
83041, -0.211859, -0.184623, 0.0166491, 23.2324, 23.3726, 0, 0, 0.150085, -0.150166, 2.62568e-08, -0.000112489, 1.31456e-07
83050, -0.211449, -0.184166, 0.0140101, 23.2324, 23.3726, 0, 0, 0.150085, -0.15014, 2.62568e-08, -7.60555e-05, 1.31456e-07
83060, -0.211385, -0.184095, -0.00928044, 23.2324, 23.3726, 0, 0, 0.149308, -0.149907, 2.62568e-08, -0.000827909, 1.31456e-07
83070, -0.211565, -0.184296, -0.00415742, 23.2324, 23.3726, 0, 0, 0.150085, -0.149958, 2.62568e-08, 0.00017482, 1.31456e-07
83081, -0.211628, -0.184366, -0.000567734, 23.2324, 23.3726, 0, 0, 0.150085, -0.149994, 2.62568e-08, 0.000125244, 1.31456e-07
83091, -0.21132, -0.184022, 0.0236303, 23.2324, 23.3726, 0, 0, 0.150871, -0.150236, 2.62568e-08, 0.00087671, 1.31456e-07
83100, -0.210751, -0.183387, 0.0189021, 23.2324, 23.3726, 0, 0, 0.150085, -0.150189, 2.62568e-08, -0.000143602, 1.31456e-07
83110, -0.210289, -0.182872, 0.0155896, 23.2324, 23.3726, 0, 0, 0.150085, -0.150156, 2.62568e-08, -9.78559e-05, 1.31456e-07
83121, -0.209903, -0.182442, 0.013268, 23.2324, 23.3726, 0, 0, 0.150085, -0.150133, 2.62568e-08, -6.58035e-05, 1.31456e-07
83131, -0.20957, -0.18207, 0.0116423, 23.2324, 23.3726, 0, 0, 0.150085, -0.150116, 2.62568e-08, -4.33475e-05, 1.31456e-07
83140, -0.209273, -0.181739, 0.0105023, 23.2324, 23.3726, 0, 0, 0.150085, -0.150105, 2.62568e-08, -2.76119e-05, 1.31456e-07
83150, -0.209003, -0.181437, 0.00970364, 23.2324, 23.3726, 0, 0, 0.150085, -0.150097, 2.62568e-08, -1.6585e-05, 1.31456e-07
83161, -0.208461, -0.180832, 0.0308275, 23.2324, 23.3726, 0, 0, 0.150871, -0.150308, 2.62568e-08, 0.000777334, 1.31456e-07
83171, -0.208015, -0.180335, 0.0025034, 23.2324, 23.3726, 0, 0, 0.149308, -0.150025, 2.62568e-08, -0.000990629, 1.31456e-07
83180, -0.207926, -0.180236, 0.00409931, 23.2324, 23.3726, 0, 0, 0.150085, -0.150041, 2.62568e-08, 6.08116e-05, 1.31456e-07
83190, -0.207802, -0.180097, 0.00521839, 23.2324, 23.3726, 0, 0, 0.150085, -0.150052, 2.62568e-08, 4.53591e-05, 1.31456e-07
83201, -0.207651, -0.17993, 0.0060007, 23.2324, 23.3726, 0, 0, 0.150085, -0.15006, 2.62568e-08, 3.45409e-05, 1.31456e-07
83211, -0.207483, -0.179742, 0.00654906, 23.2324, 23.3726, 0, 0, 0.150085, -0.150065, 2.62568e-08, 2.69711e-05, 1.31456e-07
83221, -0.207303, -0.179541, 0.00693351, 23.2324, 23.3726, 0, 0, 0.150085, -0.150069, 2.62568e-08, 2.16663e-05, 1.31456e-07
83230, -0.207114, -0.17933, 0.00720322, 23.2324, 23.3726, 0, 0, 0.150085, -0.150072, 2.62568e-08, 1.7941e-05, 1.31456e-07
83240, -0.207205, -0.179432, -0.0140488, 23.2324, 23.3726, 0, 0, 0.149308, -0.14986, 2.62568e-08, -0.00076206, 1.31456e-07
83251, -0.207494, -0.179754, -0.00749826, 23.2324, 23.3726, 0, 0, 0.150085, -0.149925, 2.62568e-08, 0.000220954, 1.31456e-07
83261, -0.207633, -0.179909, -0.00290871, 23.2324, 23.3726, 0, 0, 0.150085, -0.149971, 2.62568e-08, 0.000157565, 1.31456e-07
83270, -0.207378, -0.179624, 0.0219911, 23.2324, 23.3726, 0, 0, 0.150871, -0.15022, 2.62568e-08, 0.00089936, 1.31456e-07
83280, -0.206846, -0.179031, 0.0177532, 23.2324, 23.3726, 0, 0, 0.150085, -0.150178, 2.62568e-08, -0.000127733, 1.31456e-07
83291, -0.20641, -0.178545, 0.0147849, 23.2324, 23.3726, 0, 0, 0.150085, -0.150148, 2.62568e-08, -8.67397e-05, 1.31456e-07
83301, -0.206043, -0.178135, 0.0127047, 23.2324, 23.3726, 0, 0, 0.150085, -0.150127, 2.62568e-08, -5.80251e-05, 1.31456e-07
83310, -0.205722, -0.177778, 0.0112474, 23.2324, 23.3726, 0, 0, 0.150085, -0.150112, 2.62568e-08, -3.78937e-05, 1.31456e-07
83320, -0.205435, -0.177457, 0.0102267, 23.2324, 23.3726, 0, 0, 0.150085, -0.150102, 2.62568e-08, -2.37972e-05, 1.31456e-07
83331, -0.205171, -0.177162, 0.00950992, 23.2324, 23.3726, 0, 0, 0.150085, -0.150095, 2.62568e-08, -1.39177e-05, 1.31456e-07
83341, -0.204633, -0.176562, 0.0306919, 23.2324, 23.3726, 0, 0, 0.150871, -0.150307, 2.62568e-08, 0.000779197, 1.31456e-07
83350, -0.203903, -0.175748, 0.0238493, 23.2324, 23.3726, 0, 0, 0.150085, -0.150238, 2.62568e-08, -0.000211924, 1.31456e-07
83360, -0.203329, -0.175108, 0.0190556, 23.2324, 23.3726, 0, 0, 0.150085, -0.150191, 2.62568e-08, -0.000145718, 1.31456e-07
83371, -0.202864, -0.174589, 0.0156954, 23.2324, 23.3726, 0, 0, 0.150085, -0.150157, 2.62568e-08, -9.93311e-05, 1.31456e-07
83381, -0.202475, -0.174155, 0.0133425, 23.2324, 23.3726, 0, 0, 0.150085, -0.150133, 2.62568e-08, -6.68317e-05, 1.31456e-07
83391, -0.202711, -0.174418, -0.0309512, 23.2324, 23.3726, 0, 0, 0.148539, -0.14969, 2.62568e-08, -0.00159021, 1.31456e-07
83400, -0.203384, -0.175169, -0.0193417, 23.2324, 23.3726, 0, 0, 0.150085, -0.149807, 2.62568e-08, 0.00038448, 1.31456e-07
83410, -0.203793, -0.175625, -0.0112072, 23.2324, 23.3726, 0, 0, 0.150085, -0.149888, 2.62568e-08, 0.000272155, 1.31456e-07
83421, -0.203726, -0.175551, 0.0161767, 23.2324, 23.3726, 0, 0, 0.150871, -0.150162, 2.62568e-08, 0.000979647, 1.31456e-07
83431, -0.203327, -0.175105, 0.0136793, 23.2324, 23.3726, 0, 0, 0.150085, -0.150137, 2.62568e-08, -7.14809e-05, 1.31456e-07
83440, -0.202694, -0.174399, 0.033614, 23.2324, 23.3726, 0, 0, 0.150871, -0.150336, 2.62568e-08, 0.000738859, 1.31456e-07
83450, -0.201607, -0.173187, 0.0475809, 23.2324, 23.3726, 0, 0, 0.150871, -0.150476, 2.62568e-08, 0.000545993, 1.31456e-07
83461, -0.200493, -0.171944, 0.0356823, 23.2324, 23.3726, 0, 0, 0.150085, -0.150357, 2.62568e-08, -0.000375316, 1.31456e-07
83471, -0.199359, -0.17068, 0.0490308, 23.2324, 23.3726, 0, 0, 0.150871, -0.15049, 2.62568e-08, 0.000525981, 1.31456e-07
83480, -0.198212, -0.1694, 0.0366986, 23.2324, 23.3726, 0, 0, 0.150085, -0.150367, 2.62568e-08, -0.000389352, 1.31456e-07
83490, -0.197055, -0.16811, 0.0497431, 23.2324, 23.3726, 0, 0, 0.150871, -0.150497, 2.62568e-08, 0.000516146, 1.31456e-07
83501, -0.195892, -0.166812, 0.0371978, 23.2324, 23.3726, 0, 0, 0.150085, -0.150372, 2.62568e-08, -0.000396237, 1.31456e-07
83511, -0.195014, -0.165833, 0.0284076, 23.2324, 23.3726, 0, 0, 0.150085, -0.150284, 2.62568e-08, -0.000274867, 1.31456e-07
83520, -0.194046, -0.164753, 0.0439316, 23.2324, 23.3726, 0, 0, 0.150871, -0.150439, 2.62568e-08, 0.000596374, 1.31456e-07
83530, -0.193015, -0.163602, 0.0331268, 23.2324, 23.3726, 0, 0, 0.150085, -0.150331, 2.62568e-08, -0.000340015, 1.31456e-07
83540, -0.19223, -0.162726, 0.0255555, 23.2324, 23.3726, 0, 0, 0.150085, -0.150256, 2.62568e-08, -0.000235468, 1.31456e-07
83551, -0.191617, -0.162043, 0.0202507, 23.2324, 23.3726, 0, 0, 0.150085, -0.150203, 2.62568e-08, -0.000162229, 1.31456e-07
83561, -0.191125, -0.161494, 0.0165328, 23.2324, 23.3726, 0, 0, 0.150085, -0.150165, 2.62568e-08, -0.000110894, 1.31456e-07
83570, -0.191004, -0.161359, -0.00751317, 23.2324, 23.3726, 0, 0, 0.149308, -0.149925, 2.62568e-08, -0.000852317, 1.31456e-07
83580, -0.191143, -0.161515, -0.00291914, 23.2324, 23.3726, 0, 0, 0.150085, -0.149971, 2.62568e-08, 0.000157714, 1.31456e-07
83591, -0.191179, -0.161554, 0.000299513, 23.2324, 23.3726, 0, 0, 0.150085, -0.150003, 2.62568e-08, 0.000113264, 1.31456e-07
83601, -0.19085, -0.161187, 0.0242382, 23.2324, 23.3726, 0, 0, 0.150871, -0.150242, 2.62568e-08, 0.00086832, 1.31456e-07
83610, -0.190267, -0.160537, 0.0193268, 23.2324, 23.3726, 0, 0, 0.150085, -0.150193, 2.62568e-08, -0.000149474, 1.31456e-07
83620, -0.189796, -0.160012, 0.0158861, 23.2324, 23.3726, 0, 0, 0.150085, -0.150159, 2.62568e-08, -0.000101954, 1.31456e-07
83631, -0.189403, -0.159573, 0.0134766, 23.2324, 23.3726, 0, 0, 0.150085, -0.150135, 2.62568e-08, -6.86795e-05, 1.31456e-07
83641, -0.189065, -0.159196, 0.0117868, 23.2324, 23.3726, 0, 0, 0.150085, -0.150118, 2.62568e-08, -4.53591e-05, 1.31456e-07
83650, -0.188765, -0.158862, 0.0106037, 23.2324, 23.3726, 0, 0, 0.150085, -0.150106, 2.62568e-08, -2.90126e-05, 1.31456e-07
83660, -0.188493, -0.158558, 0.00977516, 23.2324, 23.3726, 0, 0, 0.150085, -0.150098, 2.62568e-08, -1.75685e-05, 1.31456e-07
83671, -0.187949, -0.157951, 0.0308782, 23.2324, 23.3726, 0, 0, 0.150871, -0.150309, 2.62568e-08, 0.000776634, 1.31456e-07
83681, -0.187502, -0.157452, 0.00253916, 23.2324, 23.3726, 0, 0, 0.149308, -0.150025, 2.62568e-08, -0.000991121, 1.31456e-07
83691, -0.187412, -0.157352, 0.00412464, 23.2324, 23.3726, 0, 0, 0.150085, -0.150041, 2.62568e-08, 6.0454e-05, 1.31456e-07
83700, -0.187287, -0.157213, 0.00523478, 23.2324, 23.3726, 0, 0, 0.150085, -0.150052, 2.62568e-08, 4.51207e-05, 1.31456e-07
83710, -0.187137, -0.157045, 0.00601262, 23.2324, 23.3726, 0, 0, 0.150085, -0.15006, 2.62568e-08, 3.4377e-05, 1.31456e-07
83721, -0.186968, -0.156857, 0.006558, 23.2324, 23.3726, 0, 0, 0.150085, -0.150066, 2.62568e-08, 2.68519e-05, 1.31456e-07
83731, -0.186788, -0.156656, 0.00693947, 23.2324, 23.3726, 0, 0, 0.150085, -0.150069, 2.62568e-08, 2.15769e-05, 1.31456e-07
83740, -0.186598, -0.156445, 0.00720769, 23.2324, 23.3726, 0, 0, 0.150085, -0.150072, 2.62568e-08, 1.78814e-05, 1.31456e-07
83750, -0.186113, -0.155903, 0.0290796, 23.2324, 23.3726, 0, 0, 0.150871, -0.150291, 2.62568e-08, 0.000801474, 1.31456e-07
83761, -0.18542, -0.15513, 0.0227198, 23.2324, 23.3726, 0, 0, 0.150085, -0.150227, 2.62568e-08, -0.000196323, 1.31456e-07
83771, -0.184871, -0.154518, 0.0182629, 23.2324, 23.3726, 0, 0, 0.150085, -0.150183, 2.62568e-08, -0.000134781, 1.31456e-07
83780, -0.184134, -0.153696, 0.0368252, 23.2324, 23.3726, 0, 0, 0.150871, -0.150368, 2.62568e-08, 0.000694513, 1.31456e-07
83790, -0.183265, -0.152726, 0.0281468, 23.2324, 23.3726, 0, 0, 0.150085, -0.150281, 2.62568e-08, -0.000271261, 1.31456e-07
83801, -0.182593, -0.151976, 0.0220656, 23.2324, 23.3726, 0, 0, 0.150085, -0.150221, 2.62568e-08, -0.000187293, 1.31456e-07
83811, -0.182059, -0.151381, 0.0178054, 23.2324, 23.3726, 0, 0, 0.150085, -0.150178, 2.62568e-08, -0.000128463, 1.31456e-07
83820, -0.181623, -0.150894, 0.0148207, 23.2324, 23.3726, 0, 0, 0.150085, -0.150148, 2.62568e-08, -8.72463e-05, 1.31456e-07
83830, -0.181254, -0.150483, 0.0127301, 23.2324, 23.3726, 0, 0, 0.150085, -0.150127, 2.62568e-08, -5.83678e-05, 1.31456e-07
83841, -0.180933, -0.150125, 0.0112638, 23.2324, 23.3726, 0, 0, 0.150085, -0.150113, 2.62568e-08, -3.81321e-05, 1.31456e-07
83851, -0.180355, -0.14948, 0.0319213, 23.2324, 23.3726, 0, 0, 0.150871, -0.150319, 2.62568e-08, 0.000762239, 1.31456e-07
83861, -0.179597, -0.148635, 0.0247106, 23.2324, 23.3726, 0, 0, 0.150085, -0.150247, 2.62568e-08, -0.000223815, 1.31456e-07
83870, -0.179004, -0.147972, 0.0196591, 23.2324, 23.3726, 0, 0, 0.150085, -0.150197, 2.62568e-08, -0.000154048, 1.31456e-07
83880, -0.178525, -0.147438, 0.0161186, 23.2324, 23.3726, 0, 0, 0.150085, -0.150161, 2.62568e-08, -0.000105172, 1.31456e-07
83891, -0.178127, -0.146994, 0.0136375, 23.2324, 23.3726, 0, 0, 0.150085, -0.150136, 2.62568e-08, -7.09146e-05, 1.31456e-07
83901, -0.178072, -0.146933, -0.00954121, 23.2324, 23.3726, 0, 0, 0.149308, -0.149905, 2.62568e-08, -0.000824317, 1.31456e-07
83910, -0.178258, -0.14714, -0.00434071, 23.2324, 23.3726, 0, 0, 0.150085, -0.149957, 2.62568e-08, 0.000177339, 1.31456e-07
83920, -0.178325, -0.147215, -0.000695884, 23.2324, 23.3726, 0, 0, 0.150085, -0.149993, 2.62568e-08, 0.000127017, 1.31456e-07
83931, -0.178019, -0.146874, 0.0235409, 23.2324, 23.3726, 0, 0, 0.150871, -0.150235, 2.62568e-08, 0.000877947, 1.31456e-07
83941, -0.177452, -0.146242, 0.0188395, 23.2324, 23.3726, 0, 0, 0.150085, -0.150188, 2.62568e-08, -0.000142738, 1.31456e-07
83950, -0.176992, -0.145728, 0.0155449, 23.2324, 23.3726, 0, 0, 0.150085, -0.150155, 2.62568e-08, -9.7245e-05, 1.31456e-07
83960, -0.176607, -0.145299, 0.0132367, 23.2324, 23.3726, 0, 0, 0.150085, -0.150132, 2.62568e-08, -6.53714e-05, 1.31456e-07
83971, -0.176274, -0.144928, 0.0116184, 23.2324, 23.3726, 0, 0, 0.150085, -0.150116, 2.62568e-08, -4.30346e-05, 1.31456e-07
83981, -0.175978, -0.144598, 0.0104859, 23.2324, 23.3726, 0, 0, 0.150085, -0.150105, 2.62568e-08, -2.73883e-05, 1.31456e-07
83990, -0.175708, -0.144296, 0.00969172, 23.2324, 23.3726, 0, 0, 0.150085, -0.150097, 2.62568e-08, -1.64211e-05, 1.31456e-07
84000, -0.175166, -0.143692, 0.0308201, 23.2324, 23.3726, 0, 0, 0.150871, -0.150308, 2.62568e-08, 0.000777438, 1.31456e-07
84011, -0.174721, -0.143194, 0.00249892, 23.2324, 23.3726, 0, 0, 0.149308, -0.150025, 2.62568e-08, -0.000990555, 1.31456e-07
84021, -0.174632, -0.143096, 0.00409484, 23.2324, 23.3726, 0, 0, 0.150085, -0.150041, 2.62568e-08, 6.08563e-05, 1.31456e-07
84031, -0.174218, -0.142633, 0.0268981, 23.2324, 23.3726, 0, 0, 0.150871, -0.150269, 2.62568e-08, 0.000831589, 1.31456e-07
84040, -0.173861, -0.142235, -0.00025034, 23.2324, 23.3726, 0, 0, 0.149308, -0.149998, 2.62568e-08, -0.000952601, 1.31456e-07
84050, -0.173835, -0.142207, 0.00216961, 23.2324, 23.3726, 0, 0, 0.150085, -0.150022, 2.62568e-08, 8.74549e-05, 1.31456e-07
84061, -0.173755, -0.142117, 0.00386536, 23.2324, 23.3726, 0, 0, 0.150085, -0.150039, 2.62568e-08, 6.40303e-05, 1.31456e-07
84071, -0.173635, -0.141984, 0.00505298, 23.2324, 23.3726, 0, 0, 0.150085, -0.150051, 2.62568e-08, 4.76241e-05, 1.31456e-07
84080, -0.173199, -0.141497, 0.0275701, 23.2324, 23.3726, 0, 0, 0.150871, -0.150276, 2.62568e-08, 0.000822321, 1.31456e-07
84090, -0.17254, -0.140762, 0.0216618, 23.2324, 23.3726, 0, 0, 0.150085, -0.150217, 2.62568e-08, -0.00018172, 1.31456e-07
84101, -0.172015, -0.140177, 0.0175238, 23.2324, 23.3726, 0, 0, 0.150085, -0.150175, 2.62568e-08, -0.000124559, 1.31456e-07
84111, -0.171295, -0.139373, 0.0363067, 23.2324, 23.3726, 0, 0, 0.150871, -0.150363, 2.62568e-08, 0.000701666, 1.31456e-07
84120, -0.170438, -0.138417, 0.0277832, 23.2324, 23.3726, 0, 0, 0.150085, -0.150278, 2.62568e-08, -0.000266239, 1.31456e-07
84130, -0.169774, -0.137676, 0.0218108, 23.2324, 23.3726, 0, 0, 0.150085, -0.150218, 2.62568e-08, -0.000183776, 1.31456e-07
84141, -0.169246, -0.137087, 0.0176266, 23.2324, 23.3726, 0, 0, 0.150085, -0.150176, 2.62568e-08, -0.000125989, 1.31456e-07
84151, -0.168814, -0.136605, 0.0146955, 23.2324, 23.3726, 0, 0, 0.150085, -0.150147, 2.62568e-08, -8.55178e-05, 1.31456e-07
84160, -0.168448, -0.136197, 0.0126407, 23.2324, 23.3726, 0, 0, 0.150085, -0.150126, 2.62568e-08, -5.7146e-05, 1.31456e-07
84170, -0.168129, -0.135841, 0.0112012, 23.2324, 23.3726, 0, 0, 0.150085, -0.150112, 2.62568e-08, -3.72678e-05, 1.31456e-07
84180, -0.167552, -0.135198, 0.0318781, 23.2324, 23.3726, 0, 0, 0.150871, -0.150319, 2.62568e-08, 0.000762835, 1.31456e-07
84191, -0.166212, -0.133703, 0.068295, 23.2324, 23.3726, 0, 0, 0.151666, -0.150683, 2.62568e-08, 0.0013579, 1.31456e-07
84201, -0.164626, -0.131934, 0.0501961, 23.2324, 23.3726, 0, 0, 0.150085, -0.150502, 2.62568e-08, -0.000575721, 1.31456e-07
84210, -0.163453, -0.130625, 0.0375152, 23.2324, 23.3726, 0, 0, 0.150085, -0.150375, 2.62568e-08, -0.000400618, 1.31456e-07
84220, -0.162567, -0.129637, 0.0286311, 23.2324, 23.3726, 0, 0, 0.150085, -0.150286, 2.62568e-08, -0.000277936, 1.31456e-07
84231, -0.162171, -0.129195, 0.000964105, 23.2324, 23.3726, 0, 0, 0.149308, -0.15001, 2.62568e-08, -0.00096938, 1.31456e-07
84241, -0.162118, -0.129136, 0.00302047, 23.2324, 23.3726, 0, 0, 0.150085, -0.15003, 2.62568e-08, 7.56979e-05, 1.31456e-07
84250, -0.162018, -0.129024, 0.00446141, 23.2324, 23.3726, 0, 0, 0.150085, -0.150045, 2.62568e-08, 5.58048e-05, 1.31456e-07
84260, -0.161595, -0.128552, 0.0271544, 23.2324, 23.3726, 0, 0, 0.150871, -0.150272, 2.62568e-08, 0.000828043, 1.31456e-07
84271, -0.160946, -0.127828, 0.0213712, 23.2324, 23.3726, 0, 0, 0.150085, -0.150214, 2.62568e-08, -0.000177696, 1.31456e-07
84281, -0.160138, -0.126927, 0.0390023, 23.2324, 23.3726, 0, 0, 0.150871, -0.15039, 2.62568e-08, 0.000664443, 1.31456e-07
84290, -0.158929, -0.125578, 0.0513554, 23.2324, 23.3726, 0, 0, 0.150871, -0.150514, 2.62568e-08, 0.000493869, 1.31456e-07
84300, -0.157728, -0.124239, 0.0383273, 23.2324, 23.3726, 0, 0, 0.150085, -0.150383, 2.62568e-08, -0.000411838, 1.31456e-07
84311, -0.156825, -0.123231, 0.0291988, 23.2324, 23.3726, 0, 0, 0.150085, -0.150292, 2.62568e-08, -0.000285789, 1.31456e-07
84321, -0.156129, -0.122455, 0.0228032, 23.2324, 23.3726, 0, 0, 0.150085, -0.150228, 2.62568e-08, -0.00019747, 1.31456e-07
84330, -0.155579, -0.121841, 0.0183225, 23.2324, 23.3726, 0, 0, 0.150085, -0.150183, 2.62568e-08, -0.000135601, 1.31456e-07
84340, -0.155417, -0.121661, -0.00625849, 23.2324, 23.3726, 0, 0, 0.149308, -0.149937, 2.62568e-08, -0.000869632, 1.31456e-07
84350, -0.155528, -0.121785, -0.00203997, 23.2324, 23.3726, 0, 0, 0.150085, -0.14998, 2.62568e-08, 0.000145584, 1.31456e-07
84361, -0.155253, -0.121478, 0.0225991, 23.2324, 23.3726, 0, 0, 0.150871, -0.150226, 2.62568e-08, 0.000890955, 1.31456e-07
84371, -0.154707, -0.120869, 0.0181794, 23.2324, 23.3726, 0, 0, 0.150085, -0.150182, 2.62568e-08, -0.000133619, 1.31456e-07
84380, -0.154262, -0.120373, 0.015083, 23.2324, 23.3726, 0, 0, 0.150085, -0.150151, 2.62568e-08, -9.08673e-05, 1.31456e-07
84390, -0.153888, -0.119955, 0.0129133, 23.2324, 23.3726, 0, 0, 0.150085, -0.150129, 2.62568e-08, -6.0901e-05, 1.31456e-07
84401, -0.153563, -0.119592, 0.0113919, 23.2324, 23.3726, 0, 0, 0.150085, -0.150114, 2.62568e-08, -3.99053e-05, 1.31456e-07
84411, -0.152391, -0.118286, 0.0761211, 23.2324, 23.3726, 0, 0, 0.152471, -0.150761, 2.62568e-08, 0.0023603, 1.31456e-07
84420, -0.150628, -0.116318, 0.0556797, 23.2324, 23.3726, 0, 0, 0.150085, -0.150557, 2.62568e-08, -0.000651449, 1.31456e-07
84430, -0.149329, -0.11487, 0.0413582, 23.2324, 23.3726, 0, 0, 0.150085, -0.150414, 2.62568e-08, -0.000453681, 1.31456e-07
84441, -0.148357, -0.113785, 0.0313222, 23.2324, 23.3726, 0, 0, 0.150085, -0.150313, 2.62568e-08, -0.000315115, 1.31456e-07
84451, -0.147612, -0.112954, 0.0242919, 23.2324, 23.3726, 0, 0, 0.150085, -0.150243, 2.62568e-08, -0.000218019, 1.31456e-07
84460, -0.147028, -0.112303, 0.0193655, 23.2324, 23.3726, 0, 0, 0.150085, -0.150194, 2.62568e-08, -0.000149995, 1.31456e-07
84470, -0.146556, -0.111776, 0.0159144, 23.2324, 23.3726, 0, 0, 0.150085, -0.150159, 2.62568e-08, -0.000102341, 1.31456e-07
84481, -0.146163, -0.111337, 0.013496, 23.2324, 23.3726, 0, 0, 0.150085, -0.150135, 2.62568e-08, -6.89477e-05, 1.31456e-07
84491, -0.145824, -0.110959, 0.0118017, 23.2324, 23.3726, 0, 0, 0.150085, -0.150118, 2.62568e-08, -4.55528e-05, 1.31456e-07
84501, -0.145524, -0.110625, 0.0106141, 23.2324, 23.3726, 0, 0, 0.150085, -0.150106, 2.62568e-08, -2.91616e-05, 1.31456e-07
