QGPIORecord, QRC v6.1.0, 08-12-2021 @ 17:09:23, Windows 10 Version 2009, 10.0.19042, x86_64
Time, VoltA, voltB, desired_velocity, P, L, vA, vB, y, x, NaN, nu, S
95140, 0, 0, 0, 1.05125e-07, -0.0951249, 0, 0, 0.359796, -2.43931, 0, 1.83251, 1.10512e-06
95151, 0, 0, 0, 1.05125e-07, -0.0951249, 0, 0, 0.354951, -2.43931, 0, 1.83251, 1.10512e-06
95161, 0, 0, 0, 1.05125e-07, -0.0951249, 0, 0, 0.350238, -2.43931, 0, 1.83251, 1.10512e-06
95170, 0, 0, 0, 1.05125e-07, -0.0951249, 0, 0, 0.354951, -2.43931, 0, 1.83251, 1.10512e-06
95180, 0, 0, 0, 1.05125e-07, -0.0951249, 0, 0, 0.354951, -2.43931, 0, 1.83251, 1.10512e-06
95191, 0, 0, 0, 1.05125e-07, -0.0951249, 0, 0, 0.354951, -2.43931, 0, 1.83251, 1.10512e-06
95200, 0, 0, 0, 1.05125e-07, -0.0951249, 0, 0, 0.354951, -2.43931, 0, 1.83251, 1.10512e-06
95210, 0, 0, 0, 1.05125e-07, -0.0951249, 0, 0, 0.354951, -2.43931, 0, 1.83251, 1.10512e-06
95220, 0, 0, 0, 1.05125e-07, -0.0951249, 0, 0, 0.34119, -2.43931, 0, 1.83251, 1.10512e-06
95230, 0, 0, 0, 1.05125e-07, -0.0951249, 0, 0, 0.354951, -2.43931, 0, 1.83251, 1.10512e-06
95240, 0, 0, 0, 1.05125e-07, -0.0951249, 0, 0, 0.354951, -2.43931, 0, 1.83251, 1.10512e-06
95250, 0, 0, 0, 1.05125e-07, -0.0951249, 0, 0, 0.354951, -2.43931, 0, 1.83251, 1.10512e-06
95260, 0, 0, 0, 1.05125e-07, -0.0951249, 0, 0, 0.354951, -2.43931, 0, 1.83251, 1.10512e-06
95270, 0, 0, 0, 1.05125e-07, -0.0951249, 0, 0, 0.354951, -2.43931, 0, 1.83251, 1.10512e-06
95280, 0, 0, 0, 1.05125e-07, -0.0951249, 0, 0, 0.350238, -2.43931, 0, 1.83251, 1.10512e-06
95290, 0, 0, 0, 1.05125e-07, -0.0951249, 0, 0, 0.354951, -2.43931, 0, 1.83251, 1.10512e-06
95300, 0, 0, 0, 1.05125e-07, -0.0951249, 0, 0, 0.359796, -2.43931, 0, 1.83251, 1.10512e-06
95310, 0, 0, 0, 1.05125e-07, -0.0951249, 0, 0, 0.350238, -2.43931, 0, 1.83251, 1.10512e-06
95321, 0, 0, 0, 1.05125e-07, -0.0951249, 0, 0, 0.354951, -2.43931, 0, 1.83251, 1.10512e-06
95330, 0, 0, 0, 1.05125e-07, -0.0951249, 0, 0, 0.350238, -2.43931, 0, 1.83251, 1.10512e-06
95340, 0, 0, 0, 1.05125e-07, -0.0951249, 0, 0, 0.354951, -2.43931, 0, 1.83251, 1.10512e-06
95350, 0, 0, 0, 1.05125e-07, -0.0951249, 0, 0, 0.354951, -2.43931, 0, 1.83251, 1.10512e-06
95361, 0, 0, 0, 1.05125e-07, -0.0951249, 0, 0, 0.354951, -2.43931, 0, 1.83251, 1.10512e-06
95370, 0, 0, 0, 1.05125e-07, -0.0951249, 0, 0, 0.345653, -2.43931, 0, 1.83251, 1.10512e-06
95380, 0, 0, 0, 1.05125e-07, -0.0951249, 0, 0, 0.350238, -2.43931, 0, 1.83251, 1.10512e-06
95390, 0, 0, 0, 1.05125e-07, -0.0951249, 0, 0, 0.354951, -2.43931, 0, 1.83251, 1.10512e-06
95400, 0, 0, 0, 1.05125e-07, -0.0951249, 0, 0, 0.354951, -2.43931, 0, 1.83251, 1.10512e-06
95410, 0, 0, 0, 1.05125e-07, -0.0951249, 0, 0, 0.354951, -2.43931, 0, 1.83251, 1.10512e-06
95420, 0, 0, 0, 1.05125e-07, -0.0951249, 0, 0, 0.354951, -2.43931, 0, 1.83251, 1.10512e-06
95430, 0, 0, 0, 1.05125e-07, -0.0951249, 0, 0, 0.354951, -2.43931, 0, 1.83251, 1.10512e-06
95440, 0, 0, 0, 1.05125e-07, -0.0951249, 0, 0, 0.354951, -2.43931, 0, 1.83251, 1.10512e-06
95451, 0, 0, 0, 1.05125e-07, -0.0951249, 0, 0, 0.350238, -2.43931, 0, 1.83251, 1.10512e-06
95460, 0, 0, 0, 1.05125e-07, -0.0951249, 0, 0, 0.354951, -2.43931, 0, 1.83251, 1.10512e-06
95470, 0, 0, 0, 1.05125e-07, -0.0951249, 0, 0, 0.354951, -2.43931, 0, 1.83251, 1.10512e-06
95480, 0, 0, 0, 1.05125e-07, -0.0951249, 0, 0, 0.345653, -2.43931, 0, 1.83251, 1.10512e-06
95491, 0, 0, 0, 1.05125e-07, -0.0951249, 0, 0, 0.350238, -2.43931, 0, 1.83251, 1.10512e-06
95500, 0, 0, 0, 1.05125e-07, -0.0951249, 0, 0, 0.354951, -2.43931, 0, 1.83251, 1.10512e-06
95510, 0, 0, 0, 1.05125e-07, -0.0951249, 0, 0, 0.354951, -2.43931, 0, 1.83251, 1.10512e-06
95520, 0, 0, 0, 1.05125e-07, -0.0951249, 0, 0, 0.354951, -2.43931, 0, 1.83251, 1.10512e-06
95531, 0, 0, 0, 1.05125e-07, -0.0951249, 0, 0, 0.350238, -2.43931, 0, 1.83251, 1.10512e-06
95540, 0, 0, 0, 1.05125e-07, -0.0951249, 0, 0, 0.354951, -2.43931, 0, 1.83251, 1.10512e-06
95550, 0, 0, 0, 1.05125e-07, -0.0951249, 0, 0, 0.354951, -2.43931, 0, 1.83251, 1.10512e-06
95560, 0, 0, 0, 1.05125e-07, -0.0951249, 0, 0, 0.350238, -2.43931, 0, 1.83251, 1.10512e-06
95570, 0, 0, 0, 1.05125e-07, -0.0951249, 0, 0, 0.354951, -2.43931, 0, 1.83251, 1.10512e-06
95580, 0, 0, 0, 1.05125e-07, -0.0951249, 0, 0, 0.354951, -2.43931, 0, 1.83251, 1.10512e-06
95590, 0, 0, 0, 1.05125e-07, -0.0951249, 0, 0, 0.350238, -2.43931, 0, 1.83251, 1.10512e-06
95600, 0, 0, 0, 1.05125e-07, -0.0951249, 0, 0, 0.354951, -2.43931, 0, 1.83251, 1.10512e-06
95610, 0, 0, 0, 1.05125e-07, -0.0951249, 0, 0, 0.354951, -2.43931, 0, 1.83251, 1.10512e-06
95621, 0, 0, 0, 1.05125e-07, -0.0951249, 0, 0, 0.354951, -2.43931, 0, 1.83251, 1.10512e-06
95630, 0, 0, 0, 1.05125e-07, -0.0951249, 0, 0, 0.350238, -2.43931, 0, 1.83251, 1.10512e-06
95640, 0, 0, 0, 1.05125e-07, -0.0951249, 0, 0, 0.354951, -2.43931, 0, 1.83251, 1.10512e-06
95650, 0, 0, 0, 1.05125e-07, -0.0951249, 0, 0, 0.354951, -2.43931, 0, 1.83251, 1.10512e-06
95661, 0, 0, 0, 1.05125e-07, -0.0951249, 0, 0, 0.354951, -2.43931, 0, 1.83251, 1.10512e-06
95670, 0, 0, 0, 1.05125e-07, -0.0951249, 0, 0, 0.354951, -2.43931, 0, 1.83251, 1.10512e-06
95680, 0, 0, 0, 1.05125e-07, -0.0951249, 0, 0, 0.354951, -2.43931, 0, 1.83251, 1.10512e-06
95690, 0, 0, 0, 1.05125e-07, -0.0951249, 0, 0, 0.350238, -2.43931, 0, 1.83251, 1.10512e-06
95700, 0, 0, 0, 1.05125e-07, -0.0951249, 0, 0, 0.354951, -2.43931, 0, 1.83251, 1.10512e-06
95710, 0, 0, 0, 1.05125e-07, -0.0951249, 0, 0, 0.354951, -2.43931, 0, 1.83251, 1.10512e-06
95720, 0, 0, 0, 1.05125e-07, -0.0951249, 0, 0, 0.350238, -2.43931, 0, 1.83251, 1.10512e-06
95730, 0, 0, 0, 1.05125e-07, -0.0951249, 0, 0, 0.354951, -2.43931, 0, 1.83251, 1.10512e-06
95740, 0, 0, 0, 1.05125e-07, -0.0951249, 0, 0, 0.354951, -2.43931, 0, 1.83251, 1.10512e-06
95750, 0, 0, 0, 1.05125e-07, -0.0951249, 0, 0, 0.354951, -2.43931, 0, 1.83251, 1.10512e-06
95760, 0, 0, 0, 1.05125e-07, -0.0951249, 0, 0, 0.354951, -2.43931, 0, 1.83251, 1.10512e-06
95770, 0, 0, 0, 1.05125e-07, -0.0951249, 0, 0, 0.354951, -2.43931, 0, 1.83251, 1.10512e-06
95780, 0, 0, 0, 1.05125e-07, -0.0951249, 0, 0, 0.345653, -2.43931, 0, 1.83251, 1.10512e-06
95791, 0, 0, 0, 1.05125e-07, -0.0951249, 0, 0, 0.354951, -2.43931, 0, 1.83251, 1.10512e-06
95800, 0, 0, 0, 1.05125e-07, -0.0951249, 0, 0, 0.354951, -2.43931, 0, 1.83251, 1.10512e-06
95810, 0, 0, 0, 1.05125e-07, -0.0951249, 0, 0, 0.354951, -2.43931, 0, 1.83251, 1.10512e-06
95820, 0, 0, 0, 1.05125e-07, -0.0951249, 0, 0, 0.354951, -2.43931, 0, 1.83251, 1.10512e-06
95831, 0, 0, 0, 1.05125e-07, -0.0951249, 0, 0, 0.354951, -2.43931, 0, 1.83251, 1.10512e-06
95840, 0, 0, 0, 1.05125e-07, -0.0951249, 0, 0, 0.350238, -2.43931, 0, 1.83251, 1.10512e-06
95850, 0, 0, 0, 1.05125e-07, -0.0951249, 0, 0, 0.354951, -2.43931, 0, 1.83251, 1.10512e-06
95860, 0, 0, 0, 1.05125e-07, -0.0951249, 0, 0, 0.354951, -2.43931, 0, 1.83251, 1.10512e-06
95870, 0, 0, 0, 1.05125e-07, -0.0951249, 0, 0, 0.354951, -2.43931, 0, 1.83251, 1.10512e-06
95880, 0, 0, 0, 1.05125e-07, -0.0951249, 0, 0, 0.354951, -2.43931, 0, 1.83251, 1.10512e-06
95890, 0, 0, 0, 1.05125e-07, -0.0951249, 0, 0, 0.354951, -2.43931, 0, 1.83251, 1.10512e-06
95900, 0, 0, 0, 1.05125e-07, -0.0951249, 0, 0, 0.354951, -2.43931, 0, 1.83251, 1.10512e-06
95910, 0, 0, 0, 1.05125e-07, -0.0951249, 0, 0, 0.354951, -2.43931, 0, 1.83251, 1.10512e-06
95920, 0, 0, 0, 1.05125e-07, -0.0951249, 0, 0, 0.354951, -2.43931, 0, 1.83251, 1.10512e-06
95930, 0, 0, 0, 1.05125e-07, -0.0951249, 0, 0, 0.345653, -2.43931, 0, 1.83251, 1.10512e-06
95940, 0, 0, 0, 1.05125e-07, -0.0951249, 0, 0, 0.354951, -2.43931, 0, 1.83251, 1.10512e-06
95950, 0, 0, 0, 1.05125e-07, -0.0951249, 0, 0, 0.354951, -2.43931, 0, 1.83251, 1.10512e-06
95961, 0, 0, 0, 1.05125e-07, -0.0951249, 0, 0, 0.354951, -2.43931, 0, 1.83251, 1.10512e-06
95970, 0, 0, 0, 1.05125e-07, -0.0951249, 0, 0, 0.350238, -2.43931, 0, 1.83251, 1.10512e-06
95980, 0, 0, 0, 1.05125e-07, -0.0951249, 0, 0, 0.354951, -2.43931, 0, 1.83251, 1.10512e-06
95990, 0, 0, 0, 1.05125e-07, -0.0951249, 0, 0, 0.354951, -2.43931, 0, 1.83251, 1.10512e-06
96001, 0, 0, 0, 1.05125e-07, -0.0951249, 0, 0, 0.350238, -2.43931, 0, 1.83251, 1.10512e-06
96010, 0, 0, 0, 1.05125e-07, -0.0951249, 0, 0, 0.354951, -2.43931, 0, 1.83251, 1.10512e-06
96020, 0, 0, 0, 1.05125e-07, -0.0951249, 0, 0, 0.354951, -2.43931, 0, 1.83251, 1.10512e-06
96030, 0, 0, 0, 1.05125e-07, -0.0951249, 0, 0, 0.350238, -2.43931, 0, 1.83251, 1.10512e-06
96040, 0, 0, 0, 1.05125e-07, -0.0951249, 0, 0, 0.354951, -2.43931, 0, 1.83251, 1.10512e-06
96050, 0, 0, 0, 1.05125e-07, -0.0951249, 0, 0, 0.354951, -2.43931, 0, 1.83251, 1.10512e-06
96060, 0, 0, 0, 1.05125e-07, -0.0951249, 0, 0, 0.354951, -2.43931, 0, 1.83251, 1.10512e-06
96070, 0, 0, 0, 1.05125e-07, -0.0951249, 0, 0, 0.350238, -2.43931, 0, 1.83251, 1.10512e-06
96080, 0, 0, 0, 1.05125e-07, -0.0951249, 0, 0, 0.354951, -2.43931, 0, 1.83251, 1.10512e-06
96090, 0, 0, 0, 1.05125e-07, -0.0951249, 0, 0, 0.354951, -2.43931, 0, 1.83251, 1.10512e-06
96100, 0, 0, 0, 1.05125e-07, -0.0951249, 0, 0, 0.354951, -2.43931, 0, 1.83251, 1.10512e-06
96110, 0, 0, 0, 1.05125e-07, -0.0951249, 0, 0, 0.354951, -2.43931, 0, 1.83251, 1.10512e-06
96120, 0, 0, 0, 1.05125e-07, -0.0951249, 0, 0, 0.354951, -2.43931, 0, 1.83251, 1.10512e-06
96131, 0, 0, 0, 1.05125e-07, -0.0951249, 0, 0, 0.354951, -2.43931, 0, 1.83251, 1.10512e-06
96140, 0, 0, 0, 1.05125e-07, -0.0951249, 0, 0, 0.354951, -2.43931, 0, 1.83251, 1.10512e-06
96150, 0, 0, 0, 1.05125e-07, -0.0951249, 0, 0, 0.354951, -2.43931, 0, 1.83251, 1.10512e-06
96160, 0, 0, 0, 1.05125e-07, -0.0951249, 0, 0, 0.354951, -2.43931, 0, 1.83251, 1.10512e-06
96171, 0, 0, 0, 1.05125e-07, -0.0951249, 0, 0, 0.354951, -2.43931, 0, 1.83251, 1.10512e-06
96180, 0, 0, 0, 1.05125e-07, -0.0951249, 0, 0, 0.350238, -2.43931, 0, 1.83251, 1.10512e-06
96190, 0, 0, 0, 1.05125e-07, -0.0951249, 0, 0, 0.36478, -2.43931, 0, 1.83251, 1.10512e-06
96200, 0, 0, 0, 1.05125e-07, -0.0951249, 0, 0, 0.354951, -2.43931, 0, 1.83251, 1.10512e-06
96210, 0, 0, 0, 1.05125e-07, -0.0951249, 0, 0, 0.354951, -2.43931, 0, 1.83251, 1.10512e-06
96220, 0, 0, 0, 1.05125e-07, -0.0951249, 0, 0, 0.354951, -2.43931, 0, 1.83251, 1.10512e-06
96230, 0, 0, 0, 1.05125e-07, -0.0951249, 0, 0, 0.354951, -2.43931, 0, 1.83251, 1.10512e-06
96240, 0, 0, 0, 1.05125e-07, -0.0951249, 0, 0, 0.354951, -2.43931, 0, 1.83251, 1.10512e-06
96250, 0, 0, 0, 1.05125e-07, -0.0951249, 0, 0, 0.354951, -2.43931, 0, 1.83251, 1.10512e-06
96261, 0, 0, 0, 1.05125e-07, -0.0951249, 0, 0, 0.354951, -2.43931, 0, 1.83251, 1.10512e-06
96270, 0, 0, 0, 1.05125e-07, -0.0951249, 0, 0, 0.354951, -2.43931, 0, 1.83251, 1.10512e-06
96280, 0, 0, 0, 1.05125e-07, -0.0951249, 0, 0, 0.350238, -2.43931, 0, 1.83251, 1.10512e-06
96290, 0, 0, 0, 1.05125e-07, -0.0951249, 0, 0, 0.354951, -2.43931, 0, 1.83251, 1.10512e-06
96301, 0, 0, 0, 1.05125e-07, -0.0951249, 0, 0, 0.350238, -2.43931, 0, 1.83251, 1.10512e-06
96310, 0, 0, 0, 1.05125e-07, -0.0951249, 0, 0, 0.354951, -2.43931, 0, 1.83251, 1.10512e-06
96320, 0, 0, 0, 1.05125e-07, -0.0951249, 0, 0, 0.354951, -2.43931, 0, 1.83251, 1.10512e-06
96330, 0, 0, 0, 1.05125e-07, -0.0951249, 0, 0, 0.354951, -2.43931, 0, 1.83251, 1.10512e-06
96340, 0, 0, 0, 1.05125e-07, -0.0951249, 0, 0, 0.350238, -2.43931, 0, 1.83251, 1.10512e-06
96350, 0, 0, 0, 1.05125e-07, -0.0951249, 0, 0, 0.354951, -2.43931, 0, 1.83251, 1.10512e-06
96360, 0, 0, 0, 1.05125e-07, -0.0951249, 0, 0, 0.354951, -2.43931, 0, 1.83251, 1.10512e-06
96370, 0, 0, 0, 1.05125e-07, -0.0951249, 0, 0, 0.354951, -2.43931, 0, 1.83251, 1.10512e-06
96380, 0, 0, 0, 1.05125e-07, -0.0951249, 0, 0, 0.350238, -2.43931, 0, 1.83251, 1.10512e-06
96390, 0, 0, 0, 1.05125e-07, -0.0951249, 0, 0, 0.354951, -2.43931, 0, 1.83251, 1.10512e-06
96400, 0, 0, 0, 1.05125e-07, -0.0951249, 0, 0, 0.354951, -2.43931, 0, 1.83251, 1.10512e-06
96410, 0, 0, 0, 1.05125e-07, -0.0951249, 0, 0, 0.354951, -2.43931, 0, 1.83251, 1.10512e-06
96420, 0, 0, 0, 1.05125e-07, -0.0951249, 0, 0, 0.354951, -2.43931, 0, 1.83251, 1.10512e-06
96431, 0, 0, 0, 1.05125e-07, -0.0951249, 0, 0, 0.354951, -2.43931, 0, 1.83251, 1.10512e-06
96440, 0, 0, 0, 1.05125e-07, -0.0951249, 0, 0, 0.354951, -2.43931, 0, 1.83251, 1.10512e-06
96450, 0, 0, 0, 1.05125e-07, -0.0951249, 0, 0, 0.359796, -2.43931, 0, 1.83251, 1.10512e-06
96460, 0, 0, 0, 1.05125e-07, -0.0951249, 0, 0, 0.350238, -2.43931, 0, 1.83251, 1.10512e-06
96471, 0, 0, 0, 1.05125e-07, -0.0951249, 0, 0, 0.354951, -2.43931, 0, 1.83251, 1.10512e-06
96480, 0, 0, 0, 1.05125e-07, -0.0951249, 0, 0, 0.350238, -2.43931, 0, 1.83251, 1.10512e-06
96490, 0, 0, 0, 1.05125e-07, -0.0951249, 0, 0, 0.354951, -2.43931, 0, 1.83251, 1.10512e-06
96500, 0, 0, 0, 1.05125e-07, -0.0951249, 0, 0, 0.354951, -2.43931, 0, 1.83251, 1.10512e-06
96510, 0, 0, 0, 1.05125e-07, -0.0951249, 0, 0, 0.354951, -2.43931, 0, 1.83251, 1.10512e-06
96520, 0, 0, 0, 1.05125e-07, -0.0951249, 0, 0, 0.354951, -2.43931, 0, 1.83251, 1.10512e-06
96530, 0, 0, 0, 1.05125e-07, -0.0951249, 0, 0, 0.350238, -2.43931, 0, 1.83251, 1.10512e-06
96540, 0, 0, 0, 1.05125e-07, -0.0951249, 0, 0, 0.354951, -2.43931, 0, 1.83251, 1.10512e-06
96550, 0, 0, 0, 1.05125e-07, -0.0951249, 0, 0, 0.354951, -2.43931, 0, 1.83251, 1.10512e-06
96560, 0, 0, 0, 1.05125e-07, -0.0951249, 0, 0, 0.354951, -2.43931, 0, 1.83251, 1.10512e-06
96570, 0, 0, 0, 1.05125e-07, -0.0951249, 0, 0, 0.354951, -2.43931, 0, 1.83251, 1.10512e-06
96580, 0, 0, 0, 1.05125e-07, -0.0951249, 0, 0, 0.354951, -2.43931, 0, 1.83251, 1.10512e-06
96590, 0, 0, 0, 1.05125e-07, -0.0951249, 0, 0, 0.354951, -2.43931, 0, 1.83251, 1.10512e-06
96601, 0, 0, 0, 1.05125e-07, -0.0951249, 0, 0, 0.354951, -2.43931, 0, 1.83251, 1.10512e-06
96610, 0, 0, 0, 1.05125e-07, -0.0951249, 0, 0, 0.354951, -2.43931, 0, 1.83251, 1.10512e-06
96621, 0, 0, 0, 1.05125e-07, -0.0951249, 0, 0, 0.354951, -0.15, 0, 1.83251, 1.10512e-06
96630, 0.150825, 0.16825, 11.2712, 1.00024e-06, -0.9999, 0, 0, 0.354951, -0.35493, 0, 0.204951, 0.010001
96641, 0.449398, 0.501318, 11.0412, 5.02547e-07, -0.502547, 0, 0, 0.350238, -0.35075, 0, -0.00102898, 2.01024e-06
96651, 0.744197, 0.830176, 10.989, 3.38864e-07, -0.338864, 0, 0, 0.354951, -0.349801, 0, 0.00778913, 1.51255e-06
96661, 1.03733, 1.15717, 10.9167, 2.58635e-07, -0.258635, 0, 0, 0.354951, -0.348485, 0, 0.00872114, 1.34886e-06
96670, 1.31906, 1.48192, 10.8382, 2.11751e-07, -0.211751, 0.701248, 0, 0.354951, -0.347057, 0, 0.0100135, 1.26864e-06
96680, 1.58933, 1.79389, 10.7584, 1.81503e-07, -0.181503, 0.697742, 0.697742, 0.354951, -0.345607, 0, 0.0114155, 1.22175e-06
96691, 1.85697, 2.09245, 10.6379, 1.60724e-07, -0.160724, 0.697742, 0.697742, 0.350238, -0.343417, 0, 0.00812739, 1.1915e-06
96701, 2.11263, 2.3777, 10.568, 1.45828e-07, -0.145828, 1.4025, 1.39899, 0.354951, -0.342146, 0, 0.0149911, 1.17072e-06
96711, 2.35664, 2.64472, 10.4646, 1.34819e-07, -0.134819, 1.39548, 1.74611, 0.350238, -0.340265, 0, 0.0115269, 1.15583e-06
96720, 2.58901, 2.89336, 10.4034, 1.26499e-07, -0.126499, 2.10725, 2.46489, 0.354951, -0.339152, 0, 0.0180865, 1.14482e-06
96731, 2.80091, 3.1244, 10.3441, 1.20105e-07, -0.120105, 2.80499, 2.80499, 0.354951, -0.338074, 0, 0.0191797, 1.1365e-06
96741, 3.00118, 3.33739, 10.2285, 1.15127e-07, -0.115127, 2.80149, 3.49923, 0.345653, -0.335972, 0, 0.0109401, 1.13011e-06
96751, 3.1899, 3.53221, 10.1821, 1.11211e-07, -0.111211, 3.50624, 3.86037, 0.354951, -0.335128, 0, 0.0223027, 1.12513e-06
96760, 3.36183, 3.70826, 10.0299, 1.08107e-07, -0.108107, 3.85687, 4.55811, 0.336844, -0.332362, 0, 0.00502524, 1.12121e-06
96771, 3.51586, 3.86438, 9.89562, 1.05631e-07, -0.105631, 4.55811, 4.90874, 0.336844, -0.32992, 0, 0.00774169, 1.11811e-06
96781, 3.65252, 4.00112, 9.77654, 1.03647e-07, -0.103647, 4.90173, 5.60297, 0.336844, -0.327755, 0, 0.01014, 1.11563e-06
96791, 3.78111, 4.11861, 9.64687, 1.02049e-07, -0.102049, 4.91224, 5.95009, 0.332612, -0.325398, 0, 0.00803375, 1.11365e-06
96800, 3.8973, 4.22729, 9.55525, 1.00759e-07, -0.100759, 5.60648, 5.97113, 0.336844, -0.323732, 0, 0.0145818, 1.11205e-06
96811, 3.99689, 4.32247, 9.45018, 9.97148e-08, -0.0997148, 5.9571, 6.65835, 0.332612, -0.321821, 0, 0.0119854, 1.11076e-06
96821, 4.08483, 4.39959, 9.37965, 9.88676e-08, -0.0988676, 6.30072, 7.00547, 0.336844, -0.320539, 0, 0.0180942, 1.10971e-06
96831, 4.16615, 4.46413, 9.31649, 9.81791e-08, -0.0981791, 6.31825, 7.36661, 0.336844, -0.319391, 0, 0.0193537, 1.10887e-06
96840, 4.24074, 4.51598, 9.2372, 9.76188e-08, -0.0976188, 6.66186, 7.71373, 0.332612, -0.317949, 0, 0.0162487, 1.10818e-06
96850, 4.29977, 4.5608, 9.1891, 9.71623e-08, -0.0971623, 7.35259, 7.71023, 0.336844, -0.317075, 0, 0.0218973, 1.10762e-06
96861, 4.35183, 4.59783, 9.05924, 9.679e-08, -0.09679, 7.00547, 8.05734, 0.320549, -0.314713, 0, 0.00646049, 1.10716e-06
96871, 4.40001, 4.62043, 8.92361, 9.64863e-08, -0.0964863, 7.37713, 8.41147, 0.316726, -0.312247, 0, 0.00495699, 1.10679e-06
96880, 4.43533, 4.6389, 8.80316, 9.62382e-08, -0.0962382, 7.71023, 8.07838, 0.316726, -0.310057, 0, 0.00737891, 1.10649e-06
96890, 4.4631, 4.64889, 8.69614, 9.60356e-08, -0.0960356, 7.71373, 8.75158, 0.316726, -0.308112, 0, 0.0095298, 1.10624e-06
96901, 4.48379, 4.65103, 8.62117, 9.587e-08, -0.09587, 8.05734, 8.42199, 0.320549, -0.306749, 0, 0.0152633, 1.10604e-06
96911, 4.49637, 4.64931, 8.44075, 9.57345e-08, -0.0957345, 8.06436, 8.75509, 0.298947, -0.303468, 0, -0.00499931, 1.10587e-06
96921, 4.50004, 4.63242, 8.31659, 9.56238e-08, -0.0956238, 8.41849, 9.13376, 0.305805, -0.301211, 0, 0.00508004, 1.10573e-06
96930, 4.49589, 4.61193, 8.20627, 9.55332e-08, -0.0955332, 8.41498, 8.7621, 0.305805, -0.299205, 0, 0.00729716, 1.10562e-06
96941, 4.48787, 4.59247, 8.02126, 9.54591e-08, -0.0954591, 8.41147, 8.76911, 0.289239, -0.295841, 0, -0.00729889, 1.10553e-06
96951, 4.47554, 4.5683, 7.87351, 9.53985e-08, -0.0953985, 8.40446, 8.74457, 0.292402, -0.293155, 0, -0.000832647, 1.10546e-06
96961, 4.45448, 4.53962, 7.72566, 9.53489e-08, -0.0953488, 8.76911, 8.77612, 0.289239, -0.290467, 0, -0.00135693, 1.1054e-06
96970, 4.42953, 4.50117, 7.59429, 9.53082e-08, -0.0953082, 8.41498, 9.11973, 0.289239, -0.288078, 0, 0.00128329, 1.10535e-06
96980, 4.40596, 4.45388, 7.47756, 9.5275e-08, -0.095275, 8.41849, 9.11973, 0.289239, -0.285956, 0, 0.00362912, 1.10531e-06
96991, 4.37395, 4.41289, 7.31112, 9.52478e-08, -0.0952478, 8.7621, 8.41498, 0.277269, -0.282929, 0, -0.00625667, 1.10528e-06
97001, 4.33328, 4.37281, 7.16323, 9.52255e-08, -0.0952255, 8.75158, 8.74457, 0.277269, -0.280241, 0, -0.00328463, 1.10525e-06
97010, 4.29377, 4.32349, 7.04698, 9.52073e-08, -0.0952073, 8.41147, 8.76911, 0.280164, -0.278127, 0, 0.00225115, 1.10523e-06
97020, 4.24992, 4.26406, 6.87101, 9.51924e-08, -0.0951924, 8.78314, 9.13025, 0.266286, -0.274927, 0, -0.00955087, 1.10521e-06
97031, 4.20158, 4.20496, 6.71464, 9.51801e-08, -0.0951801, 8.41498, 8.41498, 0.266286, -0.272084, 0, -0.0064086, 1.10519e-06
97041, 4.15422, 4.15746, 6.57569, 9.51701e-08, -0.0951701, 8.41498, 8.05734, 0.266286, -0.269558, 0, -0.00361639, 1.10518e-06
97050, 4.10357, 4.11143, 6.46613, 9.51619e-08, -0.0951619, 8.41147, 8.06786, 0.268946, -0.267566, 0, 0.00152484, 1.10517e-06
97060, 4.05466, 4.05677, 6.35485, 9.51552e-08, -0.0951552, 8.06436, 8.41498, 0.266286, -0.265543, 0, 0.000821263, 1.10516e-06
97071, 4.00233, 3.99315, 6.20303, 9.51497e-08, -0.0951497, 8.40446, 8.40446, 0.256173, -0.262782, 0, -0.00730461, 1.10516e-06
97081, 3.94642, 3.93079, 6.08094, 9.51452e-08, -0.0951452, 8.05734, 8.05734, 0.258625, -0.260563, 0, -0.00214121, 1.10515e-06
97091, 3.89194, 3.87, 5.97245, 9.51416e-08, -0.0951416, 8.06786, 8.06786, 0.258625, -0.25859, 0, 3.88324e-05, 1.10515e-06
97100, 3.83369, 3.80514, 5.81431, 9.51385e-08, -0.0951385, 8.07137, 8.06436, 0.24683, -0.255715, 0, -0.00981875, 1.10514e-06
97111, 3.77638, 3.74131, 5.67378, 9.51361e-08, -0.0951361, 7.69971, 7.69971, 0.24683, -0.25316, 0, -0.00699495, 1.10514e-06
97121, 3.71561, 3.67875, 5.54889, 9.51341e-08, -0.0951341, 8.06436, 7.71373, 0.24683, -0.250889, 0, -0.00448547, 1.10514e-06
97131, 3.6515, 3.6177, 5.4379, 9.51324e-08, -0.0951324, 7.71373, 7.36311, 0.24683, -0.248871, 0, -0.00225538, 1.10513e-06
97140, 3.59341, 3.55813, 5.30498, 9.5131e-08, -0.095131, 7.37012, 7.37012, 0.240277, -0.246454, 0, -0.00682625, 1.10513e-06
97150, 3.53186, 3.49465, 5.17585, 9.51299e-08, -0.0951299, 7.71023, 7.36311, 0.238173, -0.244106, 0, -0.00655682, 1.10513e-06
97161, 3.46757, 3.42812, 5.0721, 9.5129e-08, -0.095129, 7.34207, 7.34207, 0.240277, -0.24222, 0, -0.00214684, 1.10513e-06
97171, 3.4091, 3.36294, 4.9268, 9.51283e-08, -0.0951283, 7.02651, 7.023, 0.230129, -0.239578, 0, -0.0104423, 1.10513e-06
97180, 3.35136, 3.29854, 4.79768, 9.51277e-08, -0.0951277, 7.01248, 7.01599, 0.230129, -0.23723, 0, -0.0078477, 1.10513e-06
97190, 3.29074, 3.23614, 4.69316, 9.51272e-08, -0.0951272, 7.00898, 6.65485, 0.232086, -0.23533, 0, -0.00358479, 1.10513e-06
97201, 3.23136, 3.18058, 4.55083, 9.51268e-08, -0.0951268, 6.67238, 6.31124, 0.222635, -0.232742, 0, -0.0111696, 1.10513e-06
97211, 3.16856, 3.12628, 4.4339, 9.51264e-08, -0.0951264, 7.00547, 6.31124, 0.22446, -0.230616, 0, -0.00680301, 1.10513e-06
97221, 3.10697, 3.06291, 4.28381, 9.51262e-08, -0.0951262, 6.31474, 6.65134, 0.215637, -0.227887, 0, -0.0135384, 1.10513e-06
97230, 3.04649, 2.9955, 4.15935, 9.51259e-08, -0.0951259, 6.64783, 6.30773, 0.217343, -0.225625, 0, -0.00915241, 1.10513e-06
97241, 2.98751, 2.93484, 4.04874, 9.51258e-08, -0.0951257, 5.96762, 5.96412, 0.217343, -0.223614, 0, -0.00692999, 1.10513e-06
97251, 2.93027, 2.87611, 3.94152, 9.51256e-08, -0.0951256, 6.30072, 5.96061, 0.215637, -0.221664, 0, -0.0066608, 1.10513e-06
97261, 2.87031, 2.81959, 3.84624, 9.51255e-08, -0.0951255, 5.96762, 5.61349, 0.215637, -0.219932, 0, -0.0047462, 1.10513e-06
97270, 2.81204, 2.75987, 3.72728, 9.51254e-08, -0.0951254, 5.96061, 5.96061, 0.209086, -0.217769, 0, -0.00959526, 1.10513e-06
97281, 2.75554, 2.69695, 3.62157, 9.51253e-08, -0.0951253, 5.60999, 5.60297, 0.209086, -0.215847, 0, -0.00747114, 1.10513e-06
97291, 2.69668, 2.64175, 3.53598, 9.51252e-08, -0.0951252, 5.94659, 5.25235, 0.210684, -0.214291, 0, -0.0039854, 1.10513e-06
97301, 2.63971, 2.58343, 3.41942, 9.51252e-08, -0.0951252, 5.26638, 5.60999, 0.202942, -0.212171, 0, -0.0101995, 1.10513e-06
97310, 2.58909, 2.52168, 3.32367, 9.51251e-08, -0.0951251, 5.25936, 5.26988, 0.204442, -0.21043, 0, -0.00661784, 1.10513e-06
97320, 2.53554, 2.46702, 3.18608, 9.51251e-08, -0.0951251, 5.25235, 4.90173, 0.194408, -0.207929, 0, -0.014942, 1.10513e-06
97331, 2.47879, 2.41419, 3.07825, 9.51251e-08, -0.0951251, 5.25235, 4.90173, 0.197167, -0.205968, 0, -0.00972614, 1.10513e-06
97341, 2.42393, 2.35827, 2.98979, 9.5125e-08, -0.095125, 4.91575, 4.91224, 0.198578, -0.20436, 0, -0.00638962, 1.10513e-06
97350, 2.37086, 2.3043, 2.8685, 9.5125e-08, -0.095125, 4.90874, 4.56162, 0.19042, -0.202155, 0, -0.0129687, 1.10513e-06
97360, 2.3149, 2.24712, 2.76071, 9.5125e-08, -0.095125, 4.90173, 4.89822, 0.19042, -0.200195, 0, -0.0108028, 1.10512e-06
97371, 2.26087, 2.19208, 2.66491, 9.5125e-08, -0.095125, 4.56162, 4.2145, 0.19042, -0.198453, 0, -0.00887792, 1.10512e-06
97381, 2.20911, 2.13952, 2.57978, 9.5125e-08, -0.095125, 4.5511, 4.5511, 0.19042, -0.196905, 0, -0.00716731, 1.10512e-06
97391, 2.16003, 2.08477, 2.51097, 9.5125e-08, -0.095125, 4.20749, 4.20749, 0.19173, -0.195654, 0, -0.00433697, 1.10512e-06
97400, 2.10872, 2.03276, 2.41652, 9.5125e-08, -0.095125, 4.55461, 4.20398, 0.185364, -0.193937, 0, -0.00947449, 1.10512e-06
97411, 2.05502, 1.98333, 2.33258, 9.5125e-08, -0.095125, 4.20749, 3.85687, 0.185364, -0.192411, 0, -0.00778785, 1.10512e-06
97421, 2.00389, 1.93676, 2.25798, 9.51249e-08, -0.095125, 4.20398, 3.85336, 0.185364, -0.191054, 0, -0.00628895, 1.10512e-06
97431, 1.95523, 1.89295, 2.16668, 9.51249e-08, -0.0951249, 3.85687, 3.50624, 0.180585, -0.189394, 0, -0.00973585, 1.10512e-06
97440, 1.90896, 1.84661, 2.08555, 9.51249e-08, -0.0951249, 3.85336, 3.84985, 0.180585, -0.187919, 0, -0.00810556, 1.10512e-06
97451, 1.86064, 1.79271, 2.01344, 9.51249e-08, -0.0951249, 3.85687, 3.86037, 0.180585, -0.186608, 0, -0.00665671, 1.10512e-06
97461, 1.81518, 1.74195, 1.94936, 9.51249e-08, -0.0951249, 3.50274, 3.50274, 0.180585, -0.185443, 0, -0.00536911, 1.10512e-06
97471, 1.77233, 1.69415, 1.85737, 9.51249e-08, -0.0951249, 3.50624, 3.50624, 0.173888, -0.18377, 0, -0.0109217, 1.10512e-06
97480, 1.72731, 1.6491, 1.78699, 9.51249e-08, -0.0951249, 3.50274, 3.15562, 0.17606, -0.182491, 0, -0.00710635, 1.10512e-06
97490, 1.6852, 1.60731, 1.72445, 9.51249e-08, -0.0951249, 3.15562, 3.15562, 0.17606, -0.181354, 0, -0.00584958, 1.10512e-06
97501, 1.6459, 1.56352, 1.64642, 9.51249e-08, -0.0951249, 3.15211, 3.14861, 0.171771, -0.179935, 0, -0.00902177, 1.10512e-06
97511, 1.60932, 1.528, 1.57708, 9.51249e-08, -0.0951249, 2.80499, 2.45437, 0.171771, -0.178674, 0, -0.00762849, 1.10512e-06
97520, 1.57563, 1.49566, 1.51546, 9.51249e-08, -0.0951249, 2.80499, 2.80499, 0.171771, -0.177554, 0, -0.00639027, 1.10512e-06
97530, 1.53569, 1.46157, 1.46069, 9.51249e-08, -0.0951249, 3.15562, 2.45437, 0.171771, -0.176558, 0, -0.00528987, 1.10512e-06
97541, 1.49449, 1.42608, 1.41752, 9.51249e-08, -0.0951249, 2.80149, 2.80149, 0.172823, -0.175773, 0, -0.0032607, 1.10512e-06
97551, 1.45682, 1.38929, 1.37366, 9.51249e-08, -0.0951249, 2.80499, 2.45437, 0.171771, -0.174976, 0, -0.00354108, 1.10512e-06
97561, 1.41771, 1.35613, 1.31337, 9.51249e-08, -0.0951249, 2.80499, 2.45437, 0.167699, -0.173879, 0, -0.00682971, 1.10512e-06
97570, 1.38183, 1.32134, 1.26502, 9.51249e-08, -0.0951249, 2.45437, 2.45437, 0.168698, -0.173, 0, -0.00475466, 1.10512e-06
97581, 1.34933, 1.28514, 1.21167, 9.51249e-08, -0.0951249, 2.45086, 2.44736, 0.166713, -0.17203, 0, -0.00587574, 1.10512e-06
97591, 1.31556, 1.25275, 1.16941, 9.51249e-08, -0.0951249, 2.45437, 2.10374, 0.167699, -0.171262, 0, -0.00393705, 1.10512e-06
97601, 1.28067, 1.21906, 1.13186, 9.51249e-08, -0.0951249, 2.45437, 2.45437, 0.167699, -0.170579, 0, -0.00318249, 1.10512e-06
97610, 1.24924, 1.18406, 1.07823, 9.51249e-08, -0.0951249, 2.10374, 2.10024, 0.163829, -0.169604, 0, -0.00638273, 1.10512e-06
97620, 1.21652, 1.15278, 1.03057, 9.51249e-08, -0.0951249, 2.45086, 2.10374, 0.163829, -0.168738, 0, -0.00542514, 1.10512e-06
97631, 1.18732, 1.12016, 0.988221, 9.51249e-08, -0.0951249, 1.74961, 2.10024, 0.163829, -0.167968, 0, -0.00457413, 1.10512e-06
97641, 1.1617, 1.09158, 0.950583, 9.51249e-08, -0.0951249, 2.10374, 1.75312, 0.163829, -0.167283, 0, -0.00381786, 1.10512e-06
97650, 1.1352, 1.0672, 0.922101, 9.51249e-08, -0.0951249, 1.74961, 1.75312, 0.164778, -0.166765, 0, -0.00219606, 1.10512e-06
97660, 1.11234, 1.04165, 0.872546, 9.51249e-08, -0.0951249, 1.75312, 1.75312, 0.160144, -0.165864, 0, -0.00632143, 1.10512e-06
97671, 1.08823, 1.01476, 0.828506, 9.51249e-08, -0.0951249, 1.74961, 1.74961, 0.160144, -0.165064, 0, -0.00543652, 1.10512e-06
97681, 1.06775, 0.991906, 0.789368, 9.51249e-08, -0.0951249, 1.39899, 1.39899, 0.160144, -0.164352, 0, -0.00465012, 1.10512e-06
97690, 1.04629, 0.96797, 0.759317, 9.51249e-08, -0.0951249, 1.75312, 1.75312, 0.161049, -0.163806, 0, -0.00304691, 1.10512e-06
97700, 1.02401, 0.943065, 0.727879, 9.51249e-08, -0.0951249, 1.39899, 1.4025, 0.160144, -0.163234, 0, -0.00341462, 1.10512e-06
97711, 1.00094, 0.927741, 0.699941, 9.51249e-08, -0.0951249, 1.75312, 1.05187, 0.160144, -0.162726, 0, -0.00285324, 1.10512e-06
97721, 0.977223, 0.911753, 0.679843, 9.51249e-08, -0.0951249, 1.39899, 1.39899, 0.161049, -0.162361, 0, -0.00145003, 1.10512e-06
97731, 0.957382, 0.889619, 0.638882, 9.51249e-08, -0.0951249, 1.4025, 1.4025, 0.156633, -0.161616, 0, -0.00550637, 1.10512e-06
97740, 0.936458, 0.866278, 0.60248, 9.51249e-08, -0.0951249, 1.4025, 1.4025, 0.156633, -0.160954, 0, -0.00477494, 1.10512e-06
97751, 0.914614, 0.847144, 0.57013, 9.51249e-08, -0.0951249, 1.4025, 1.05187, 0.156633, -0.160366, 0, -0.00412492, 1.10512e-06
97761, 0.896692, 0.832385, 0.54138, 9.51249e-08, -0.0951249, 1.04837, 1.04837, 0.156633, -0.159843, 0, -0.00354725, 1.10512e-06
97771, 0.878043, 0.816815, 0.51583, 9.51249e-08, -0.0951249, 1.4025, 1.05187, 0.156633, -0.159379, 0, -0.00303386, 1.10512e-06
97780, 0.858748, 0.800473, 0.493124, 9.51249e-08, -0.0951249, 1.04837, 1.05187, 0.156633, -0.158966, 0, -0.00257763, 1.10512e-06
97790, 0.843571, 0.778256, 0.472945, 9.51249e-08, -0.0951249, 1.05187, 1.4025, 0.156633, -0.158599, 0, -0.00217217, 1.10512e-06
97801, 0.823252, 0.75559, 0.459522, 9.51249e-08, -0.0951249, 1.39899, 1.04837, 0.157496, -0.158355, 0, -0.000949681, 1.10512e-06
97811, 0.8023, 0.742685, 0.425559, 9.51249e-08, -0.0951249, 1.05187, 0.701248, 0.153284, -0.157737, 0, -0.00492163, 1.10512e-06
97820, 0.785181, 0.72877, 0.395376, 9.51249e-08, -0.0951249, 1.04837, 1.05187, 0.153284, -0.157189, 0, -0.00431515, 1.10512e-06
97830, 0.771991, 0.70877, 0.368552, 9.51249e-08, -0.0951249, 0.701248, 1.05187, 0.153284, -0.156701, 0, -0.00377618, 1.10512e-06
97841, 0.758123, 0.6933, 0.344714, 9.51249e-08, -0.0951249, 1.04837, 0.697742, 0.153284, -0.156268, 0, -0.00329719, 1.10512e-06
97851, 0.739008, 0.67721, 0.323529, 9.51249e-08, -0.0951249, 1.04837, 1.04837, 0.153284, -0.155882, 0, -0.00287153, 1.10512e-06
97861, 0.724049, 0.655236, 0.304702, 9.51249e-08, -0.0951249, 0.697742, 1.05187, 0.153284, -0.15554, 0, -0.00249323, 1.10512e-06
97870, 0.713317, 0.637978, 0.292275, 9.51249e-08, -0.0951249, 0.701248, 0.701248, 0.154107, -0.155314, 0, -0.00133418, 1.10512e-06
97881, 0.7021, 0.625465, 0.268463, 9.51249e-08, -0.0951249, 0.697742, 0.697742, 0.151666, -0.154881, 0, -0.00355276, 1.10512e-06
97891, 0.685702, 0.612407, 0.255765, 9.51249e-08, -0.0951249, 1.05187, 0.701248, 0.153284, -0.15465, 0, -0.00150992, 1.10512e-06
97901, 0.668994, 0.599003, 0.248784, 9.51249e-08, -0.0951249, 0.701248, 0.701248, 0.154107, -0.154523, 0, -0.000460312, 1.10512e-06
97910, 0.656744, 0.585338, 0.238276, 9.51249e-08, -0.0951249, 0.701248, 0.701248, 0.153284, -0.154332, 0, -0.00115852, 1.10512e-06
97921, 0.644276, 0.571429, 0.228937, 9.51249e-08, -0.0951249, 0.697742, 0.697742, 0.153284, -0.154162, 0, -0.00097087, 1.10512e-06
97931, 0.636263, 0.56249, 0.220638, 9.51249e-08, -0.0951249, 0.350624, 0.350624, 0.153284, -0.154012, 0, -0.000804111, 1.10512e-06
97941, 0.627994, 0.553318, 0.213263, 9.51249e-08, -0.0951249, 0.701248, 0.697742, 0.153284, -0.153877, 0, -0.000655919, 1.10512e-06
97950, 0.614904, 0.538768, 0.211013, 9.51249e-08, -0.0951249, 0.701248, 0.701248, 0.154107, -0.153837, 0, 0.000298634, 1.10512e-06
97960, 0.606438, 0.529324, 0.204709, 9.51249e-08, -0.0951249, 0.347118, 0.347118, 0.153284, -0.153722, 0, -0.000484049, 1.10512e-06
97971, 0.602552, 0.524989, 0.199106, 9.51249e-08, -0.0951249, 0.347118, 0.347118, 0.153284, -0.15362, 0, -0.000371471, 1.10512e-06
97981, 0.593561, 0.514959, 0.177391, 9.51249e-08, -0.0951249, 0.701248, 0.701248, 0.150085, -0.153225, 0, -0.00347036, 1.10512e-06
97990, 0.583975, 0.504265, 0.158092, 9.51249e-08, -0.0951249, 0.350624, 0.350624, 0.150085, -0.152874, 0, -0.00308259, 1.10512e-06
98000, 0.578639, 0.498314, 0.140941, 9.51249e-08, -0.0951249, 0.347118, 0.347118, 0.150085, -0.152563, 0, -0.00273798, 1.10512e-06
98011, 0.572871, 0.491878, 0.1257, 9.51249e-08, -0.0951249, 0.350624, 0.350624, 0.150085, -0.152285, 0, -0.00243172, 1.10512e-06
98021, 0.566717, 0.485013, 0.112154, 9.51249e-08, -0.0951249, 0.347118, 0.347118, 0.150085, -0.152039, 0, -0.00215955, 1.10512e-06
98031, 0.560166, 0.477706, 0.0960488, 9.51249e-08, -0.0951249, 0.350624, 0.350624, 0.149308, -0.151746, 0, -0.00269507, 1.10512e-06
98040, 0.553215, 0.469953, 0.0858034, 9.51249e-08, -0.0951249, 0.350624, 0.350624, 0.150085, -0.15156, 0, -0.00163008, 1.10512e-06
98051, 0.546061, 0.461972, 0.0808123, 9.51249e-08, -0.0951249, 0.350624, 0.350624, 0.150871, -0.151469, 0, -0.000660956, 1.10512e-06
98061, 0.538828, 0.453903, 0.076376, 9.51249e-08, -0.0951249, 0.347118, 0.347118, 0.150871, -0.151389, 0, -0.000571817, 1.10512e-06
98071, 0.531427, 0.450881, 0.0683205, 9.51249e-08, -0.0951249, 0.350624, 0, 0.150085, -0.151242, 0, -0.00127879, 1.10512e-06
98080, 0.523776, 0.44758, 0.0611616, 9.51249e-08, -0.0951249, 0.350624, 0.350624, 0.150085, -0.151112, 0, -0.00113495, 1.10512e-06
98091, 0.520636, 0.444077, 0.0547993, 9.51249e-08, -0.0951249, 0, 0, 0.150085, -0.150996, 0, -0.00100711, 1.10512e-06
98101, 0.517437, 0.440508, 0.0532585, 9.51249e-08, -0.0951249, 0.347118, 0.347118, 0.150871, -0.150968, 0, -0.000107318, 1.10512e-06
98111, 0.509499, 0.431653, 0.0477757, 9.51249e-08, -0.0951249, 0.347118, 0.347118, 0.150085, -0.150869, 0, -0.000865981, 1.10512e-06
98120, 0.506068, 0.422592, 0.0429033, 9.51249e-08, -0.0951249, 0, 0.350624, 0.150085, -0.15078, 0, -0.00076808, 1.10512e-06
98130, 0.502521, 0.418635, 0.0426862, 9.51249e-08, -0.0951249, 0.350624, 0, 0.150871, -0.150776, 0, 0.000105113, 1.10512e-06
98141, 0.498914, 0.414611, 0.0383802, 9.51249e-08, -0.0951249, 0, 0.350624, 0.150085, -0.150698, 0, -0.000677198, 1.10512e-06
98151, 0.495198, 0.410466, 0.0345536, 9.51249e-08, -0.0951249, 0.350624, 0, 0.150085, -0.150628, 0, -0.000600308, 1.10512e-06
98160, 0.486694, 0.406213, 0.0311524, 9.51249e-08, -0.0951249, 0.350624, 0.350624, 0.150085, -0.150566, 0, -0.000531971, 1.10512e-06
98170, 0.482795, 0.401864, 0.0281307, 9.51249e-08, -0.0951249, 0, 0, 0.150085, -0.150511, 0, -0.000471249, 1.10512e-06
98181, 0.478867, 0.397482, 0.0254442, 9.51249e-08, -0.0951249, 0.347118, 0.347118, 0.150085, -0.150463, 0, -0.000417277, 1.10512e-06
98191, 0.474871, 0.393025, 0.0230568, 9.51249e-08, -0.0951249, 0, 0, 0.150085, -0.150419, 0, -0.00036931, 1.10512e-06
98201, 0.470768, 0.3885, 0.0209358, 9.51249e-08, -0.0951249, 0.350624, 0.347118, 0.150085, -0.150381, 0, -0.000326678, 1.10512e-06
98210, 0.466557, 0.383854, 0.0149833, 9.51249e-08, -0.0951249, 0, 0, 0.149308, -0.150272, 0, -0.00106619, 1.10512e-06
98221, 0.466941, 0.384283, 0.0137605, 9.51249e-08, -0.0951249, 0, 0, 0.150085, -0.15025, 0, -0.000182509, 1.10512e-06
98231, 0.46265, 0.379496, 0.0126737, 9.51249e-08, -0.0951249, 0.347118, 0.347118, 0.150085, -0.15023, 0, -0.000160679, 1.10512e-06
98241, 0.458331, 0.374679, 0.0117083, 9.51249e-08, -0.0951249, 0, 0, 0.150085, -0.150213, 0, -0.000141278, 1.10512e-06
98250, 0.453941, 0.375015, 0.0108502, 9.51249e-08, -0.0951249, 0.350624, 0, 0.150085, -0.150197, 0, -0.000124037, 1.10512e-06
98260, 0.44953, 0.370094, 0.0100872, 9.51249e-08, -0.0951249, 0, 0.350624, 0.150085, -0.150183, 0, -0.000108704, 1.10512e-06
98271, 0.44979, 0.365151, 0.00940941, 9.51249e-08, -0.0951249, 0, 0, 0.150085, -0.150171, 0, -9.50843e-05, 1.10512e-06
98281, 0.445397, 0.365484, 0.0129204, 9.51249e-08, -0.0951249, 0.350624, 0, 0.150871, -0.150235, 0, 0.000703201, 1.10512e-06
98290, 0.441038, 0.365855, 0.0119271, 9.51249e-08, -0.0951249, 0, 0, 0.150085, -0.150217, 0, -0.000145674, 1.10512e-06
98300, 0.441345, 0.360964, 0.0110444, 9.51249e-08, -0.0951249, 0, 0.350624, 0.150085, -0.150201, 0, -0.000127941, 1.10512e-06
98311, 0.441685, 0.35611, 0.0143735, 9.51249e-08, -0.0951249, 0, 0, 0.150871, -0.150261, 0, 0.000674009, 1.10512e-06
98321, 0.437363, 0.356522, 0.0132187, 9.51249e-08, -0.0951249, 0.350624, 0, 0.150085, -0.15024, 0, -0.000171632, 1.10512e-06
98330, 0.433011, 0.356901, 0.0121927, 9.51249e-08, -0.0951249, 0, 0, 0.150085, -0.150222, 0, -0.000151008, 1.10512e-06
98340, 0.433325, 0.357251, 0.0112805, 9.51249e-08, -0.0951249, 0, 0, 0.150085, -0.150205, 0, -0.00013268, 1.10512e-06
98351, 0.433616, 0.352394, 0.0104699, 9.51249e-08, -0.0951249, 0, 0.347118, 0.150085, -0.15019, 0, -0.000116393, 1.10512e-06
98361, 0.433832, 0.347454, 0.00568286, 9.51249e-08, -0.0951249, 0, 0, 0.149308, -0.150103, 0, -0.000879318, 1.10512e-06
98370, 0.433982, 0.347621, 0.00549518, 9.51249e-08, -0.0951249, 0, 0, 0.150085, -0.1501, 0, -1.6436e-05, 1.10512e-06
98380, 0.429435, 0.347782, 0.00532798, 9.51249e-08, -0.0951249, 0.350624, 0, 0.150085, -0.150097, 0, -1.30832e-05, 1.10512e-06
98391, 0.424939, 0.348001, 0.00929303, 9.51249e-08, -0.0951249, 0, 0, 0.150871, -0.150169, 0, 0.000776082, 1.10512e-06
98401, 0.425179, 0.348269, 0.00870377, 9.51249e-08, -0.0951249, 0, 0, 0.150085, -0.150158, 0, -8.08984e-05, 1.10512e-06
98411, 0.425405, 0.348521, 0.00818007, 9.51249e-08, -0.0951249, 0, 0, 0.150085, -0.150149, 0, -7.03782e-05, 1.10512e-06
98420, 0.425404, 0.34852, -0.00828579, 9.51249e-08, -0.0951249, 0, 0, 0.147027, -0.149849, 0, -0.00311936, 1.10512e-06
98430, 0.424986, 0.34282, -0.0229191, 9.51249e-08, -0.0951249, 0, 0.350624, 0.147027, -0.149583, 0, -0.00282533, 1.10512e-06
98441, 0.424413, 0.336947, -0.0199236, 9.51249e-08, -0.0951249, 0, 0, 0.150085, -0.149638, 0, 0.000494301, 1.10512e-06
98451, 0.423916, 0.336391, -0.0172608, 9.51249e-08, -0.0951249, 0, 0, 0.150085, -0.149686, 0, 0.000440806, 1.10512e-06
98460, 0.42354, 0.335973, -0.0107822, 9.51249e-08, -0.0951249, 0, 0, 0.150871, -0.149804, 0, 0.00117946, 1.10512e-06
98470, 0.423274, 0.335676, -0.00913732, 9.51249e-08, -0.0951249, 0, 0, 0.150085, -0.149834, 0, 0.000277579, 1.10512e-06
98481, 0.418357, 0.335425, -0.00767604, 9.51249e-08, -0.0951249, 0.350624, 0, 0.150085, -0.14986, 0, 0.000248209, 1.10512e-06
98491, 0.413477, 0.335215, -0.00637703, 9.51249e-08, -0.0951249, 0, 0, 0.150085, -0.149884, 0, 0.000222117, 1.10512e-06
98500, 0.413322, 0.335042, -0.00522226, 9.51249e-08, -0.0951249, 0, 0, 0.150085, -0.149905, 0, 0.000198916, 1.10512e-06
98510, 0.413141, 0.33484, -0.00826284, 9.51249e-08, -0.0951249, 0, 0, 0.149308, -0.14985, 0, -0.000599101, 1.10512e-06
98521, 0.412724, 0.334375, -0.0228994, 9.51249e-08, -0.0951249, 0, 0, 0.147027, -0.149584, 0, -0.00282574, 1.10512e-06
98531, 0.411937, 0.333497, -0.0359067, 9.51249e-08, -0.0951249, 0, 0, 0.147027, -0.149347, 0, -0.00256437, 1.10512e-06
98540, 0.410874, 0.332311, -0.0435328, 9.51249e-08, -0.0951249, 0, 0, 0.147779, -0.149208, 0, -0.00158019, 1.10512e-06
98550, 0.409566, 0.330852, -0.0542437, 9.51249e-08, -0.0951249, 0, 0, 0.147027, -0.149014, 0, -0.00219592, 1.10512e-06
98561, 0.407987, 0.323856, -0.0637621, 9.51249e-08, -0.0951249, 0, 0.350624, 0.147027, -0.148841, 0, -0.00200467, 1.10512e-06
98571, 0.406167, 0.316593, -0.0722208, 9.51249e-08, -0.0951249, 0, 0, 0.147027, -0.148687, 0, -0.00183471, 1.10512e-06
98581, 0.404134, 0.314324, -0.0797386, 9.51249e-08, -0.0951249, 0, 0, 0.147027, -0.14855, 0, -0.00168365, 1.10512e-06
98590, 0.401963, 0.311903, -0.0824858, 9.51249e-08, -0.0951249, 0, 0, 0.147779, -0.1485, 0, -0.000797495, 1.10512e-06
98600, 0.399884, 0.309584, -0.07286, 9.51249e-08, -0.0951249, 0, 0, 0.150085, -0.148675, 0, 0.00155798, 1.10512e-06
98611, 0.398104, 0.307598, -0.0601929, 9.51249e-08, -0.0951249, 0, 0, 0.150871, -0.148906, 0, 0.00217228, 1.10512e-06
98621, 0.396427, 0.305727, -0.0651152, 9.51249e-08, -0.0951249, 0, 0, 0.147779, -0.148816, 0, -0.00114653, 1.10512e-06
98630, 0.394787, 0.303898, -0.0574227, 9.51249e-08, -0.0951249, 0, 0, 0.150085, -0.148956, 0, 0.00124779, 1.10512e-06
98640, 0.393342, 0.302286, -0.0505868, 9.51249e-08, -0.0951249, 0, 0, 0.150085, -0.14908, 0, 0.00111043, 1.10512e-06
98651, 0.391855, 0.300627, -0.0605125, 9.51249e-08, -0.0951249, 0, 0, 0.147027, -0.1489, 0, -0.00206997, 1.10512e-06
98661, 0.390118, 0.298689, -0.0693335, 9.51249e-08, -0.0951249, 0, 0, 0.147027, -0.148739, 0, -0.00189273, 1.10512e-06
98670, 0.388371, 0.296741, -0.0611722, 9.51249e-08, -0.0951249, 0, 0, 0.150085, -0.148888, 0, 0.00132312, 1.10512e-06
98680, 0.386831, 0.295023, -0.0539191, 9.51249e-08, -0.0951249, 0, 0, 0.150085, -0.14902, 0, 0.00117739, 1.10512e-06
98691, 0.385529, 0.293571, -0.0433598, 9.51249e-08, -0.0951249, 0, 0, 0.150871, -0.149212, 0, 0.00183405, 1.10512e-06
98701, 0.38444, 0.292355, -0.0380884, 9.51249e-08, -0.0951249, 0, 0, 0.150085, -0.149307, 0, 0.000859305, 1.10512e-06
98710, 0.383483, 0.291288, -0.0334038, 9.51249e-08, -0.0951249, 0, 0, 0.150085, -0.149393, 0, 0.000765175, 1.10512e-06
98720, 0.382431, 0.290114, -0.0452416, 9.51249e-08, -0.0951249, 0, 0, 0.147027, -0.149177, 0, -0.00237681, 1.10512e-06
98731, 0.381079, 0.288606, -0.0557615, 9.51249e-08, -0.0951249, 0, 0, 0.147027, -0.148986, 0, -0.00216542, 1.10512e-06
98741, 0.379461, 0.286802, -0.0651111, 9.51249e-08, -0.0951249, 0, 0, 0.147027, -0.148816, 0, -0.00197756, 1.10512e-06
98751, 0.377822, 0.284972, -0.0574195, 9.51249e-08, -0.0951249, 0, 0, 0.150085, -0.148956, 0, 0.00124772, 1.10512e-06
98760, 0.376162, 0.283121, -0.0665846, 9.51249e-08, -0.0951249, 0, 0, 0.147027, -0.148789, 0, -0.00194795, 1.10512e-06
98770, 0.374219, 0.280954, -0.0786208, 9.51249e-08, -0.0951249, 0, 0, 0.146283, -0.148571, 0, -0.00252798, 1.10512e-06
98781, 0.372024, 0.278505, -0.0854256, 9.51249e-08, -0.0951249, 0, 0, 0.147027, -0.148447, 0, -0.00156938, 1.10512e-06
98791, 0.369657, 0.275864, -0.091474, 9.51249e-08, -0.0951249, 0, 0, 0.147027, -0.148337, 0, -0.00144786, 1.10512e-06
98800, 0.367351, 0.273292, -0.0808483, 9.51249e-08, -0.0951249, 0, 0, 0.150085, -0.14853, 0, 0.00171848, 1.10512e-06
98810, 0.365314, 0.271019, -0.0714053, 9.51249e-08, -0.0951249, 0, 0, 0.150085, -0.148702, 0, 0.00152874, 1.10512e-06
98821, 0.363515, 0.269013, -0.063013, 9.51249e-08, -0.0951249, 0, 0, 0.150085, -0.148854, 0, 0.00136012, 1.10512e-06
98831, 0.361928, 0.267243, -0.055555, 9.51249e-08, -0.0951249, 0, 0, 0.150085, -0.14899, 0, 0.00121026, 1.10512e-06
98840, 0.360585, 0.265745, -0.0448129, 9.51249e-08, -0.0951249, 0, 0, 0.150871, -0.149185, 0, 0.00186326, 1.10512e-06
98850, 0.359245, 0.264249, -0.0553812, 9.51249e-08, -0.0951249, 0, 0, 0.147027, -0.148993, 0, -0.00217307, 1.10512e-06
98861, 0.357851, 0.262694, -0.0487722, 9.51249e-08, -0.0951249, 0, 0, 0.150085, -0.149113, 0, 0.00107397, 1.10512e-06
98871, 0.356679, 0.261387, -0.0387859, 9.51249e-08, -0.0951249, 0, 0, 0.150871, -0.149295, 0, 0.00174214, 1.10512e-06
98880, 0.355491, 0.260061, -0.0500245, 9.51249e-08, -0.0951249, 0, 0, 0.147027, -0.14909, 0, -0.0022807, 1.10512e-06
98890, 0.354018, 0.258419, -0.0600126, 9.51249e-08, -0.0951249, 0, 0, 0.147027, -0.148909, 0, -0.00208001, 1.10512e-06
98900, 0.352293, 0.256495, -0.0688893, 9.51249e-08, -0.0951249, 0, 0, 0.147027, -0.148747, 0, -0.00190166, 1.10512e-06
98911, 0.350344, 0.25432, -0.0767776, 9.51249e-08, -0.0951249, 0, 0, 0.147027, -0.148604, 0, -0.00174315, 1.10512e-06
98921, 0.348144, 0.251865, -0.0876786, 9.51249e-08, -0.0951249, 0, 0, 0.146283, -0.148406, 0, -0.00234598, 1.10512e-06
98930, 0.345719, 0.249161, -0.0934762, 9.51249e-08, -0.0951249, 0, 0, 0.147027, -0.1483, 0, -0.00140762, 1.10512e-06
98940, 0.343149, 0.246293, -0.098628, 9.51249e-08, -0.0951249, 0, 0, 0.147027, -0.148207, 0, -0.0013041, 1.10512e-06
98951, 0.340448, 0.243281, -0.103207, 9.51249e-08, -0.0951249, 0, 0, 0.147027, -0.148124, 0, -0.00121211, 1.10512e-06
98961, 0.337631, 0.240139, -0.107276, 9.51249e-08, -0.0951249, 0, 0, 0.147027, -0.14805, 0, -0.00113034, 1.10512e-06
98970, 0.334712, 0.236882, -0.110892, 9.51249e-08, -0.0951249, 0, 0, 0.147027, -0.147984, 0, -0.00105768, 1.10512e-06
98980, 0.331701, 0.233523, -0.114105, 9.51249e-08, -0.0951249, 0, 0, 0.147027, -0.147925, 0, -0.000993118, 1.10512e-06
98991, 0.328609, 0.230074, -0.116961, 9.51249e-08, -0.0951249, 0, 0, 0.147027, -0.147873, 0, -0.000935733, 1.10512e-06
99001, 0.325445, 0.226544, -0.119499, 9.51249e-08, -0.0951249, 0, 0, 0.147027, -0.147827, 0, -0.000884742, 1.10512e-06
99010, 0.322217, 0.222943, -0.121755, 9.51249e-08, -0.0951249, 0, 0, 0.147027, -0.147786, 0, -0.000839412, 1.10512e-06
99020, 0.318984, 0.224518, -0.119825, 9.51249e-08, -0.0951249, 0, -0.347118, 0.147779, -0.147821, 0, -4.72218e-05, 1.10512e-06
99031, 0.3158, 0.226148, -0.118111, 9.51249e-08, -0.0951249, 0, 0, 0.147779, -0.147853, 0, -8.16733e-05, 1.10512e-06
99041, 0.312821, 0.222825, -0.10452, 9.51249e-08, -0.0951249, 0, 0, 0.150085, -0.1481, 0, 0.00219412, 1.10512e-06
99050, 0.310185, 0.219885, -0.0924419, 9.51249e-08, -0.0951249, 0, 0, 0.150085, -0.148319, 0, 0.00195143, 1.10512e-06
99060, 0.307641, 0.217046, -0.0977092, 9.51249e-08, -0.0951249, 0, 0, 0.147027, -0.148223, 0, -0.00132257, 1.10512e-06
99070, 0.304911, 0.214001, -0.106281, 9.51249e-08, -0.0951249, 0, 0, 0.146283, -0.148068, 0, -0.0019722, 1.10512e-06
99081, 0.302231, 0.211011, -0.0940073, 9.51249e-08, -0.0951249, 0, 0, 0.150085, -0.148291, 0, 0.00198288, 1.10512e-06
99091, 0.299647, 0.208129, -0.0991, 9.51249e-08, -0.0951249, 0, 0, 0.147027, -0.148198, 0, -0.00129461, 1.10512e-06
99100, 0.296987, 0.205161, -0.0996926, 9.51249e-08, -0.0951249, 0, 0, 0.147779, -0.148187, 0, -0.000451759, 1.10512e-06
99110, 0.294259, 0.202118, -0.104153, 9.51249e-08, -0.0951249, 0, 0, 0.147027, -0.148106, 0, -0.00119309, 1.10512e-06
99121, 0.291418, 0.19895, -0.108116, 9.51249e-08, -0.0951249, 0, 0, 0.147027, -0.148034, 0, -0.00111346, 1.10512e-06
99131, 0.288692, 0.195908, -0.0956382, 9.51249e-08, -0.0951249, 0, 0, 0.150085, -0.148261, 0, 0.00201565, 1.10512e-06
99140, 0.286281, 0.193218, -0.0845487, 9.51249e-08, -0.0951249, 0, 0, 0.150085, -0.148463, 0, 0.00179283, 1.10512e-06
99150, 0.28415, 0.190841, -0.0746934, 9.51249e-08, -0.0951249, 0, 0, 0.150085, -0.148642, 0, 0.00159481, 1.10512e-06
99161, 0.282054, 0.188503, -0.0819359, 9.51249e-08, -0.0951249, 0, 0, 0.147027, -0.14851, 0, -0.0016395, 1.10512e-06
99171, 0.279775, 0.185961, -0.0883728, 9.51249e-08, -0.0951249, 0, 0, 0.147027, -0.148393, 0, -0.00151017, 1.10512e-06
99180, 0.277602, 0.183537, -0.0739788, 9.51249e-08, -0.0951249, 0, 0, 0.150871, -0.148655, 0, 0.00244929, 1.10512e-06
99190, 0.275525, 0.181219, -0.0813007, 9.51249e-08, -0.0951249, 0, 0, 0.147027, -0.148522, 0, -0.00165227, 1.10512e-06
99201, 0.273262, 0.178695, -0.0878081, 9.51249e-08, -0.0951249, 0, 0, 0.147027, -0.148403, 0, -0.00152151, 1.10512e-06
99211, 0.271048, 0.176226, -0.0775906, 9.51249e-08, -0.0951249, 0, 0, 0.150085, -0.148589, 0, 0.00165302, 1.10512e-06
99221, 0.268879, 0.173806, -0.084511, 9.51249e-08, -0.0951249, 0, 0, 0.147027, -0.148463, 0, -0.00158776, 1.10512e-06
99230, 0.266535, 0.171191, -0.090661, 9.51249e-08, -0.0951249, 0, 0, 0.147027, -0.148352, 0, -0.00146419, 1.10512e-06
99240, 0.26425, 0.168642, -0.0801255, 9.51249e-08, -0.0951249, 0, 0, 0.150085, -0.148543, 0, 0.00170396, 1.10512e-06
99251, 0.262286, 0.166451, -0.0666494, 9.51249e-08, -0.0951249, 0, 0, 0.150871, -0.148788, 0, 0.00230201, 1.10512e-06
99261, 0.260446, 0.164399, -0.0708529, 9.51249e-08, -0.0951249, 0, 0, 0.147779, -0.148712, 0, -0.00103123, 1.10512e-06
99270, 0.258447, 0.162169, -0.0785232, 9.51249e-08, -0.0951249, 0, 0, 0.147027, -0.148572, 0, -0.00170808, 1.10512e-06
99280, 0.256254, 0.159723, -0.0853395, 9.51249e-08, -0.0951249, 0, 0, 0.147027, -0.148448, 0, -0.00157112, 1.10512e-06
99291, 0.253889, 0.157084, -0.0913978, 9.51249e-08, -0.0951249, 0, 0, 0.147027, -0.148338, 0, -0.00144939, 1.10512e-06
99301, 0.251371, 0.154275, -0.0967815, 9.51249e-08, -0.0951249, 0, 0, 0.147027, -0.14824, 0, -0.00134121, 1.10512e-06
99310, 0.248717, 0.151315, -0.101565, 9.51249e-08, -0.0951249, 0, 0, 0.147027, -0.148153, 0, -0.00124508, 1.10512e-06
99320, 0.246156, 0.148458, -0.089816, 9.51249e-08, -0.0951249, 0, 0, 0.150085, -0.148367, 0, 0.00189868, 1.10512e-06
99331, 0.243837, 0.145871, -0.0834414, 9.51249e-08, -0.0951249, 0, 0, 0.149308, -0.148483, 0, 0.000911474, 1.10512e-06
99341, 0.241734, 0.143526, -0.0737091, 9.51249e-08, -0.0951249, 0, 0, 0.150085, -0.14866, 0, 0.00157504, 1.10512e-06
99350, 0.239933, 0.141515, -0.0609469, 9.51249e-08, -0.0951249, 0, 0, 0.150871, -0.148892, 0, 0.00218743, 1.10512e-06
99360, 0.238237, 0.139624, -0.0657856, 9.51249e-08, -0.0951249, 0, 0, 0.147779, -0.148804, 0, -0.00113305, 1.10512e-06
99371, 0.236366, 0.137537, -0.0740197, 9.51249e-08, -0.0951249, 0, 0, 0.147027, -0.148654, 0, -0.00179857, 1.10512e-06
99381, 0.234287, 0.135218, -0.0813376, 9.51249e-08, -0.0951249, 0, 0, 0.147027, -0.148521, 0, -0.00165153, 1.10512e-06
99391, 0.232023, 0.132692, -0.0878409, 9.51249e-08, -0.0951249, 0, 0, 0.147027, -0.148403, 0, -0.00152086, 1.10512e-06
99400, 0.229595, 0.129983, -0.0936196, 9.51249e-08, -0.0951249, 0, 0, 0.147027, -0.148298, 0, -0.00140473, 1.10512e-06
99410, 0.227021, 0.127112, -0.0987558, 9.51249e-08, -0.0951249, 0, 0, 0.147027, -0.148204, 0, -0.00130154, 1.10512e-06
99421, 0.224531, 0.124334, -0.0873196, 9.51249e-08, -0.0951249, 0, 0, 0.150085, -0.148412, 0, 0.0018485, 1.10512e-06
99431, 0.222385, 0.12194, -0.0730428, 9.51249e-08, -0.0951249, 0, 0, 0.150871, -0.148672, 0, 0.00243048, 1.10512e-06
99440, 0.220331, 0.119649, -0.0804689, 9.51249e-08, -0.0951249, 0, 0, 0.147027, -0.148537, 0, -0.00166897, 1.10512e-06
99450, 0.218089, 0.117148, -0.0870688, 9.51249e-08, -0.0951249, 0, 0, 0.147027, -0.148417, 0, -0.00153637, 1.10512e-06
99461, 0.215894, 0.1147, -0.0769333, 9.51249e-08, -0.0951249, 0, 0, 0.150085, -0.148601, 0, 0.00163981, 1.10512e-06
99471, 0.213956, 0.112537, -0.0679255, 9.51249e-08, -0.0951249, 0, 0, 0.150085, -0.148765, 0, 0.00145882, 1.10512e-06
99480, 0.21219, 0.110568, -0.0639883, 9.51249e-08, -0.0951249, 0, 0, 0.149308, -0.148837, 0, 0.000520587, 1.10512e-06
99490, 0.210634, 0.108832, -0.0523078, 9.51249e-08, -0.0951249, 0, 0, 0.150871, -0.149049, 0, 0.00201385, 1.10512e-06
99501, 0.209318, 0.107364, -0.0460406, 9.51249e-08, -0.0951249, 0, 0, 0.150085, -0.149163, 0, 0.00101909, 1.10512e-06
99511, 0.208215, 0.106134, -0.0363583, 9.51249e-08, -0.0951249, 0, 0, 0.150871, -0.149339, 0, 0.00169337, 1.10512e-06
99520, 0.207088, 0.104877, -0.0478674, 9.51249e-08, -0.0951249, 0, 0, 0.147027, -0.14913, 0, -0.00232404, 1.10512e-06
99530, 0.20567, 0.103295, -0.0580956, 9.51249e-08, -0.0951249, 0, 0, 0.147027, -0.148944, 0, -0.00211853, 1.10512e-06
99540, 0.204208, 0.101664, -0.051185, 9.51249e-08, -0.0951249, 0, 0, 0.150085, -0.149069, 0, 0.00112244, 1.10512e-06
99551, 0.20292, 0.100227, -0.0450432, 9.51249e-08, -0.0951249, 0, 0, 0.150085, -0.149181, 0, 0.000999048, 1.10512e-06
99561, 0.201843, 0.0990254, -0.0354724, 9.51249e-08, -0.0951249, 0, 0, 0.150871, -0.149355, 0, 0.00167556, 1.10512e-06
99570, 0.200952, 0.098032, -0.0310795, 9.51249e-08, -0.0951249, 0, 0, 0.150085, -0.149435, 0, 0.000718459, 1.10512e-06
99580, 0.200228, 0.0972238, -0.0230617, 9.51249e-08, -0.0951249, 0, 0, 0.150871, -0.149581, 0, 0.00142621, 1.10512e-06
99591, 0.199706, 0.0966416, -0.0159364, 9.51249e-08, -0.0951249, 0, 0, 0.150871, -0.14971, 0, 0.00128303, 1.10512e-06
99601, 0.199309, 0.096199, -0.0137179, 9.51249e-08, -0.0951249, 0, 0, 0.150085, -0.149751, 0, 0.000369608, 1.10512e-06
99610, 0.198969, 0.0958188, -0.011746, 9.51249e-08, -0.0951249, 0, 0, 0.150085, -0.149786, 0, 0.000330001, 1.10512e-06
99620, 0.198678, 0.0954943, -0.00999376, 9.51249e-08, -0.0951249, 0, 0, 0.150085, -0.149818, 0, 0.00029479, 1.10512e-06
99631, 0.198431, 0.0952192, -0.00843659, 9.51249e-08, -0.0951249, 0, 0, 0.150085, -0.149847, 0, 0.000263497, 1.10512e-06
99641, 0.198224, 0.094988, -0.00705235, 9.51249e-08, -0.0951249, 0, 0, 0.150085, -0.149872, 0, 0.000235692, 1.10512e-06
99650, 0.202529, 0.094557, -0.0218233, 9.51249e-08, -0.0951249, -0.350624, 0, 0.147027, -0.149603, 0, -0.00284736, 1.10512e-06
99660, 0.206514, 0.0937682, -0.0310164, 9.51249e-08, -0.0951249, 0, 0, 0.147779, -0.149436, 0, -0.00183168, 1.10512e-06
99671, 0.205736, 0.0929004, -0.0271194, 9.51249e-08, -0.0951249, 0, 0, 0.150085, -0.149507, 0, 0.000638902, 1.10512e-06
99681, 0.205057, 0.0921424, -0.0236567, 9.51249e-08, -0.0951249, 0, 0, 0.150085, -0.14957, 0, 0.000569314, 1.10512e-06
99690, 0.204465, 0.0914821, -0.0205784, 9.51249e-08, -0.0951249, 0, 0, 0.150085, -0.149626, 0, 0.000507474, 1.10512e-06
99700, 0.203736, 0.0906697, -0.0338439, 9.51249e-08, -0.0951249, 0, 0, 0.147027, -0.149385, 0, -0.00260583, 1.10512e-06
99710, 0.202726, 0.089542, -0.0416994, 9.51249e-08, -0.0951249, 0, 0, 0.147779, -0.149242, 0, -0.00161703, 1.10512e-06
99721, 0.201464, 0.0881341, -0.0526144, 9.51249e-08, -0.0951249, 0, 0, 0.147027, -0.149043, 0, -0.00222866, 1.10512e-06
99731, 0.20014, 0.0866574, -0.0463127, 9.51249e-08, -0.0951249, 0, 0, 0.150085, -0.149158, 0, 0.00102456, 1.10512e-06
99740, 0.199086, 0.0854818, -0.03244, 9.51249e-08, -0.0951249, 0, 0, 0.151666, -0.14941, 0, 0.00249334, 1.10512e-06
99750, 0.198272, 0.0845739, -0.028384, 9.51249e-08, -0.0951249, 0, 0, 0.150085, -0.149484, 0, 0.000664309, 1.10512e-06
99761, 0.197561, 0.0837803, -0.0247803, 9.51249e-08, -0.0951249, 0, 0, 0.150085, -0.149549, 0, 0.000591889, 1.10512e-06
99771, 0.19694, 0.0830883, -0.0215775, 9.51249e-08, -0.0951249, 0, 0, 0.150085, -0.149608, 0, 0.000527546, 1.10512e-06
99780, 0.196187, 0.0822477, -0.0347315, 9.51249e-08, -0.0951249, 0, 0, 0.147027, -0.149369, 0, -0.00258799, 1.10512e-06
99790, 0.195101, 0.0810363, -0.0464217, 9.51249e-08, -0.0951249, 0, 0, 0.147027, -0.149156, 0, -0.0023531, 1.10512e-06
99801, 0.193933, 0.0797341, -0.0408102, 9.51249e-08, -0.0951249, 0, 0, 0.150085, -0.149258, 0, 0.000913993, 1.10512e-06
99811, 0.192963, 0.0786516, -0.0317097, 9.51249e-08, -0.0951249, 0, 0, 0.150871, -0.149423, 0, 0.00159997, 1.10512e-06
99820, 0.191953, 0.0775254, -0.043736, 9.51249e-08, -0.0951249, 0, 0, 0.147027, -0.149205, 0, -0.00240706, 1.10512e-06
99830, 0.190854, 0.076299, -0.0384236, 9.51249e-08, -0.0951249, 0, 0, 0.150085, -0.149301, 0, 0.000866026, 1.10512e-06
99841, 0.189944, 0.0752837, -0.0295887, 9.51249e-08, -0.0951249, 0, 0, 0.150871, -0.149462, 0, 0.00155735, 1.10512e-06
99851, 0.189202, 0.0744561, -0.0258507, 9.51249e-08, -0.0951249, 0, 0, 0.150085, -0.14953, 0, 0.000613406, 1.10512e-06
99861, 0.18861, 0.0737953, -0.0184156, 9.51249e-08, -0.0951249, 0, 0, 0.150871, -0.149665, 0, 0.00133283, 1.10512e-06
99870, 0.187936, 0.0730439, -0.0319212, 9.51249e-08, -0.0951249, 0, 0, 0.147027, -0.14942, 0, -0.00264445, 1.10512e-06
99880, 0.187135, 0.0721506, -0.0279234, 9.51249e-08, -0.0951249, 0, 0, 0.150085, -0.149492, 0, 0.000655055, 1.10512e-06
99891, 0.186546, 0.0714935, -0.0160971, 9.51249e-08, -0.0951249, 0, 0, 0.151666, -0.149707, 0, 0.00216496, 1.10512e-06
99901, 0.186145, 0.0710463, -0.0138605, 9.51249e-08, -0.0951249, 0, 0, 0.150085, -0.149748, 0, 0.000372484, 1.10512e-06
99910, 0.185801, 0.0706622, -0.011873, 9.51249e-08, -0.0951249, 0, 0, 0.150085, -0.149784, 0, 0.000332549, 1.10512e-06
99920, 0.185345, 0.0701539, -0.0221733, 9.51249e-08, -0.0951249, 0, 0, 0.147779, -0.149597, 0, -0.00200936, 1.10512e-06
99931, 0.184577, 0.0692966, -0.0352609, 9.51249e-08, -0.0951249, 0, 0, 0.147027, -0.149359, 0, -0.00257735, 1.10512e-06
99941, 0.183478, 0.0680702, -0.0468922, 9.51249e-08, -0.0951249, 0, 0, 0.147027, -0.149147, 0, -0.00234364, 1.10512e-06
99950, 0.182084, 0.066516, -0.0572285, 9.51249e-08, -0.0951249, 0, 0, 0.147027, -0.148959, 0, -0.00213595, 1.10512e-06
99960, 0.180644, 0.0649092, -0.0504138, 9.51249e-08, -0.0951249, 0, 0, 0.150085, -0.149083, 0, 0.00110696, 1.10512e-06
99971, 0.179376, 0.0634945, -0.0443573, 9.51249e-08, -0.0951249, 0, 0, 0.150085, -0.149193, 0, 0.000985265, 1.10512e-06
99981, 0.178261, 0.0622505, -0.038976, 9.51249e-08, -0.0951249, 0, 0, 0.150085, -0.149291, 0, 0.000877127, 1.10512e-06
99990, 0.177337, 0.0612197, -0.0300796, 9.51249e-08, -0.0951249, 0, 0, 0.150871, -0.149453, 0, 0.00156721, 1.10512e-06
100000, 0.176637, 0.0604397, -0.0221733, 9.51249e-08, -0.0951249, 0, 0, 0.150871, -0.149597, 0, 0.00140835, 1.10512e-06
100011, 0.176083, 0.0598212, -0.0192606, 9.51249e-08, -0.0951249, 0, 0, 0.150085, -0.14965, 0, 0.00048098, 1.10512e-06
100021, 0.175602, 0.0592848, -0.0166724, 9.51249e-08, -0.0951249, 0, 0, 0.150085, -0.149697, 0, 0.000428975, 1.10512e-06
100031, 0.175187, 0.0588214, -0.0143719, 9.51249e-08, -0.0951249, 0, 0, 0.150085, -0.149739, 0, 0.000382751, 1.10512e-06
100040, 0.174775, 0.0583621, -0.0163946, 9.51249e-08, -0.0951249, 0, 0, 0.149308, -0.149702, 0, -0.00043571, 1.10512e-06
100050, 0.174367, 0.0579065, -0.0141244, 9.51249e-08, -0.0951249, 0, 0, 0.150085, -0.149743, 0, 0.000377789, 1.10512e-06
100061, 0.174015, 0.057515, -0.0121074, 9.51249e-08, -0.0951249, 0, 0, 0.150085, -0.14978, 0, 0.000337258, 1.10512e-06
100071, 0.17377, 0.0572416, -0.00620164, 9.51249e-08, -0.0951249, 0, 0, 0.150871, -0.149887, 0, 0.00108743, 1.10512e-06
100080, 0.173406, 0.0568346, -0.0210677, 9.51249e-08, -0.0951249, 0, 0, 0.147027, -0.149617, 0, -0.00286254, 1.10512e-06
100090, 0.172665, 0.0560084, -0.0342791, 9.51249e-08, -0.0951249, 0, 0, 0.147027, -0.149377, 0, -0.00259708, 1.10512e-06
100101, 0.17159, 0.0548097, -0.0460193, 9.51249e-08, -0.0951249, 0, 0, 0.147027, -0.149163, 0, -0.00236118, 1.10512e-06
100111, 0.170219, 0.0532801, -0.0564532, 9.51249e-08, -0.0951249, 0, 0, 0.147027, -0.148974, 0, -0.00215153, 1.10512e-06
100120, 0.168584, 0.0514563, -0.0657257, 9.51249e-08, -0.0951249, 0, 0, 0.147027, -0.148805, 0, -0.00196521, 1.10512e-06
100130, 0.166715, 0.049371, -0.0739656, 9.51249e-08, -0.0951249, 0, 0, 0.147027, -0.148655, 0, -0.00179964, 1.10512e-06
100141, 0.164637, 0.0470534, -0.0812893, 9.51249e-08, -0.0951249, 0, 0, 0.147027, -0.148522, 0, -0.00165249, 1.10512e-06
100151, 0.162644, 0.0448297, -0.0676837, 9.51249e-08, -0.0951249, 0, 0, 0.150871, -0.148769, 0, 0.00232279, 1.10512e-06
100160, 0.160725, 0.0426892, -0.0757064, 9.51249e-08, -0.0951249, 0, 0, 0.147027, -0.148624, 0, -0.00176467, 1.10512e-06
100170, 0.158604, 0.0403225, -0.0828366, 9.51249e-08, -0.0951249, 0, 0, 0.147027, -0.148494, 0, -0.00162141, 1.10512e-06
100180, 0.156302, 0.0377549, -0.0891726, 9.51249e-08, -0.0951249, 0, 0, 0.147027, -0.148379, 0, -0.00149409, 1.10512e-06
100191, 0.154054, 0.0352474, -0.0788027, 9.51249e-08, -0.0951249, 0, 0, 0.150085, -0.148567, 0, 0.00167738, 1.10512e-06
100201, 0.152068, 0.0330323, -0.0695867, 9.51249e-08, -0.0951249, 0, 0, 0.150085, -0.148735, 0, 0.0014922, 1.10512e-06
100210, 0.150316, 0.0310771, -0.0613968, 9.51249e-08, -0.0951249, 0, 0, 0.150085, -0.148884, 0, 0.00132763, 1.10512e-06
100220, 0.148825, 0.0294141, -0.0500057, 9.51249e-08, -0.0951249, 0, 0, 0.150871, -0.149091, 0, 0.00196758, 1.10512e-06
100231, 0.147249, 0.0276566, -0.0677353, 9.51249e-08, -0.0951249, 0, 0, 0.145547, -0.148768, 0, -0.00355965, 1.10512e-06
100241, 0.145329, 0.0255146, -0.0757523, 9.51249e-08, -0.0951249, 0, 0, 0.147027, -0.148623, 0, -0.00176375, 1.10512e-06
100250, 0.143207, 0.0231467, -0.0828768, 9.51249e-08, -0.0951249, 0, 0, 0.147027, -0.148493, 0, -0.00162059, 1.10512e-06
100260, 0.141118, 0.0208168, -0.0732075, 9.51249e-08, -0.0951249, 0, 0, 0.150085, -0.148669, 0, 0.00156495, 1.10512e-06
100271, 0.139329, 0.0188208, -0.060501, 9.51249e-08, -0.0951249, 0, 0, 0.150871, -0.1489, 0, 0.00217848, 1.10512e-06
100281, 0.137806, 0.0171217, -0.0533216, 9.51249e-08, -0.0951249, 0, 0, 0.150085, -0.149031, 0, 0.00116539, 1.10512e-06
100290, 0.136464, 0.015625, -0.0469422, 9.51249e-08, -0.0951249, 0, 0, 0.150085, -0.149146, 0, 0.0010372, 1.10512e-06
100300, 0.135339, 0.0143696, -0.037159, 9.51249e-08, -0.0951249, 0, 0, 0.150871, -0.149324, 0, 0.00170946, 1.10512e-06
100311, 0.134405, 0.0133286, -0.0325785, 9.51249e-08, -0.0951249, 0, 0, 0.150085, -0.149408, 0, 0.00074859, 1.10512e-06
100321, 0.133588, 0.0124168, -0.0285069, 9.51249e-08, -0.0951249, 0, 0, 0.150085, -0.149482, 0, 0.000666782, 1.10512e-06
100330, 0.132929, 0.0116811, -0.0207759, 9.51249e-08, -0.0951249, 0, 0, 0.150871, -0.149622, 0, 0.00138026, 1.10512e-06
100340, 0.132409, 0.011102, -0.0180189, 9.51249e-08, -0.0951249, 0, 0, 0.150085, -0.149672, 0, 0.000456035, 1.10512e-06
100350, 0.13196, 0.0106006, -0.0155684, 9.51249e-08, -0.0951249, 0, 0, 0.150085, -0.149717, 0, 0.000406802, 1.10512e-06
100361, 0.131572, 0.0101683, -0.01339, 9.51249e-08, -0.0951249, 0, 0, 0.150085, -0.149757, 0, 0.000363037, 1.10512e-06
100371, 0.13124, 0.00979746, -0.011455, 9.51249e-08, -0.0951249, 0, 0, 0.150085, -0.149792, 0, 0.000324145, 1.10512e-06
100380, 0.130588, 0.00906994, -0.037282, 9.51249e-08, -0.0951249, 0, 0, 0.14482, -0.149322, 0, -0.00497569, 1.10512e-06
100390, 0.129437, 0.00778661, -0.0486887, 9.51249e-08, -0.0951249, 0, 0, 0.147027, -0.149115, 0, -0.00230755, 1.10512e-06
100401, 0.128051, 0.00624043, -0.0548911, 9.51249e-08, -0.0951249, 0, 0, 0.147779, -0.149002, 0, -0.00135195, 1.10512e-06
100411, 0.12667, 0.00469949, -0.0483371, 9.51249e-08, -0.0951249, 0, 0, 0.150085, -0.149121, 0, 0.00106522, 1.10512e-06
100420, 0.125454, 0.00334333, -0.0425124, 9.51249e-08, -0.0951249, 0, 0, 0.150085, -0.149227, 0, 0.000948191, 1.10512e-06
100430, 0.124386, 0.00215139, -0.0373361, 9.51249e-08, -0.0951249, 0, 0, 0.150085, -0.149321, 0, 0.000844181, 1.10512e-06
100441, 0.123448, 0.0011054, -0.0327358, 9.51249e-08, -0.0951249, 0, 0, 0.150085, -0.149405, 0, 0.000751749, 1.10512e-06
100451, 0.122682, 0.000250493, -0.0245345, 9.51249e-08, -0.0951249, 0, 0, 0.150871, -0.149554, 0, 0.00145578, 1.10512e-06
100460, 0.121854, -0.000673434, -0.0373598, 9.51249e-08, -0.0951249, 0, 0, 0.147027, -0.149321, 0, -0.00253518, 1.10512e-06
100470, 0.120915, -0.00172009, -0.0327563, 9.51249e-08, -0.0951249, 0, 0, 0.150085, -0.149404, 0, 0.000752166, 1.10512e-06
100481, 0.120148, -0.00257557, -0.0245525, 9.51249e-08, -0.0951249, 0, 0, 0.150871, -0.149554, 0, 0.00145616, 1.10512e-06
100491, 0.11932, -0.00350001, -0.0373762, 9.51249e-08, -0.0951249, 0, 0, 0.147027, -0.14932, 0, -0.00253485, 1.10512e-06
100501, 0.118167, -0.00478599, -0.0487722, 9.51249e-08, -0.0951249, 0, 0, 0.147027, -0.149113, 0, -0.00230587, 1.10512e-06
100510, 0.11694, -0.00615441, -0.0428984, 9.51249e-08, -0.0951249, 0, 0, 0.150085, -0.14922, 0, 0.000955954, 1.10512e-06
100520, 0.115596, -0.00765415, -0.0575703, 9.51249e-08, -0.0951249, 0, 0, 0.146283, -0.148953, 0, -0.00295095, 1.10512e-06
100531, 0.113933, -0.00950947, -0.0667182, 9.51249e-08, -0.0951249, 0, 0, 0.147027, -0.148787, 0, -0.00194527, 1.10512e-06
100541, 0.112252, -0.0113839, -0.058848, 9.51249e-08, -0.0951249, 0, 0, 0.150085, -0.14893, 0, 0.00127642, 1.10512e-06
100550, 0.110826, -0.012975, -0.0477404, 9.51249e-08, -0.0951249, 0, 0, 0.150871, -0.149132, 0, 0.00192207, 1.10512e-06
100560, 0.10968, -0.0142529, -0.0378688, 9.51249e-08, -0.0951249, 0, 0, 0.150871, -0.149311, 0, 0.00172372, 1.10512e-06
100571, 0.108729, -0.0153139, -0.0332087, 9.51249e-08, -0.0951249, 0, 0, 0.150085, -0.149396, 0, 0.000761256, 1.10512e-06
100581, 0.107896, -0.0162435, -0.0290683, 9.51249e-08, -0.0951249, 0, 0, 0.150085, -0.149471, 0, 0.000678048, 1.10512e-06
100590, 0.107167, -0.0170564, -0.0253884, 9.51249e-08, -0.0951249, 0, 0, 0.150085, -0.149538, 0, 0.000604108, 1.10512e-06
100600, 0.106532, -0.0177656, -0.0221176, 9.51249e-08, -0.0951249, 0, 0, 0.150085, -0.149598, 0, 0.000538394, 1.10512e-06
100611, 0.105979, -0.0183825, -0.0192114, 9.51249e-08, -0.0951249, 0, 0, 0.150085, -0.149651, 0, 0.000479996, 1.10512e-06
100621, 0.105499, -0.0189175, -0.0166281, 9.51249e-08, -0.0951249, 0, 0, 0.150085, -0.149698, 0, 0.000428095, 1.10512e-06
100630, 0.10514, -0.0193183, -0.0102191, 9.51249e-08, -0.0951249, 0, 0, 0.150871, -0.149814, 0, 0.00116815, 1.10512e-06
100640, 0.104887, -0.0195998, -0.00863656, 9.51249e-08, -0.0951249, 0, 0, 0.150085, -0.149843, 0, 0.000267521, 1.10512e-06
100651, 0.104675, -0.0198366, -0.00723101, 9.51249e-08, -0.0951249, 0, 0, 0.150085, -0.149869, 0, 0.000239268, 1.10512e-06
100661, 0.104498, -0.0200338, -0.00598118, 9.51249e-08, -0.0951249, 0, 0, 0.150085, -0.149891, 0, 0.000214159, 1.10512e-06
100671, 0.104139, -0.0204347, -0.0208718, 9.51249e-08, -0.0951249, 0, 0, 0.147027, -0.149621, 0, -0.00286648, 1.10512e-06
100680, 0.103403, -0.0212553, -0.0341045, 9.51249e-08, -0.0951249, 0, 0, 0.147027, -0.14938, 0, -0.00260058, 1.10512e-06
100690, 0.102547, -0.0222102, -0.0298633, 9.51249e-08, -0.0951249, 0, 0, 0.150085, -0.149457, 0, 0.000694036, 1.10512e-06
100701, 0.101798, -0.0230455, -0.0260949, 9.51249e-08, -0.0951249, 0, 0, 0.150085, -0.149526, 0, 0.000618309, 1.10512e-06
100711, 0.1012, -0.0237132, -0.0186328, 9.51249e-08, -0.0951249, 0, 0, 0.150871, -0.149661, 0, 0.0013372, 1.10512e-06
100720, 0.100521, -0.0244708, -0.0321154, 9.51249e-08, -0.0951249, 0, 0, 0.147027, -0.149416, 0, -0.00264056, 1.10512e-06
100730, 0.099501, -0.0256084, -0.0440975, 9.51249e-08, -0.0951249, 0, 0, 0.147027, -0.149198, 0, -0.0023998, 1.10512e-06
100741, 0.0984475, -0.0267837, -0.0346315, 9.51249e-08, -0.0951249, 0, 0, 0.150871, -0.14937, 0, 0.00165866, 1.10512e-06
100751, 0.0973641, -0.0279923, -0.0463332, 9.51249e-08, -0.0951249, 0, 0, 0.147027, -0.149158, 0, -0.00235488, 1.10512e-06
100760, 0.0959849, -0.0295308, -0.0567318, 9.51249e-08, -0.0951249, 0, 0, 0.147027, -0.148969, 0, -0.00214593, 1.10512e-06
100770, 0.094557, -0.0311236, -0.0499729, 9.51249e-08, -0.0951249, 0, 0, 0.150085, -0.149091, 0, 0.0010981, 1.10512e-06
100781, 0.093355, -0.0324645, -0.0398529, 9.51249e-08, -0.0951249, 0, 0, 0.150871, -0.149275, 0, 0.00176358, 1.10512e-06
100791, 0.0922455, -0.0337022, -0.0430615, 9.51249e-08, -0.0951249, 0, 0, 0.148539, -0.149217, 0, -0.000749454, 1.10512e-06
100800, 0.090949, -0.0351484, -0.0538249, 9.51249e-08, -0.0951249, 0, 0, 0.147027, -0.149021, 0, -0.00220434, 1.10512e-06
100810, 0.0894332, -0.0368394, -0.0594561, 9.51249e-08, -0.0951249, 0, 0, 0.147779, -0.148919, 0, -0.00126024, 1.10512e-06
100820, 0.0879365, -0.0385091, -0.0523939, 9.51249e-08, -0.0951249, 0, 0, 0.150085, -0.149047, 0, 0.00114673, 1.10512e-06
100831, 0.0866733, -0.0399182, -0.0420043, 9.51249e-08, -0.0951249, 0, 0, 0.150871, -0.149236, 0, 0.00180681, 1.10512e-06
100841, 0.0856176, -0.0410958, -0.0368845, 9.51249e-08, -0.0951249, 0, 0, 0.150085, -0.149329, 0, 0.000835106, 1.10512e-06
100850, 0.0846914, -0.0421291, -0.0323351, 9.51249e-08, -0.0951249, 0, 0, 0.150085, -0.149412, 0, 0.000743687, 1.10512e-06
100860, 0.0839351, -0.0429727, -0.024178, 9.51249e-08, -0.0951249, 0, 0, 0.150871, -0.14956, 0, 0.00144863, 1.10512e-06
100871, 0.0831159, -0.0438866, -0.0370435, 9.51249e-08, -0.0951249, 0, 0, 0.147027, -0.149326, 0, -0.00254154, 1.10512e-06
100881, 0.0819715, -0.0451632, -0.0484764, 9.51249e-08, -0.0951249, 0, 0, 0.147027, -0.149119, 0, -0.00231181, 1.10512e-06
100890, 0.0808073, -0.0464619, -0.0385228, 9.51249e-08, -0.0951249, 0, 0, 0.150871, -0.1493, 0, 0.00173686, 1.10512e-06
100900, 0.0796256, -0.0477802, -0.049791, 9.51249e-08, -0.0951249, 0, 0, 0.147027, -0.149095, 0, -0.00228539, 1.10512e-06
100911, 0.078159, -0.0494162, -0.0598052, 9.51249e-08, -0.0951249, 0, 0, 0.147027, -0.148913, 0, -0.00208418, 1.10512e-06
100921, 0.0766534, -0.0510957, -0.0527045, 9.51249e-08, -0.0951249, 0, 0, 0.150085, -0.149042, 0, 0.00115298, 1.10512e-06
100930, 0.0751133, -0.0528138, -0.0623942, 9.51249e-08, -0.0951249, 0, 0, 0.147027, -0.148866, 0, -0.00203216, 1.10512e-06
100940, 0.0732246, -0.0549207, -0.0787453, 9.51249e-08, -0.0951249, 0, 0, 0.145547, -0.148568, 0, -0.00333843, 1.10512e-06
100951, 0.0712404, -0.0571341, -0.0695367, 9.51249e-08, -0.0951249, 0, 0, 0.150085, -0.148736, 0, 0.00149119, 1.10512e-06
100961, 0.0695439, -0.0590266, -0.0572392, 9.51249e-08, -0.0951249, 0, 0, 0.150871, -0.148959, 0, 0.00211293, 1.10512e-06
100970, 0.0679417, -0.0608139, -0.0624909, 9.51249e-08, -0.0951249, 0, 0, 0.147779, -0.148864, 0, -0.00119926, 1.10512e-06
100980, 0.0663683, -0.0625691, -0.0550911, 9.51249e-08, -0.0951249, 0, 0, 0.150085, -0.148998, 0, 0.00120093, 1.10512e-06
100990, 0.0649819, -0.0641156, -0.0485141, 9.51249e-08, -0.0951249, 0, 0, 0.150085, -0.149118, 0, 0.00106879, 1.10512e-06
101001, 0.0637617, -0.0654768, -0.0426698, 9.51249e-08, -0.0951249, 0, 0, 0.150085, -0.149224, 0, 0.00095135, 1.10512e-06
101011, 0.0627443, -0.0666117, -0.033362, 9.51249e-08, -0.0951249, 0, 0, 0.150871, -0.149393, 0, 0.00163317, 1.10512e-06
101020, 0.0619071, -0.0675457, -0.0292035, 9.51249e-08, -0.0951249, 0, 0, 0.150085, -0.149469, 0, 0.000680774, 1.10512e-06
101030, 0.0609609, -0.0686013, -0.0415093, 9.51249e-08, -0.0951249, 0, 0, 0.147027, -0.149245, 0, -0.00245181, 1.10512e-06
101041, 0.0597562, -0.069945, -0.0485116, 9.51249e-08, -0.0951249, 0, 0, 0.147779, -0.149118, 0, -0.00148015, 1.10512e-06
101051, 0.058322, -0.071545, -0.0586685, 9.51249e-08, -0.0951249, 0, 0, 0.147027, -0.148933, 0, -0.00210702, 1.10512e-06
101060, 0.0566311, -0.0734312, -0.0676943, 9.51249e-08, -0.0951249, 0, 0, 0.147027, -0.148769, 0, -0.00192566, 1.10512e-06
101070, 0.0549262, -0.0753331, -0.0597151, 9.51249e-08, -0.0951249, 0, 0, 0.150085, -0.148914, 0, 0.00129385, 1.10512e-06
101081, 0.0532088, -0.077249, -0.0686254, 9.51249e-08, -0.0951249, 0, 0, 0.147027, -0.148752, 0, -0.00190696, 1.10512e-06
101091, 0.0512662, -0.079416, -0.0765432, 9.51249e-08, -0.0951249, 0, 0, 0.147027, -0.148608, 0, -0.00174786, 1.10512e-06
101100, 0.0493376, -0.0815673, -0.0675796, 9.51249e-08, -0.0951249, 0, 0, 0.150085, -0.148771, 0, 0.00145186, 1.10512e-06
101110, 0.0476356, -0.083466, -0.0596134, 9.51249e-08, -0.0951249, 0, 0, 0.150085, -0.148916, 0, 0.0012918, 1.10512e-06
101121, 0.0461899, -0.0850787, -0.0484207, 9.51249e-08, -0.0951249, 0, 0, 0.150871, -0.14912, 0, 0.00193574, 1.10512e-06
101131, 0.044758, -0.0866761, -0.0585873, 9.51249e-08, -0.0951249, 0, 0, 0.147027, -0.148935, 0, -0.00210865, 1.10512e-06
101141, 0.0431218, -0.0885013, -0.0636883, 9.51249e-08, -0.0951249, 0, 0, 0.147779, -0.148842, 0, -0.00117519, 1.10512e-06
101150, 0.041304, -0.0905292, -0.072156, 9.51249e-08, -0.0951249, 0, 0, 0.147027, -0.148688, 0, -0.00183602, 1.10512e-06
101160, 0.0392722, -0.0927957, -0.0796805, 9.51249e-08, -0.0951249, 0, 0, 0.147027, -0.148551, 0, -0.00168481, 1.10512e-06
101171, 0.0370502, -0.0952744, -0.0863681, 9.51249e-08, -0.0951249, 0, 0, 0.147027, -0.14843, 0, -0.00155045, 1.10512e-06
101181, 0.0348733, -0.0977028, -0.0763104, 9.51249e-08, -0.0951249, 0, 0, 0.150085, -0.148613, 0, 0.0016273, 1.10512e-06
101190, 0.0330057, -0.0997862, -0.0632589, 9.51249e-08, -0.0951249, 0, 0, 0.150871, -0.14885, 0, 0.00223389, 1.10512e-06
101200, 0.0310952, -0.101917, -0.0795133, 9.51249e-08, -0.0951249, 0, 0, 0.145547, -0.148554, 0, -0.00332299, 1.10512e-06
101211, 0.0288774, -0.104391, -0.0862198, 9.51249e-08, -0.0951249, 0, 0, 0.147027, -0.148432, 0, -0.00155343, 1.10512e-06
101221, 0.0264902, -0.107054, -0.0921796, 9.51249e-08, -0.0951249, 0, 0, 0.147027, -0.148324, 0, -0.00143367, 1.10512e-06
101230, 0.0239523, -0.109886, -0.0974765, 9.51249e-08, -0.0951249, 0, 0, 0.147027, -0.148228, 0, -0.00132725, 1.10512e-06
101240, 0.0212805, -0.112866, -0.102183, 9.51249e-08, -0.0951249, 0, 0, 0.147027, -0.148142, 0, -0.00123267, 1.10512e-06
101251, 0.0184898, -0.115979, -0.106366, 9.51249e-08, -0.0951249, 0, 0, 0.147027, -0.148066, 0, -0.00114863, 1.10512e-06
101261, 0.0155934, -0.11921, -0.110084, 9.51249e-08, -0.0951249, 0, 0, 0.147027, -0.147998, 0, -0.00107393, 1.10512e-06
101270, 0.0126557, -0.122487, -0.109454, 9.51249e-08, -0.0951249, 0, 0, 0.147779, -0.14801, 0, -0.000255629, 1.10512e-06
101280, 0.00989532, -0.125567, -0.0968266, 9.51249e-08, -0.0951249, 0, 0, 0.150085, -0.14824, 0, 0.00203954, 1.10512e-06
101291, 0.00745411, -0.12829, -0.0856051, 9.51249e-08, -0.0951249, 0, 0, 0.150085, -0.148444, 0, 0.00181405, 1.10512e-06
101301, 0.0050824, -0.130935, -0.091633, 9.51249e-08, -0.0951249, 0, 0, 0.147027, -0.148334, 0, -0.00144465, 1.10512e-06
101311, 0.00277246, -0.133512, -0.0809893, 9.51249e-08, -0.0951249, 0, 0, 0.150085, -0.148527, 0, 0.00172131, 1.10512e-06
101320, 0.000731508, -0.135789, -0.0715307, 9.51249e-08, -0.0951249, 0, 0, 0.150085, -0.148699, 0, 0.00153126, 1.10512e-06
101330, -0.0012845, -0.138038, -0.0791256, 9.51249e-08, -0.0951249, 0, 0, 0.147027, -0.148561, 0, -0.00169598, 1.10512e-06
101341, -0.00349245, -0.140501, -0.0858747, 9.51249e-08, -0.0951249, 0, 0, 0.147027, -0.148439, 0, -0.00156036, 1.10512e-06
101351, -0.00592304, -0.143212, -0.0957636, 9.51249e-08, -0.0951249, 0, 0, 0.146283, -0.148259, 0, -0.00218353, 1.10512e-06
101360, -0.00833738, -0.145906, -0.0846601, 9.51249e-08, -0.0951249, 0, 0, 0.150085, -0.148461, 0, 0.00179507, 1.10512e-06
101370, -0.0104161, -0.148225, -0.07068, 9.51249e-08, -0.0951249, 0, 0, 0.150871, -0.148715, 0, 0.00238299, 1.10512e-06
101381, -0.0121964, -0.150211, -0.062368, 9.51249e-08, -0.0951249, 0, 0, 0.150085, -0.148866, 0, 0.00134715, 1.10512e-06
101391, -0.0137668, -0.151962, -0.0549821, 9.51249e-08, -0.0951249, 0, 0, 0.150085, -0.149, 0, 0.00119874, 1.10512e-06
101400, -0.0153645, -0.153745, -0.0644185, 9.51249e-08, -0.0951249, 0, 0, 0.147027, -0.148829, 0, -0.00199148, 1.10512e-06
101410, -0.0172008, -0.155793, -0.0728043, 9.51249e-08, -0.0951249, 0, 0, 0.147027, -0.148676, 0, -0.00182298, 1.10512e-06
101421, -0.0191963, -0.158019, -0.0763227, 9.51249e-08, -0.0951249, 0, 0, 0.147779, -0.148612, 0, -0.000921324, 1.10512e-06
101431, -0.0213334, -0.160403, -0.0833832, 9.51249e-08, -0.0951249, 0, 0, 0.147027, -0.148484, 0, -0.00161041, 1.10512e-06
101440, -0.0234349, -0.162747, -0.0736575, 9.51249e-08, -0.0951249, 0, 0, 0.150085, -0.148661, 0, 0.00157399, 1.10512e-06
101450, -0.0252355, -0.164756, -0.0609018, 9.51249e-08, -0.0951249, 0, 0, 0.150871, -0.148893, 0, 0.00218652, 1.10512e-06
101460, -0.0267687, -0.166466, -0.053679, 9.51249e-08, -0.0951249, 0, 0, 0.150085, -0.149024, 0, 0.00117256, 1.10512e-06
101471, -0.0280644, -0.167912, -0.0431459, 9.51249e-08, -0.0951249, 0, 0, 0.150871, -0.149216, 0, 0.00182976, 1.10512e-06
101481, -0.029363, -0.16936, -0.0538994, 9.51249e-08, -0.0951249, 0, 0, 0.147027, -0.14902, 0, -0.00220284, 1.10512e-06
101490, -0.0309334, -0.171112, -0.0634564, 9.51249e-08, -0.0951249, 0, 0, 0.147027, -0.148846, 0, -0.00201082, 1.10512e-06
101500, -0.0328489, -0.173249, -0.0796895, 9.51249e-08, -0.0951249, 0, 0, 0.145547, -0.148551, 0, -0.00331946, 1.10512e-06
101511, -0.0350711, -0.175728, -0.0863763, 9.51249e-08, -0.0951249, 0, 0, 0.147027, -0.14843, 0, -0.00155029, 1.10512e-06
101521, -0.0374097, -0.178337, -0.0883842, 9.51249e-08, -0.0951249, 0, 0, 0.147779, -0.148393, 0, -0.000678971, 1.10512e-06
101530, -0.039799, -0.181002, -0.0901684, 9.51249e-08, -0.0951249, 0, 0, 0.147779, -0.148361, 0, -0.000643119, 1.10512e-06
101540, -0.0420719, -0.183538, -0.0796878, 9.51249e-08, -0.0951249, 0, 0, 0.150085, -0.148551, 0, 0.00169516, 1.10512e-06
101551, -0.04408, -0.185778, -0.0703735, 9.51249e-08, -0.0951249, 0, 0, 0.150085, -0.14872, 0, 0.00150801, 1.10512e-06
101561, -0.0458526, -0.187755, -0.0620959, 9.51249e-08, -0.0951249, 0, 0, 0.150085, -0.148871, 0, 0.00134169, 1.10512e-06
101570, -0.047416, -0.189499, -0.0547403, 9.51249e-08, -0.0951249, 0, 0, 0.150085, -0.149005, 0, 0.00119388, 1.10512e-06
101580, -0.0487936, -0.191036, -0.0482026, 9.51249e-08, -0.0951249, 0, 0, 0.150085, -0.149124, 0, 0.00106253, 1.10512e-06
101591, -0.05022, -0.192627, -0.0583939, 9.51249e-08, -0.0951249, 0, 0, 0.147027, -0.148938, 0, -0.00211254, 1.10512e-06
101601, -0.0518513, -0.194447, -0.0635162, 9.51249e-08, -0.0951249, 0, 0, 0.147779, -0.148845, 0, -0.00117865, 1.10512e-06
101610, -0.0536648, -0.19647, -0.0720028, 9.51249e-08, -0.0951249, 0, 0, 0.147027, -0.148691, 0, -0.00183909, 1.10512e-06
101620, -0.0556927, -0.198732, -0.0795452, 9.51249e-08, -0.0951249, 0, 0, 0.147027, -0.148554, 0, -0.00168754, 1.10512e-06
101630, -0.0576972, -0.200968, -0.0702473, 9.51249e-08, -0.0951249, 0, 0, 0.150085, -0.148723, 0, 0.00150546, 1.10512e-06
101641, -0.0594666, -0.202942, -0.0619836, 9.51249e-08, -0.0951249, 0, 0, 0.150085, -0.148873, 0, 0.00133944, 1.10512e-06
101651, -0.0611355, -0.204804, -0.0627294, 9.51249e-08, -0.0951249, 0, 0, 0.148539, -0.148859, 0, -0.000354275, 1.10512e-06
101660, -0.0627149, -0.206566, -0.0553025, 9.51249e-08, -0.0951249, 0, 0, 0.150085, -0.148994, 0, 0.00120519, 1.10512e-06
101670, -0.0643208, -0.208357, -0.0647037, 9.51249e-08, -0.0951249, 0, 0, 0.147027, -0.148824, 0, -0.00198576, 1.10512e-06
101681, -0.0661116, -0.210355, -0.0691245, 9.51249e-08, -0.0951249, 0, 0, 0.147779, -0.148743, 0, -0.00106597, 1.10512e-06
101691, -0.0678527, -0.212297, -0.0609854, 9.51249e-08, -0.0951249, 0, 0, 0.150085, -0.148891, 0, 0.00131938, 1.10512e-06
101700, -0.069333, -0.213948, -0.0496393, 9.51249e-08, -0.0951249, 0, 0, 0.150871, -0.149097, 0, 0.00196023, 1.10512e-06
101710, -0.0707957, -0.21558, -0.05967, 9.51249e-08, -0.0951249, 0, 0, 0.147027, -0.148915, 0, -0.00208689, 1.10512e-06
101721, -0.0725119, -0.217495, -0.0685852, 9.51249e-08, -0.0951249, 0, 0, 0.147027, -0.148753, 0, -0.00190777, 1.10512e-06
101731, -0.0744009, -0.219602, -0.0725732, 9.51249e-08, -0.0951249, 0, 0, 0.147779, -0.14868, 0, -0.000996664, 1.10512e-06
101740, -0.0762291, -0.221641, -0.0640506, 9.51249e-08, -0.0951249, 0, 0, 0.150085, -0.148835, 0, 0.00138097, 1.10512e-06
101750, -0.0777869, -0.223379, -0.0523636, 9.51249e-08, -0.0951249, 0, 0, 0.150871, -0.149048, 0, 0.00201496, 1.10512e-06
101761, -0.0793705, -0.225146, -0.0659823, 9.51249e-08, -0.0951249, 0, 0, 0.146283, -0.1488, 0, -0.00278193, 1.10512e-06
101771, -0.0812463, -0.227238, -0.0741943, 9.51249e-08, -0.0951249, 0, 0, 0.147027, -0.148651, 0, -0.00179505, 1.10512e-06
101781, -0.0833296, -0.229562, -0.0814925, 9.51249e-08, -0.0951249, 0, 0, 0.147027, -0.148518, 0, -0.00164841, 1.10512e-06
101790, -0.0853833, -0.231853, -0.0719782, 9.51249e-08, -0.0951249, 0, 0, 0.150085, -0.148691, 0, 0.00154024, 1.10512e-06
101800, -0.0871965, -0.233876, -0.0635219, 9.51249e-08, -0.0951249, 0, 0, 0.150085, -0.148845, 0, 0.00137034, 1.10512e-06
101811, -0.088796, -0.23566, -0.0560074, 9.51249e-08, -0.0951249, 0, 0, 0.150085, -0.148982, 0, 0.00121935, 1.10512e-06
101821, -0.0904196, -0.237471, -0.0653291, 9.51249e-08, -0.0951249, 0, 0, 0.147027, -0.148812, 0, -0.00197318, 1.10512e-06
101830, -0.0922263, -0.239487, -0.0696801, 9.51249e-08, -0.0951249, 0, 0, 0.147779, -0.148733, 0, -0.00105481, 1.10512e-06
101840, -0.0939814, -0.241444, -0.0614796, 9.51249e-08, -0.0951249, 0, 0, 0.150085, -0.148882, 0, 0.0013293, 1.10512e-06
101851, -0.0955292, -0.243171, -0.054192, 9.51249e-08, -0.0951249, 0, 0, 0.150085, -0.149015, 0, 0.00118287, 1.10512e-06
101861, -0.0968379, -0.239449, -0.0436024, 9.51249e-08, -0.0951249, 0, -0.347118, 0.150871, -0.149207, 0, 0.00183892, 1.10512e-06
101870, -0.0979339, -0.23549, -0.0383048, 9.51249e-08, -0.0951249, 0, 0, 0.150085, -0.149304, 0, 0.000863642, 1.10512e-06
101880, -0.0988961, -0.236564, -0.0335972, 9.51249e-08, -0.0951249, 0, 0, 0.150085, -0.149389, 0, 0.000769049, 1.10512e-06
101891, -0.0997392, -0.237504, -0.0294125, 9.51249e-08, -0.0951249, 0, 0, 0.150085, -0.149465, 0, 0.000684977, 1.10512e-06
101901, -0.100477, -0.238327, -0.0256941, 9.51249e-08, -0.0951249, 0, 0, 0.150085, -0.149533, 0, 0.000610262, 1.10512e-06
101910, -0.101174, -0.239105, -0.0264572, 9.51249e-08, -0.0951249, 0, 0, 0.149308, -0.149519, 0, -0.000233531, 1.10512e-06
101920, -0.102051, -0.240084, -0.0390686, 9.51249e-08, -0.0951249, 0, 0, 0.147027, -0.14929, 0, -0.00250085, 1.10512e-06
101931, -0.103247, -0.241417, -0.0502761, 9.51249e-08, -0.0951249, 0, 0, 0.147027, -0.149086, 0, -0.00227565, 1.10512e-06
101941, -0.104512, -0.242828, -0.0442351, 9.51249e-08, -0.0951249, 0, 0, 0.150085, -0.149196, 0, 0.000982806, 1.10512e-06
101951, -0.105624, -0.238835, -0.038867, 9.51249e-08, -0.0951249, 0, -0.350624, 0.150085, -0.149293, 0, 0.000874937, 1.10512e-06
101960, -0.1066, -0.23469, -0.0340963, 9.51249e-08, -0.0951249, 0, 0, 0.150085, -0.14938, 0, 0.000779077, 1.10512e-06
101970, -0.107456, -0.235644, -0.0298559, 9.51249e-08, -0.0951249, 0, 0, 0.150085, -0.149457, 0, 0.000693887, 1.10512e-06
101981, -0.108094, -0.236356, -0.0178149, 9.51249e-08, -0.0951249, 0, 0, 0.151666, -0.149676, 0, 0.00219947, 1.10512e-06
101991, -0.108538, -0.236852, -0.0153865, 9.51249e-08, -0.0951249, 0, 0, 0.150085, -0.14972, 0, 0.000403151, 1.10512e-06
102000, -0.108921, -0.237279, -0.0132286, 9.51249e-08, -0.0951249, 0, 0, 0.150085, -0.149759, 0, 0.000359789, 1.10512e-06
102010, -0.109194, -0.237584, -0.00719741, 9.51249e-08, -0.0951249, 0, 0, 0.150871, -0.149869, 0, 0.00110744, 1.10512e-06
102021, -0.10937, -0.23778, -0.00595167, 9.51249e-08, -0.0951249, 0, 0, 0.150085, -0.149892, 0, 0.000213563, 1.10512e-06
102031, -0.109515, -0.23276, -0.00484444, 9.51249e-08, -0.0951249, 0, -0.347118, 0.150085, -0.149912, 0, 0.000191316, 1.10512e-06
102040, -0.109631, -0.227708, -0.00386015, 9.51249e-08, -0.0951249, 0, 0, 0.150085, -0.14993, 0, 0.000171542, 1.10512e-06
102050, -0.109723, -0.22781, -0.00298567, 9.51249e-08, -0.0951249, 0, 0, 0.150085, -0.149946, 0, 0.000153974, 1.10512e-06
102061, -0.1099, -0.228008, -0.0102978, 9.51249e-08, -0.0951249, 0, 0, 0.148539, -0.149813, 0, -0.00140779, 1.10512e-06
102071, -0.110155, -0.228292, -0.00870623, 9.51249e-08, -0.0951249, 0, 0, 0.150085, -0.149842, 0, 0.000268921, 1.10512e-06
102080, -0.110369, -0.228531, -0.00729248, 9.51249e-08, -0.0951249, 0, 0, 0.150085, -0.149867, 0, 0.000240505, 1.10512e-06
102090, -0.110492, -0.228668, -0.0019227, 9.51249e-08, -0.0951249, 0, 0, 0.150871, -0.149965, 0, 0.00100145, 1.10512e-06
102100, -0.110749, -0.228955, -0.0172641, 9.51249e-08, -0.0951249, 0, 0, 0.147027, -0.149686, 0, -0.00293896, 1.10512e-06
102111, -0.111393, -0.229674, -0.0308984, 9.51249e-08, -0.0951249, 0, 0, 0.147027, -0.149438, 0, -0.00266501, 1.10512e-06
102121, -0.112168, -0.230538, -0.0270145, 9.51249e-08, -0.0951249, 0, 0, 0.150085, -0.149509, 0, 0.000636786, 1.10512e-06
102130, -0.112845, -0.231293, -0.0235633, 9.51249e-08, -0.0951249, 0, 0, 0.150085, -0.149572, 0, 0.000567436, 1.10512e-06
102140, -0.113435, -0.231951, -0.0204957, 9.51249e-08, -0.0951249, 0, 0, 0.150085, -0.149627, 0, 0.000505805, 1.10512e-06
102151, -0.113947, -0.232522, -0.0177698, 9.51249e-08, -0.0951249, 0, 0, 0.150085, -0.149677, 0, 0.000451028, 1.10512e-06
102161, -0.114335, -0.232955, -0.0112338, 9.51249e-08, -0.0951249, 0, 0, 0.150871, -0.149796, 0, 0.00118853, 1.10512e-06
102170, -0.114721, -0.233386, -0.017628, 9.51249e-08, -0.0951249, 0, 0, 0.148539, -0.149679, 0, -0.0012605, 1.10512e-06
102180, -0.115375, -0.234115, -0.0312221, 9.51249e-08, -0.0951249, 0, 0, 0.147027, -0.149432, 0, -0.0026585, 1.10512e-06
102191, -0.116372, -0.235228, -0.0433033, 9.51249e-08, -0.0951249, 0, 0, 0.147027, -0.149213, 0, -0.00241576, 1.10512e-06
102201, -0.117675, -0.236681, -0.0540396, 9.51249e-08, -0.0951249, 0, 0, 0.147027, -0.149017, 0, -0.00220002, 1.10512e-06
102210, -0.119301, -0.238495, -0.0674714, 9.51249e-08, -0.0951249, 0, 0, 0.146283, -0.148773, 0, -0.00275201, 1.10512e-06
102220, -0.121214, -0.240629, -0.0755171, 9.51249e-08, -0.0951249, 0, 0, 0.147027, -0.148627, 0, -0.00176847, 1.10512e-06
102231, -0.123117, -0.242752, -0.0666674, 9.51249e-08, -0.0951249, 0, 0, 0.150085, -0.148788, 0, 0.00143354, 1.10512e-06
102241, -0.124741, -0.244563, -0.0546895, 9.51249e-08, -0.0951249, 0, 0, 0.150871, -0.149006, 0, 0.00206169, 1.10512e-06
102251, -0.126117, -0.246098, -0.0481576, 9.51249e-08, -0.0951249, 0, 0, 0.150085, -0.149124, 0, 0.00106162, 1.10512e-06
102260, -0.127328, -0.247449, -0.0423526, 9.51249e-08, -0.0951249, 0, 0, 0.150085, -0.14923, 0, 0.000944987, 1.10512e-06
102270, -0.128337, -0.248575, -0.0330801, 9.51249e-08, -0.0951249, 0, 0, 0.150871, -0.149399, 0, 0.0016275, 1.10512e-06
102281, -0.129168, -0.249501, -0.0289536, 9.51249e-08, -0.0951249, 0, 0, 0.150085, -0.149474, 0, 0.000675753, 1.10512e-06
102291, -0.129893, -0.245077, -0.0252868, 9.51249e-08, -0.0951249, 0, -0.350624, 0.150085, -0.14954, 0, 0.000602067, 1.10512e-06
102300, -0.130526, -0.24055, -0.0220274, 9.51249e-08, -0.0951249, 0, 0, 0.150085, -0.149599, 0, 0.000536576, 1.10512e-06
102310, -0.131077, -0.241164, -0.0191311, 9.51249e-08, -0.0951249, 0, 0, 0.150085, -0.149652, 0, 0.000478387, 1.10512e-06
102321, -0.131609, -0.241757, -0.0206243, 9.51249e-08, -0.0951249, 0, 0, 0.149308, -0.149625, 0, -0.000350729, 1.10512e-06
102331, -0.132339, -0.242571, -0.0338849, 9.51249e-08, -0.0951249, 0, 0, 0.147027, -0.149384, 0, -0.00260501, 1.10512e-06
102340, -0.133351, -0.2437, -0.0417355, 9.51249e-08, -0.0951249, 0, 0, 0.147779, -0.149241, 0, -0.0016163, 1.10512e-06
102350, -0.134614, -0.245109, -0.0526463, 9.51249e-08, -0.0951249, 0, 0, 0.147027, -0.149043, 0, -0.00222802, 1.10512e-06
102361, -0.136152, -0.246825, -0.0623426, 9.51249e-08, -0.0951249, 0, 0, 0.147027, -0.148866, 0, -0.00203319, 1.10512e-06
102371, -0.137722, -0.248576, -0.0549591, 9.51249e-08, -0.0951249, 0, 0, 0.150085, -0.149001, 0, 0.00119828, 1.10512e-06
102380, -0.139105, -0.250119, -0.0483969, 9.51249e-08, -0.0951249, 0, 0, 0.150085, -0.14912, 0, 0.00106643, 1.10512e-06
102390, -0.140267, -0.251416, -0.0384515, 9.51249e-08, -0.0951249, 0, 0, 0.150871, -0.149301, 0, 0.00173543, 1.10512e-06
102401, -0.141233, -0.252493, -0.0337267, 9.51249e-08, -0.0951249, 0, 0, 0.150085, -0.149387, 0, 0.000771657, 1.10512e-06
102411, -0.142079, -0.253437, -0.0295281, 9.51249e-08, -0.0951249, 0, 0, 0.150085, -0.149463, 0, 0.000687286, 1.10512e-06
102421, -0.14282, -0.249029, -0.0257966, 9.51249e-08, -0.0951249, 0, -0.350624, 0.150085, -0.149531, 0, 0.000612319, 1.10512e-06
102430, -0.143466, -0.244516, -0.0224806, 9.51249e-08, -0.0951249, 0, 0, 0.150085, -0.149591, 0, 0.000545681, 1.10512e-06
102440, -0.144028, -0.245143, -0.0195335, 9.51249e-08, -0.0951249, 0, 0, 0.150085, -0.149645, 0, 0.000486478, 1.10512e-06
102451, -0.144516, -0.245687, -0.0169142, 9.51249e-08, -0.0951249, 0, 0, 0.150085, -0.149692, 0, 0.000433847, 1.10512e-06
102461, -0.144937, -0.246157, -0.0145866, 9.51249e-08, -0.0951249, 0, 0, 0.150085, -0.149735, 0, 0.000387073, 1.10512e-06
102470, -0.145354, -0.246623, -0.0165855, 9.51249e-08, -0.0951249, 0, 0, 0.149308, -0.149698, 0, -0.00043188, 1.10512e-06
102480, -0.145768, -0.247084, -0.0142948, 9.51249e-08, -0.0951249, 0, 0, 0.150085, -0.14974, 0, 0.000381202, 1.10512e-06
102491, -0.146123, -0.24748, -0.012259, 9.51249e-08, -0.0951249, 0, 0, 0.150085, -0.149777, 0, 0.000340298, 1.10512e-06
102501, -0.146588, -0.247999, -0.0225167, 9.51249e-08, -0.0951249, 0, 0, 0.147779, -0.149591, 0, -0.00200246, 1.10512e-06
102510, -0.147151, -0.248627, -0.0195654, 9.51249e-08, -0.0951249, 0, 0, 0.150085, -0.149644, 0, 0.000487119, 1.10512e-06
102520, -0.14764, -0.249172, -0.0169428, 9.51249e-08, -0.0951249, 0, 0, 0.150085, -0.149692, 0, 0.000434414, 1.10512e-06
102531, -0.148276, -0.249882, -0.0306123, 9.51249e-08, -0.0951249, 0, 0, 0.147027, -0.149443, 0, -0.00267075, 1.10512e-06
102541, -0.149258, -0.250977, -0.0427607, 9.51249e-08, -0.0951249, 0, 0, 0.147027, -0.149223, 0, -0.00242665, 1.10512e-06
102550, -0.150547, -0.252415, -0.0535569, 9.51249e-08, -0.0951249, 0, 0, 0.147027, -0.149026, 0, -0.00220972, 1.10512e-06
102560, -0.151895, -0.253918, -0.0471511, 9.51249e-08, -0.0951249, 0, 0, 0.150085, -0.149143, 0, 0.0010414, 1.10512e-06
102571, -0.153025, -0.25518, -0.0373451, 9.51249e-08, -0.0951249, 0, 0, 0.150871, -0.149321, 0, 0.0017132, 1.10512e-06
102581, -0.153963, -0.256226, -0.0327432, 9.51249e-08, -0.0951249, 0, 0, 0.150085, -0.149405, 0, 0.000751898, 1.10512e-06
102591, -0.154785, -0.257143, -0.0286544, 9.51249e-08, -0.0951249, 0, 0, 0.150085, -0.149479, 0, 0.000669733, 1.10512e-06
102600, -0.155448, -0.257882, -0.0209071, 9.51249e-08, -0.0951249, 0, 0, 0.150871, -0.14962, 0, 0.0013829, 1.10512e-06
102610, -0.15597, -0.258465, -0.0181353, 9.51249e-08, -0.0951249, 0, 0, 0.150085, -0.14967, 0, 0.000458375, 1.10512e-06
102621, -0.156477, -0.259031, -0.0197392, 9.51249e-08, -0.0951249, 0, 0, 0.149308, -0.149641, 0, -0.000368521, 1.10512e-06
102631, -0.15697, -0.25958, -0.0170969, 9.51249e-08, -0.0951249, 0, 0, 0.150085, -0.149689, 0, 0.000437513, 1.10512e-06
102640, -0.157396, -0.260056, -0.0147489, 9.51249e-08, -0.0951249, 0, 0, 0.150085, -0.149732, 0, 0.000390336, 1.10512e-06
102650, -0.157708, -0.260404, -0.00854887, 9.51249e-08, -0.0951249, 0, 0, 0.150871, -0.149845, 0, 0.00113459, 1.10512e-06
102661, -0.157918, -0.260638, -0.00715315, 9.51249e-08, -0.0951249, 0, 0, 0.150085, -0.14987, 0, 0.000237703, 1.10512e-06
102671, -0.158093, -0.260833, -0.00591233, 9.51249e-08, -0.0951249, 0, 0, 0.150085, -0.149892, 0, 0.000212774, 1.10512e-06
102680, -0.158236, -0.260993, -0.0048092, 9.51249e-08, -0.0951249, 0, 0, 0.150085, -0.149913, 0, 0.000190616, 1.10512e-06
102690, -0.158566, -0.261361, -0.0198293, 9.51249e-08, -0.0951249, 0, 0, 0.147027, -0.149639, 0, -0.00288741, 1.10512e-06
102701, -0.159276, -0.262152, -0.0331784, 9.51249e-08, -0.0951249, 0, 0, 0.147027, -0.149397, 0, -0.00261919, 1.10512e-06
102711, -0.160108, -0.263081, -0.0290404, 9.51249e-08, -0.0951249, 0, 0, 0.150085, -0.149472, 0, 0.000677496, 1.10512e-06
102720, -0.160781, -0.263832, -0.0212505, 9.51249e-08, -0.0951249, 0, 0, 0.150871, -0.149614, 0, 0.0013898, 1.10512e-06
102730, -0.161367, -0.264485, -0.0225077, 9.51249e-08, -0.0951249, 0, 0, 0.149308, -0.149591, 0, -0.00031288, 1.10512e-06
102740, -0.16193, -0.265113, -0.0195573, 9.51249e-08, -0.0951249, 0, 0, 0.150085, -0.149644, 0, 0.000486955, 1.10512e-06
102751, -0.162418, -0.265658, -0.0169355, 9.51249e-08, -0.0951249, 0, 0, 0.150085, -0.149692, 0, 0.000434265, 1.10512e-06
102760, 0, 0, 0, 1.05125e-07, -0.0951249, 0, 0, 0.150085, -0.149698, 0, 0.000434265, 1.10512e-06
102770, 0, 0, 0, 1.05125e-07, -0.0951249, 0, 0, 0.150085, -0.149698, 0, 0.000434265, 1.10512e-06
102780, 0, 0, 0, 1.05125e-07, -0.0951249, 0, 0, 0.150085, -0.149698, 0, 0.000434265, 1.10512e-06
102790, 0, 0, 0, 1.05125e-07, -0.0951249, 0, 0, 0.150085, -0.149698, 0, 0.000434265, 1.10512e-06
102800, 0, 0, 0, 1.05125e-07, -0.0951249, 0, 0, 0.150871, -0.149698, 0, 0.000434265, 1.10512e-06
102810, 0, 0, 0, 1.05125e-07, -0.0951249, 0, 0, 0.150085, -0.149698, 0, 0.000434265, 1.10512e-06
102820, 0, 0, 0, 1.05125e-07, -0.0951249, 0, 0, 0.150085, -0.149698, 0, 0.000434265, 1.10512e-06
102831, 0, 0, 0, 1.05125e-07, -0.0951249, 0, 0, 0.150871, -0.149698, 0, 0.000434265, 1.10512e-06
102840, 0, 0, 0, 1.05125e-07, -0.0951249, 0, 0, 0.150085, -0.149698, 0, 0.000434265, 1.10512e-06
102850, 0, 0, 0, 1.05125e-07, -0.0951249, 0, 0, 0.150085, -0.149698, 0, 0.000434265, 1.10512e-06
102860, 0, 0, 0, 1.05125e-07, -0.0951249, 0, 0, 0.150085, -0.149698, 0, 0.000434265, 1.10512e-06
102871, 0, 0, 0, 1.05125e-07, -0.0951249, 0, 0, 0.150085, -0.149698, 0, 0.000434265, 1.10512e-06
102880, 0, 0, 0, 1.05125e-07, -0.0951249, 0, 0, 0.148539, -0.149698, 0, 0.000434265, 1.10512e-06
102890, 0, 0, 0, 1.05125e-07, -0.0951249, 0, 0, 0.150085, -0.149698, 0, 0.000434265, 1.10512e-06
102900, 0, 0, 0, 1.05125e-07, -0.0951249, 0, 0, 0.150085, -0.149698, 0, 0.000434265, 1.10512e-06
102910, 0, 0, 0, 1.05125e-07, -0.0951249, 0, 0, 0.150871, -0.149698, 0, 0.000434265, 1.10512e-06
102920, 0, 0, 0, 1.05125e-07, -0.0951249, 0, 0, 0.150085, -0.149698, 0, 0.000434265, 1.10512e-06
102930, 0, 0, 0, 1.05125e-07, -0.0951249, 0, 0, 0.150085, -0.149698, 0, 0.000434265, 1.10512e-06
102940, 0, 0, 0, 1.05125e-07, -0.0951249, 0, 0, 0.150085, -0.149698, 0, 0.000434265, 1.10512e-06
102950, 0, 0, 0, 1.05125e-07, -0.0951249, 0, 0, 0.150871, -0.149698, 0, 0.000434265, 1.10512e-06
102960, 0, 0, 0, 1.05125e-07, -0.0951249, 0, 0, 0.150085, -0.149698, 0, 0.000434265, 1.10512e-06
102970, 0, 0, 0, 1.05125e-07, -0.0951249, 0, 0, 0.150085, -0.149698, 0, 0.000434265, 1.10512e-06
102980, 0, 0, 0, 1.05125e-07, -0.0951249, 0, 0, 0.150871, -0.149698, 0, 0.000434265, 1.10512e-06
102990, 0, 0, 0, 1.05125e-07, -0.0951249, 0, 0, 0.150085, -0.149698, 0, 0.000434265, 1.10512e-06
103001, 0, 0, 0, 1.05125e-07, -0.0951249, 0, 0, 0.150085, -0.149698, 0, 0.000434265, 1.10512e-06
103010, 0, 0, 0, 1.05125e-07, -0.0951249, 0, 0, 0.150085, -0.149698, 0, 0.000434265, 1.10512e-06
103020, 0, 0, 0, 1.05125e-07, -0.0951249, 0, 0, 0.150085, -0.149698, 0, 0.000434265, 1.10512e-06
103030, 0, 0, 0, 1.05125e-07, -0.0951249, 0, 0, 0.148539, -0.149698, 0, 0.000434265, 1.10512e-06
103041, 0, 0, 0, 1.05125e-07, -0.0951249, 0, 0, 0.147027, -0.149698, 0, 0.000434265, 1.10512e-06
103050, 0, 0, 0, 1.05125e-07, -0.0951249, 0, 0, 0.147027, -0.149698, 0, 0.000434265, 1.10512e-06
103060, 0, 0, 0, 1.05125e-07, -0.0951249, 0, 0, 0.150871, -0.149698, 0, 0.000434265, 1.10512e-06
103070, 0, 0, 0, 1.05125e-07, -0.0951249, 0, 0, 0.150085, -0.149698, 0, 0.000434265, 1.10512e-06
103080, 0, 0, 0, 1.05125e-07, -0.0951249, 0, 0, 0.150871, -0.149698, 0, 0.000434265, 1.10512e-06
