QGPIORecord, QRC v6.1.0, 04-12-2021 @ 21:54:55, Windows 10 Version 2009, 10.0.19042, x86_64
Time, yA, yB, r, eA, eB, uA, uB, C, D, ValueIn9, ValueIn10, ValueIn11
213711, 0, 0, 0, 0, 0, 0, 0, 0, 0, 0, 0, 0
213721, 0, 0, 0, 0, 0, 0, 0, 0, 0, 0, 0, 0
213730, 0, 0, 0, 0, 0, 0, 0, 0, 0, 0, 0, 0
213740, 0, 0, 0, 0, 0, 0, 0, 0, 0, 0, 0, 0
213750, 0, 0, 0, 0, 0, 0, 0, 0, 0, 0, 0, 0
213761, 0, 0, 0, 0, 0, 0, 0, 0, 0, 0, 0, 0
213770, 0, 0, 0, 0, 0, 0, 0, 0, 0, 0, 0, 0
213780, 0, 0, 0, 0, 0, 0, 0, 0, 0, 0, 0, 0
213790, 0, 0, 0, 0, 0, 0, 0, 0, 0, 0, 0, 0
213800, 0, 0, 0, 0, 0, 0, 0, 0, 0, 0, 0, 0
213810, 0, 0, 0, 0, 0, 0, 0, 0, 0, 0, 0, 0
213820, 0, 0, 0, 0, 0, 0, 0, 0, 0, 0, 0, 0
213830, 0, 0, 0, 0, 0, 0, 0, 0, 0, 0, 0, 0
213840, 0, 0, 0, 0, 0, 0, 0, 0, 0, 0, 0, 0
213851, 0, 0, 0, 0, 0, 0, 0, 0, 0, 0, 0, 0
213860, 0, 0, 0, 0, 0, 0, 0, 0, 0, 0, 0, 0
213870, 0, 0, 0, 0, 0, 0, 0, 0, 0, 0, 0, 0
213880, 0, 0, 0, 0, 0, 0, 0, 0, 0, 0, 0, 0
213891, 0, 0, 0, 0, 0, 0, 0, 0, 0, 0, 0, 0
213900, 0, 0, 0, 0, 0, 0, 0, 0, 0, 0, 0, 0
213910, 0, 0, 0, 0, 0, 0, 0, 0, 0, 0, 0, 0
213920, 0, 0, 0, 0, 0, 0, 0, 0, 0, 0, 0, 0
213931, 0, 0, 0, 0, 0, 0, 0, 0, 0, 0, 0, 0
213940, 0, 0, 0, 0, 0, 0, 0, 0, 0, 0, 0, 0
213950, 0, 0, 0, 0, 0, 0, 0, 0, 0, 0, 0, 0
213960, 0, 0, 0, 0, 0, 0, 0, 0, 0, 0, 0, 0
213970, 0, 0, 0, 0, 0, 0, 0, 0, 0, 0, 0, 0
213980, 0, 0, 0, 0, 0, 0, 0, 0, 0, 0, 0, 0
213990, 0, 0, 0, 0, 0, 0, 0, 0, 0, 0, 0, 0
214000, 0, 0, 0, 0, 0, 0, 0, 0, 0, 0, 0, 0
214010, 0, 0, 0, 0, 0, 0, 0, 0, 0, 0, 0, 0
214021, 0, 0, 0, 0, 0, 0, 0, 0, 0, 0, 0, 0
214030, 0, 0, 0, 0, 0, 0, 0, 0, 0, 0, 0, 0
214040, 0, 0, 0, 0, 0, 0, 0, 0, 0, 0, 0, 0
214050, 0, 0, 0, 0, 0, 0, 0, 0, 0, 0, 0, 0
214061, 0, 0, 0, 0, 0, 0, 0, 0, 0, 0, 0, 0
214070, 0, 0, 0, 0, 0, 0, 0, 0, 0, 0, 0, 0
214080, 0, 0, 0, 0, 0, 0, 0, 0, 0, 0, 0, 0
214090, 0, 0, 0, 0, 0, 0, 0, 0, 0, 0, 0, 0
214100, 0, 0, 0, 0, 0, 0, 0, 0, 0, 0, 0, 0
214110, 0, 0, 0, 0, 0, 0, 0, 0, 0, 0, 0, 0
214120, 0, 0, 0, 0, 0, 0, 0, 0, 0, 0, 0, 0
214130, 0, 0, 0, 0, 0, 0, 0, 0, 0, 0, 0, 0
214140, 0, 0, 0, 0, 0, 0, 0, 0, 0, 0, 0, 0
214151, 0, 0, 0, 0, 0, 0, 0, 0, 0, 0, 0, 0
214160, 0, 0, 0, 0, 0, 0, 0, 0, 0, 0, 0, 0
214170, 0, 0, 0, 0, 0, 0, 0, 0, 0, 0, 0, 0
214180, 0, 0, 0, 0, 0, 0, 0, 0, 0, 0, 0, 0
214191, 0, 0, 0, 0, 0, 0, 0, 0, 0, 0, 0, 0
214200, 0, 0, 0, 0, 0, 0, 0, 0, 0, 0, 0, 0
214210, 0, 0, 0, 0, 0, 0, 0, 0, 0, 0, 0, 0
214220, 0, 0, 0, 0, 0, 0, 0, 0, 0, 0, 0, 0
214231, 0, 0, 0, 0, 0, 0, 0, 0, 0, 0, 0, 0
214240, 0, 0, 0, 0, 0, 0, 0, 0, 0, 0, 0, 0
214250, 0, 0, 0, 0, 0, 0, 0, 0, 0, 0, 0, 0
214260, 0, 0, 0, 0, 0, 0, 0, 0, 0, 0, 0, 0
214270, 0, 0, 0, 0, 0, 0, 0, 0, 0, 0, 0, 0
214280, 0, 0, 0, 0, 0, 0, 0, 0, 0, 0, 0, 0
214290, 0, 0, 0, 0, 0, 0, 0, 0, 0, 0, 0, 0
214300, 0, 0, 0, 0, 0, 0, 0, 0, 0, 0, 0, 0
214310, 0, 0, 0, 0, 0, 0, 0, 0, 0, 0, 0, 0
214321, 0, 0, 0, 0, 0, 0, 0, 0, 0, 0, 0, 0
214330, 0, 0, 0, 0, 0, 0, 0, 0, 0, 0, 0, 0
214340, 0, 0, 0, 0, 0, 0, 0, 0, 0, 0, 0, 0
214350, 0, 0, 0, 0, 0, 0, 0, 0, 0, 0, 0, 0
214361, 0, 0, 0, 0, 0, 0, 0, 0, 0, 0, 0, 0
214370, 0, 0, 0, 0, 0, 0, 0, 0, 0, 0, 0, 0
214380, 0, 0, 0, 0, 0, 0, 0, 0, 0, 0, 0, 0
214390, 0, 0, 0, 0, 0, 0, 0, 0, 0, 0, 0, 0
214401, 0, 0, 0, 0, 0, 0, 0, 0, 0, 0, 0, 0
214410, 0, 0, 0, 0, 0, 0, 0, 0, 0, 0, 0, 0
214420, 0, 0, 0, 0, 0, 0, 0, 0, 0, 0, 0, 0
214430, 0, 0, 0, 0, 0, 0, 0, 0, 0, 0, 0, 0
214440, 0, 0, 0, 0, 0, 0, 0, 0, 0, 0, 0, 0
214450, 0, 0, 0, 0, 0, 0, 0, 0, 0, 0, 0, 0
214460, 0, 0, 0, 0, 0, 0, 0, 0, 0, 0, 0, 0
214470, 0, 0, 0, 0, 0, 0, 0, 0, 0, 0, 0, 0
214480, 0, 0, 0, 0, 0, 0, 0, 0, 0, 0, 0, 0
214491, 0, 0, 0, 0, 0, 0, 0, 0, 0, 0, 0, 0
214500, 0, 0, 0, 0, 0, 0, 0, 0, 0, 0, 0, 0
214510, 0, 0, 0, 0, 0, 0, 0, 0, 0, 0, 0, 0
214520, 0, 0, 0, 0, 0, 0, 0, 0, 0, 0, 0, 0
214531, 0, 0, 0, 0, 0, 0, 0, 0, 0, 0, 0, 0
214540, 0, 0, 0, 0, 0, 0, 0, 0, 0, 0, 0, 0
214550, 0, 0, 0, 0, 0, 0, 0, 0, 0, 0, 0, 0
214560, 0, 0, 0, 0, 0, 0, 0, 0, 0, 0, 0, 0
214571, 0, 0, 0, 0, 0, 0, 0, 0, 0, 0, 0, 0
214580, 0, 0, 0, 0, 0, 0, 0, 0, 0, 0, 0, 0
214590, 0, 0, 0, 0, 0, 0, 0, 0, 0, 0, 0, 0
214600, 0, 0, 0, 0, 0, 0, 0, 0, 0, 0, 0, 0
214610, 0, 0, 0, 0, 0, 0, 0, 0, 0, 0, 0, 0
214621, 0, 0, 0, 0, 0, 0, 0, 0, 0, 0, 0, 0
214630, 0, 0, 0, 0, 0, 0, 0, 0, 0, 0, 0, 0
214640, 0, 0, 0, 0, 0, 0, 0, 0, 0, 0, 0, 0
214650, 0, 0, 0, 0, 0, 0, 0, 0, 0, 0, 0, 0
214661, 0, 0, 0, 0, 0, 0, 0, 0, 0, 0, 0, 0
214670, 0, 0, 0, 0, 0, 0, 0, 0, 0, 0, 0, 0
214680, 0, 0, 0, 0, 0, 0, 0, 0, 0, 0, 0, 0
214690, 0, 0, 0, 0, 0, 0, 0, 0, 0, 0, 0, 0
214701, 0, 0, 0, 0, 0, 0, 0, 0, 0, 0, 0, 0
214710, 0, 0, 0, 0, 0, 0, 0, 0, 0, 0, 0, 0
214720, 0, 0, 0, 0, 0, 0, 0, 0, 0, 0, 0, 0
214730, 0, 0, 0, 0, 0, 0, 0, 0, 0, 0, 0, 0
214740, 0, 0, 0, 0, 0, 0, 0, 0, 0, 0, 0, 0
214750, 0, 0, 0, 0, 0, 0, 0, 0, 0, 0, 0, 0
214760, 0, 0, 0, 0, 0, 0, 0, 0, 0, 0, 0, 0
214770, 0, 0, 0, 0, 0, 0, 0, 0, 0, 0, 0, 0
214780, 0, 0, 0, 0, 0, 0, 0, 0, 0, 0, 0, 0
214791, 0, 0, 0, 0, 0, 0, 0, 0, 0, 0, 0, 0
214800, 0, 0, 0, 0, 0, 0, 0, 0, 0, 0, 0, 0
214810, 0, 0, 0, 0, 0, 0, 0, 0, 0, 0, 0, 0
214820, 0, 0, 0, 0, 0, 0, 0, 0, 0, 0, 0, 0
214831, 0, 0, 0, 0, 0, 0, 0, 0, 0, 0, 0, 0
214840, 0, 0, 0, 0, 0, 0, 0, 0, 0, 0, 0, 0
214850, 0, 0, 0, 0, 0, 0, 0, 0, 0, 0, 0, 0
214860, 0, 0, 0, 0, 0, 0, 0, 0, 0, 0, 0, 0
214871, 0, 0, 0, 0, 0, 0, 0, 0, 0, 0, 0, 0
214881, 0, 0, 0, 0, 0, 0, 0, 0, 0, 0, 0, 0
214890, 0, 0, 10, 10, 10, 0.133815, 0.149275, 0, 0, 0, 0, 0
214900, 0, 0, 10, 10, 10, 0.401445, 0.447825, 0, 0, 0, 0, 0
214910, 0, 0, 10, 10, 10, 0.669075, 0.746375, 0, 0, 0, 0, 0
214921, 0, 0, 10, 10, 10, 0.936705, 1.04492, 0, 0, 0, 0, 0
214930, 0, 0.347118, 10, 10, 9.65288, 1.20433, 1.33829, 0, 0, 0, 0, 0
214940, 0.350624, 0.347118, 10, 9.64938, 9.65288, 1.46727, 1.62648, 0, 0, 0, 0, 0
214950, 0.697742, 0.697742, 10, 9.30226, 9.30226, 1.72087, 1.90943, 0, 0, 0, 0, 0
214961, 1.05187, 1.05187, 10, 8.94813, 8.94813, 1.96509, 2.18187, 0, 0, 0, 0, 0
214970, 1.39899, 1.39899, 10, 8.60101, 8.60101, 2.19993, 2.44383, 0, 0, 0, 0, 0
214980, 1.75312, 2.45437, 10, 8.24688, 7.54563, 2.42538, 2.68486, 0, 0, 0, 0, 0
214990, 2.45086, 2.45086, 10, 7.54914, 7.54914, 2.63675, 2.91019, 0, 0, 0, 0, 0
215001, 2.45437, 3.15562, 10, 7.54563, 6.84438, 2.83874, 3.12505, 0, 0, 0, 0, 0
215011, 3.50274, 3.85687, 10, 6.49726, 6.14313, 3.02666, 3.31892, 0, 0, 0, 0, 0
215020, 3.50624, 4.20749, 10, 6.49376, 5.79251, 3.2005, 3.49709, 0, 0, 0, 0, 0
215030, 4.20398, 4.55461, 10, 5.79602, 5.44539, 3.36495, 3.66484, 0, 0, 0, 0, 0
215041, 4.55811, 4.90874, 10, 5.44189, 5.09126, 3.51533, 3.82213, 0, 0, 0, 0, 0
215051, 4.90523, 5.60648, 10, 5.09477, 4.39352, 3.65633, 3.96371, 0, 0, 0, 0, 0
215060, 5.26287, 5.60999, 10, 4.73713, 4.39001, 3.78789, 4.09483, 0, 0, 0, 0, 0
215070, 5.59947, 5.95009, 10, 4.40053, 4.04991, 3.91017, 4.22081, 0, 0, 0, 0, 0
215080, 5.96762, 6.66537, 10, 4.03238, 3.33463, 4.02301, 4.33105, 0, 0, 0, 0, 0
215091, 6.30422, 7.01248, 10, 3.69578, 2.98752, 4.12643, 4.42542, 0, 0, 0, 0, 0
215100, 6.65835, 7.00547, 10, 3.34165, 2.99453, 4.2206, 4.51472, 0, 0, 0, 0, 0
215110, 6.66537, 7.72074, 10, 3.33463, 2.27926, 4.30994, 4.59344, 0, 0, 0, 0, 0
215120, 7.00898, 7.35259, 10, 2.99102, 2.64741, 4.39458, 4.66698, 0, 0, 0, 0, 0
215131, 7.3596, 8.06436, 10, 2.6404, 1.93564, 4.46994, 4.7354, 0, 0, 0, 0, 0
215140, 7.36311, 8.40797, 10, 2.63689, 1.59203, 4.54056, 4.78806, 0, 0, 0, 0, 0
215150, 7.71373, 8.41498, 10, 2.28627, 1.58502, 4.60644, 4.83548, 0, 0, 0, 0, 0
215160, 7.71373, 8.41498, 10, 2.28627, 1.58502, 4.66763, 4.8828, 0, 0, 0, 0, 0
215171, 8.04683, 8.75859, 10, 1.95317, 1.24141, 4.72436, 4.92499, 0, 0, 0, 0, 0
215181, 8.06436, 9.10922, 10, 1.93564, 0.890783, 4.77639, 4.95682, 0, 0, 0, 0, 0
215190, 8.41498, 9.11973, 10, 1.58502, 0.880265, 4.82351, 4.98326, 0, 0, 0, 0, 0
215200, 8.42199, 9.48438, 10, 1.57801, 0.515615, 4.86583, 5.0041, 0, 0, 0, 0, 0
215211, 8.75509, 9.1022, 10, 1.24491, 0.897797, 4.90361, 5.0252, 0, 0, 0, 0, 0
215221, 8.76911, 9.12324, 10, 1.23089, 0.876759, 4.93674, 5.05169, 0, 0, 0, 0, 0
215230, 8.7621, 9.80345, 10, 1.2379, 0.196548, 4.96977, 5.06771, 0, 0, 0, 0, 0
215240, 8.77963, 9.82449, 10, 1.22037, 0.17551, 5.00267, 5.07326, 0, 0, 0, 0, 0
215250, 9.09519, 9.45984, 10, 0.904809, 0.540159, 5.03111, 5.08394, 0, 0, 0, 0, 0
215261, 9.12675, 9.47387, 10, 0.873253, 0.526134, 5.0549, 5.09986, 0, 0, 0, 0, 0
215270, 9.11973, 10.1576, 10, 0.880265, -0.157582, 5.07836, 5.10536, 0, 0, 0, 0, 0
215280, 9.1022, 9.81748, 10, 0.897797, 0.182523, 5.10216, 5.10574, 0, 0, 0, 0, 0
215290, 8.77963, 9.82449, 10, 1.22037, 0.17551, 5.1305, 5.11108, 0, 0, 0, 0, 0
215301, 9.45633, 9.46685, 10, 0.543666, 0.533147, 5.15411, 5.12166, 0, 0, 0, 0, 0
215311, 9.10922, 9.80345, 10, 0.890783, 0.196548, 5.1733, 5.13255, 0, 0, 0, 0, 0
215320, 9.46685, 9.828, 10, 0.533147, 0.172004, 5.19236, 5.13805, 0, 0, 0, 0, 0
215330, 9.47387, 9.82098, 10, 0.526134, 0.179017, 5.20653, 5.14329, 0, 0, 0, 0, 0
215341, 9.44582, 9.44582, 10, 0.554185, 0.554185, 5.22099, 5.15424, 0, 0, 0, 0, 0
215351, 9.48088, 9.81046, 10, 0.519122, 0.189535, 5.23535, 5.16534, 0, 0, 0, 0, 0
215360, 9.82449, 9.8315, 10, 0.17551, 0.168498, 5.24465, 5.17068, 0, 0, 0, 0, 0
215370, 9.45283, 9.46685, 10, 0.547172, 0.533147, 5.25432, 5.18116, 0, 0, 0, 0, 0
215380, 9.80345, 9.45283, 10, 0.196548, 0.547172, 5.26427, 5.19728, 0, 0, 0, 0, 0
215391, 9.80696, 9.80696, 10, 0.193042, 0.193042, 5.26948, 5.20833, 0, 0, 0, 0, 0
215400, 9.82449, 9.82098, 10, 0.17551, 0.179017, 5.27441, 5.21389, 0, 0, 0, 0, 0
215410, 9.48438, 9.82098, 10, 0.515615, 0.179017, 5.28366, 5.21923, 0, 0, 0, 0, 0
215420, 9.81046, 9.48438, 10, 0.189535, 0.515615, 5.2931, 5.2296, 0, 0, 0, 0, 0
215431, 9.81046, 9.80696, 10, 0.189535, 0.193042, 5.29817, 5.24018, 0, 0, 0, 0, 0
215440, 9.81046, 9.81748, 10, 0.189535, 0.182523, 5.30324, 5.24579, 0, 0, 0, 0, 0
215450, 9.47737, 9.828, 10, 0.522629, 0.172004, 5.31277, 5.25108, 0, 0, 0, 0, 0
215460, 10.1576, 9.45283, 10, -0.157582, 0.547172, 5.31766, 5.26181, 0, 0, 0, 0, 0
215471, 9.81748, 9.82098, 10, 0.182523, 0.179017, 5.31799, 5.27265, 0, 0, 0, 0, 0
215481, 9.82098, 9.80345, 10, 0.179017, 0.196548, 5.32283, 5.27826, 0, 0, 0, 0, 0
215490, 10.1541, 9.81748, 10, -0.154077, 0.182523, 5.32316, 5.28392, 0, 0, 0, 0, 0
215500, 10.1751, 9.82449, 10, -0.175114, 0.17551, 5.31876, 5.28926, 0, 0, 0, 0, 0
215511, 9.828, 9.80696, 10, 0.172004, 0.193042, 5.31872, 5.29476, 0, 0, 0, 0, 0
215521, 10.1576, 9.82098, 10, -0.157582, 0.179017, 5.31891, 5.30032, 0, 0, 0, 0, 0
215530, 10.1611, 9.80345, 10, -0.161089, 0.196548, 5.31465, 5.30592, 0, 0, 0, 0, 0
215540, 10.5257, 9.8315, 10, -0.525738, 0.168498, 5.30546, 5.31137, 0, 0, 0, 0, 0
215550, 10.1576, 9.80696, 10, -0.157582, 0.193042, 5.29631, 5.31677, 0, 0, 0, 0, 0
215561, 10.1716, 9.82098, 10, -0.171608, 0.179017, 5.29191, 5.32232, 0, 0, 0, 0, 0
215570, 9.81046, 9.80345, 10, 0.189535, 0.196548, 5.29215, 5.32793, 0, 0, 0, 0, 0
215580, 10.1681, 9.828, 10, -0.168101, 0.172004, 5.29243, 5.33343, 0, 0, 0, 0, 0
215590, 9.82098, 9.47387, 10, 0.179017, 0.526134, 5.29258, 5.34385, 0, 0, 0, 0, 0
215601, 9.81046, 10.5117, 10, 0.189535, -0.511713, 5.29751, 5.34407, 0, 0, 0, 0, 0
215610, 10.1681, 10.1611, 10, -0.168101, -0.161089, 5.2978, 5.33403, 0, 0, 0, 0, 0
215620, 9.82449, 9.80696, 10, 0.17551, 0.193042, 5.2979, 5.3345, 0, 0, 0, 0, 0
215630, 10.5047, 9.828, 10, -0.504701, 0.172004, 5.29349, 5.33995, 0, 0, 0, 0, 0
215641, 10.1716, 10.1681, 10, -0.171608, -0.168101, 5.28444, 5.34001, 0, 0, 0, 0, 0
215651, 10.1681, 10.1576, 10, -0.168101, -0.157582, 5.2799, 5.33515, 0, 0, 0, 0, 0
215660, 10.1541, 9.81046, 10, -0.154077, 0.189535, 5.27558, 5.33563, 0, 0, 0, 0, 0
215670, 10.1856, 10.1856, 10, -0.185633, -0.185633, 5.27104, 5.33568, 0, 0, 0, 0, 0
215681, 10.1506, 10.5012, 10, -0.15057, -0.501194, 5.26654, 5.32543, 0, 0, 0, 0, 0
215691, 10.1786, 9.80696, 10, -0.17862, 0.193042, 5.26214, 5.32083, 0, 0, 0, 0, 0
215700, 10.5117, 10.1751, 10, -0.511713, -0.175114, 5.2529, 5.3211, 0, 0, 0, 0, 0
215710, 10.1576, 10.1681, 10, -0.157582, -0.168101, 5.24394, 5.31598, 0, 0, 0, 0, 0
215720, 10.5187, 10.1681, 10, -0.518725, -0.168101, 5.23489, 5.31096, 0, 0, 0, 0, 0
215731, 10.1786, 10.1681, 10, -0.17862, -0.168101, 5.22556, 5.30594, 0, 0, 0, 0, 0
215740, 10.5117, 10.1716, 10, -0.511713, -0.171608, 5.21632, 5.30087, 0, 0, 0, 0, 0
215750, 10.1611, 9.82098, 10, -0.161089, 0.179017, 5.20732, 5.30098, 0, 0, 0, 0, 0
215760, 10.1786, 10.1681, 10, -0.17862, -0.168101, 5.20277, 5.30114, 0, 0, 0, 0, 0
215771, 10.5117, 10.1716, 10, -0.511713, -0.171608, 5.19354, 5.29607, 0, 0, 0, 0, 0
215780, 10.1576, 10.1576, 10, -0.157582, -0.157582, 5.18458, 5.29116, 0, 0, 0, 0, 0
215790, 10.1786, 9.828, 10, -0.17862, 0.172004, 5.18008, 5.29137, 0, 0, 0, 0, 0
215800, 9.80345, 10.1436, 10, 0.196548, -0.143558, 5.18032, 5.2918, 0, 0, 0, 0, 0
215811, 10.1681, 10.1821, 10, -0.168101, -0.182126, 5.1807, 5.28693, 0, 0, 0, 0, 0
215821, 9.82098, 9.81748, 10, 0.179017, 0.182523, 5.18085, 5.28694, 0, 0, 0, 0, 0
215830, 10.1751, 9.82449, 10, -0.175114, 0.17551, 5.1809, 5.29228, 0, 0, 0, 0, 0
215840, 10.1506, 10.1506, 10, -0.15057, -0.15057, 5.17654, 5.29266, 0, 0, 0, 0, 0
215851, 10.1786, 10.1786, 10, -0.17862, -0.17862, 5.17214, 5.28774, 0, 0, 0, 0, 0
215861, 10.1541, 9.80696, 10, -0.154077, 0.193042, 5.16768, 5.28796, 0, 0, 0, 0, 0
215870, 10.1856, 10.1576, 10, -0.185633, -0.157582, 5.16314, 5.28849, 0, 0, 0, 0, 0
215880, 10.1471, 9.82098, 10, -0.147064, 0.179017, 5.15869, 5.28881, 0, 0, 0, 0, 0
215890, 10.1821, 10.1821, 10, -0.182126, -0.182126, 5.15428, 5.28876, 0, 0, 0, 0, 0
215901, 10.1506, 10.1436, 10, -0.15057, -0.143558, 5.14983, 5.2839, 0, 0, 0, 0, 0
215910, 10.1751, 9.828, 10, -0.175114, 0.172004, 5.14547, 5.28432, 0, 0, 0, 0, 0
215920, 10.1611, 10.1716, 10, -0.161089, -0.171608, 5.14097, 5.28433, 0, 0, 0, 0, 0
215930, 9.8315, 10.1681, 10, 0.168498, -0.168101, 5.14107, 5.27926, 0, 0, 0, 0, 0
215941, 10.1681, 9.80696, 10, -0.168101, 0.193042, 5.14108, 5.27963, 0, 0, 0, 0, 0
215951, 10.1365, 9.80696, 10, -0.136545, 0.193042, 5.137, 5.28539, 0, 0, 0, 0, 0
215960, 10.1962, 10.1997, 10, -0.196151, -0.199657, 5.13255, 5.28529, 0, 0, 0, 0, 0
215970, 9.81748, 10.5047, 10, 0.182523, -0.504701, 5.13237, 5.27478, 0, 0, 0, 0, 0
215981, 10.1576, 9.81748, 10, -0.157582, 0.182523, 5.1327, 5.26997, 0, 0, 0, 0, 0
215991, 10.1681, 9.80696, 10, -0.168101, 0.193042, 5.12834, 5.27558, 0, 0, 0, 0, 0
216000, 10.1611, 10.1681, 10, -0.161089, -0.168101, 5.12394, 5.27595, 0, 0, 0, 0, 0
216010, 10.1751, 10.1821, 10, -0.175114, -0.182126, 5.11944, 5.27072, 0, 0, 0, 0, 0
216020, 9.82098, 9.80696, 10, 0.179017, 0.193042, 5.11949, 5.27088, 0, 0, 0, 0, 0
216031, 10.1436, 10.1506, 10, -0.143558, -0.15057, 5.11997, 5.27152, 0, 0, 0, 0, 0
216040, 9.828, 10.1751, 10, 0.172004, -0.175114, 5.12035, 5.26666, 0, 0, 0, 0, 0
216050, 10.1751, 10.1716, 10, -0.175114, -0.171608, 5.1203, 5.26148, 0, 0, 0, 0, 0
216060, 9.82098, 9.46685, 10, 0.179017, 0.533147, 5.12036, 5.26688, 0, 0, 0, 0, 0
216071, 10.1506, 9.80345, 10, -0.15057, 0.196548, 5.12074, 5.27777, 0, 0, 0, 0, 0
216080, 9.8315, 10.5398, 10, 0.168498, -0.539762, 5.12098, 5.27265, 0, 0, 0, 0, 0
216090, 10.1541, 10.1611, 10, -0.154077, -0.161089, 5.12117, 5.26219, 0, 0, 0, 0, 0
216100, 10.1716, 9.80345, 10, -0.171608, 0.196548, 5.11681, 5.26271, 0, 0, 0, 0, 0
216111, 9.81046, 9.82449, 10, 0.189535, 0.17551, 5.11705, 5.26827, 0, 0, 0, 0, 0
216121, 10.1576, 10.1576, 10, -0.157582, -0.157582, 5.11748, 5.26854, 0, 0, 0, 0, 0
216130, 9.83501, 9.83501, 10, 0.164991, 0.164991, 5.11758, 5.26865, 0, 0, 0, 0, 0
216140, 10.1541, 9.80696, 10, -0.154077, 0.193042, 5.11772, 5.27399, 0, 0, 0, 0, 0
216151, 9.80696, 10.1576, 10, 0.193042, -0.157582, 5.11825, 5.27452, 0, 0, 0, 0, 0
216161, 9.82449, 10.1751, 10, 0.17551, -0.175114, 5.12318, 5.26955, 0, 0, 0, 0, 0
216170, 10.1786, 9.81748, 10, -0.17862, 0.182523, 5.12314, 5.26966, 0, 0, 0, 0, 0
216180, 9.45984, 9.82449, 10, 0.540159, 0.17551, 5.12797, 5.27501, 0, 0, 0, 0, 0
216190, 9.80696, 9.80696, 10, 0.193042, 0.193042, 5.13779, 5.28051, 0, 0, 0, 0, 0
216201, 9.47387, 10.5082, 10, 0.526134, -0.508206, 5.14741, 5.27581, 0, 0, 0, 0, 0
216210, 9.47036, 10.1716, 10, 0.529641, -0.171608, 5.16154, 5.26566, 0, 0, 0, 0, 0
216220, 9.46685, 9.80696, 10, 0.533147, 0.193042, 5.17576, 5.26598, 0, 0, 0, 0, 0
216230, 9.79995, 9.82449, 10, 0.200054, 0.17551, 5.18557, 5.27148, 0, 0, 0, 0, 0
216241, 9.47036, 10.1681, 10, 0.529641, -0.168101, 5.19533, 5.27159, 0, 0, 0, 0, 0
216250, 9.47036, 10.1611, 10, 0.529641, -0.161089, 5.20951, 5.26668, 0, 0, 0, 0, 0
216260, 9.81046, 9.82098, 10, 0.189535, 0.179017, 5.21913, 5.26694, 0, 0, 0, 0, 0
216270, 9.82449, 10.1681, 10, 0.17551, -0.168101, 5.22402, 5.26711, 0, 0, 0, 0, 0
216281, 9.81748, 10.1541, 10, 0.182523, -0.154077, 5.22881, 5.2623, 0, 0, 0, 0, 0
216291, 10.1436, 9.81046, 10, -0.143558, 0.189535, 5.22933, 5.26283, 0, 0, 0, 0, 0
216300, 9.8315, 9.8315, 10, 0.168498, 0.168498, 5.22966, 5.26817, 0, 0, 0, 0, 0
216310, 10.1611, 9.81748, 10, -0.161089, 0.182523, 5.22976, 5.27341, 0, 0, 0, 0, 0
216321, 10.1681, 10.1681, 10, -0.168101, -0.168101, 5.22536, 5.27363, 0, 0, 0, 0, 0
216331, 10.1681, 10.1681, 10, -0.168101, -0.168101, 5.22086, 5.26861, 0, 0, 0, 0, 0
216340, 10.1716, 10.1576, 10, -0.171608, -0.157582, 5.21631, 5.26375, 0, 0, 0, 0, 0
216350, 9.82449, 9.8315, 10, 0.17551, 0.168498, 5.21636, 5.26391, 0, 0, 0, 0, 0
216360, 10.4977, 10.1471, 10, -0.497688, -0.147064, 5.21205, 5.26423, 0, 0, 0, 0, 0
216371, 10.1856, 10.1856, 10, -0.185633, -0.185633, 5.20291, 5.25926, 0, 0, 0, 0, 0
216380, 9.81748, 9.80345, 10, 0.182523, 0.196548, 5.20287, 5.25943, 0, 0, 0, 0, 0
216390, 10.1681, 10.1751, 10, -0.168101, -0.175114, 5.20306, 5.25975, 0, 0, 0, 0, 0
216400, 10.1681, 10.1751, 10, -0.168101, -0.175114, 5.19856, 5.25452, 0, 0, 0, 0, 0
216411, 9.82098, 9.80345, 10, 0.179017, 0.196548, 5.19871, 5.25484, 0, 0, 0, 0, 0
216421, 10.1506, 9.81046, 10, -0.15057, 0.189535, 5.19909, 5.2606, 0, 0, 0, 0, 0
216430, 9.8315, 9.8315, 10, 0.168498, 0.168498, 5.19933, 5.26595, 0, 0, 0, 0, 0
216440, 10.1541, 10.1576, 10, -0.154077, -0.157582, 5.19952, 5.26611, 0, 0, 0, 0, 0
216451, 9.82449, 10.1611, 10, 0.17551, -0.161089, 5.19981, 5.26135, 0, 0, 0, 0, 0
216461, 10.1541, 9.81046, 10, -0.154077, 0.189535, 5.2001, 5.26178, 0, 0, 0, 0, 0
216470, 9.8315, 10.1751, 10, 0.168498, -0.175114, 5.20029, 5.26199, 0, 0, 0, 0, 0
216480, 10.1541, 9.81046, 10, -0.154077, 0.189535, 5.20048, 5.26221, 0, 0, 0, 0, 0
216491, 9.82449, 10.1681, 10, 0.17551, -0.168101, 5.20077, 5.26253, 0, 0, 0, 0, 0
216501, 10.1541, 9.81046, 10, -0.154077, 0.189535, 5.20105, 5.26285, 0, 0, 0, 0, 0
216510, 10.1751, 10.1611, 10, -0.175114, -0.161089, 5.19665, 5.26327, 0, 0, 0, 0, 0
216520, 10.1681, 9.47737, 10, -0.168101, 0.522629, 5.19206, 5.26867, 0, 0, 0, 0, 0
216530, 10.1751, 9.82449, 10, -0.175114, 0.17551, 5.18746, 5.27909, 0, 0, 0, 0, 0
216541, 10.5012, 9.44932, 10, -0.501194, 0.550678, 5.17841, 5.28993, 0, 0, 0, 0, 0
216550, 10.1751, 9.82098, 10, -0.175114, 0.179017, 5.16936, 5.30082, 0, 0, 0, 0, 0
216560, 10.5047, 9.80696, 10, -0.504701, 0.193042, 5.16027, 5.30638, 0, 0, 0, 0, 0
216570, 10.5257, 9.81748, 10, -0.525738, 0.182523, 5.14648, 5.31198, 0, 0, 0, 0, 0
216581, 10.1786, 9.47737, 10, -0.17862, 0.522629, 5.13705, 5.32251, 0, 0, 0, 0, 0
216591, 10.5047, 9.80345, 10, -0.504701, 0.196548, 5.12791, 5.33324, 0, 0, 0, 0, 0
216600, 10.5257, 9.82449, 10, -0.525738, 0.17551, 5.11412, 5.3388, 0, 0, 0, 0, 0
216610, 10.1716, 9.828, 10, -0.171608, 0.172004, 5.10479, 5.34399, 0, 0, 0, 0, 0
216621, 10.1541, 9.80345, 10, -0.154077, 0.196548, 5.10043, 5.34949, 0, 0, 0, 0, 0
216631, 10.5222, 9.82098, 10, -0.522232, 0.179017, 5.09138, 5.35509, 0, 0, 0, 0, 0
216640, 10.1611, 10.1471, 10, -0.161089, -0.147064, 5.08224, 5.35557, 0, 0, 0, 0, 0
216650, 10.5047, 9.82449, 10, -0.504701, 0.17551, 5.07333, 5.35599, 0, 0, 0, 0, 0
216660, 10.1786, 9.81046, 10, -0.17862, 0.189535, 5.06418, 5.36144, 0, 0, 0, 0, 0
216671, 10.5117, 9.81748, 10, -0.511713, 0.182523, 5.05495, 5.367, 0, 0, 0, 0, 0
216680, 10.1786, 10.5222, 10, -0.17862, -0.522232, 5.04571, 5.36193, 0, 0, 0, 0, 0
216690, 10.1576, 9.81748, 10, -0.157582, 0.182523, 5.04121, 5.35686, 0, 0, 0, 0, 0
216700, 10.1786, 10.1856, 10, -0.17862, -0.185633, 5.03671, 5.35681, 0, 0, 0, 0, 0
216711, 10.4977, 9.79995, 10, -0.497688, 0.200054, 5.02766, 5.35702, 0, 0, 0, 0, 0
216720, 9.81748, 10.1681, 10, 0.182523, -0.168101, 5.02344, 5.3575, 0, 0, 0, 0, 0
216730, 10.1751, 10.1751, 10, -0.175114, -0.175114, 5.02354, 5.35238, 0, 0, 0, 0, 0
216740, 10.1716, 9.81748, 10, -0.171608, 0.182523, 5.0189, 5.35249, 0, 0, 0, 0, 0
216751, 10.1716, 10.1611, 10, -0.171608, -0.161089, 5.01431, 5.35281, 0, 0, 0, 0, 0
216761, 10.1436, 9.80345, 10, -0.143558, 0.196548, 5.01009, 5.35334, 0, 0, 0, 0, 0
216770, 9.83501, 10.1821, 10, 0.164991, -0.182126, 5.01038, 5.35355, 0, 0, 0, 0, 0
216780, 9.82449, 9.82449, 10, 0.17551, 0.17551, 5.01494, 5.35345, 0, 0, 0, 0, 0
216791, 10.1576, 10.1576, 10, -0.157582, -0.157582, 5.01517, 5.35372, 0, 0, 0, 0, 0
216801, 9.81748, 10.4977, 10, 0.182523, -0.497688, 5.01551, 5.34394, 0, 0, 0, 0, 0
216810, 10.1541, 9.81748, 10, -0.154077, 0.182523, 5.01589, 5.33924, 0, 0, 0, 0, 0
216820, 9.82449, 10.1856, 10, 0.17551, -0.185633, 5.01618, 5.33919, 0, 0, 0, 0, 0
216830, 9.47737, 10.1541, 10, 0.522629, -0.154077, 5.02552, 5.33412, 0, 0, 0, 0, 0
216841, 9.44932, 10.1681, 10, 0.550678, -0.168101, 5.03988, 5.32931, 0, 0, 0, 0, 0
216850, 9.47737, 9.828, 10, 0.522629, 0.172004, 5.05424, 5.32937, 0, 0, 0, 0, 0
216860, 9.45633, 9.81046, 10, 0.543666, 0.189535, 5.06851, 5.33476, 0, 0, 0, 0, 0
216870, 9.46685, 10.1716, 10, 0.533147, -0.171608, 5.08292, 5.33503, 0, 0, 0, 0, 0
216881, 9.45984, 10.1611, 10, 0.540159, -0.161089, 5.09728, 5.33007, 0, 0, 0, 0, 0
216890, 9.80345, 10.1506, 10, 0.196548, -0.15057, 5.10714, 5.32541, 0, 0, 0, 0, 0
216900, 9.48088, 9.82449, 10, 0.519122, 0.17551, 5.11672, 5.32579, 0, 0, 0, 0, 0
216910, 9.81748, 10.1786, 10, 0.182523, -0.17862, 5.12611, 5.32574, 0, 0, 0, 0, 0
216921, 9.81748, 10.1541, 10, 0.182523, -0.154077, 5.13099, 5.32077, 0, 0, 0, 0, 0
216931, 9.82098, 10.1821, 10, 0.179017, -0.182126, 5.13583, 5.31575, 0, 0, 0, 0, 0
216940, 9.81748, 10.1611, 10, 0.182523, -0.161089, 5.14067, 5.31063, 0, 0, 0, 0, 0
216950, 9.82098, 10.1751, 10, 0.179017, -0.175114, 5.14551, 5.30561, 0, 0, 0, 0, 0
216961, 9.80696, 10.1541, 10, 0.193042, -0.154077, 5.15048, 5.3007, 0, 0, 0, 0, 0
216971, 9.82098, 10.5047, 10, 0.179017, -0.504701, 5.15546, 5.29086, 0, 0, 0, 0, 0
216980, 9.81046, 10.1716, 10, 0.189535, -0.171608, 5.16039, 5.28077, 0, 0, 0, 0, 0
216990, 10.1611, 10.1716, 10, -0.161089, -0.171608, 5.16078, 5.27565, 0, 0, 0, 0, 0
217000, 9.8315, 10.1821, 10, 0.168498, -0.182126, 5.16087, 5.27037, 0, 0, 0, 0, 0
217011, 9.80345, 10.1541, 10, 0.196548, -0.154077, 5.16576, 5.26535, 0, 0, 0, 0, 0
217020, 10.1681, 10.1611, 10, -0.168101, -0.161089, 5.16614, 5.26064, 0, 0, 0, 0, 0
217030, 9.828, 9.82449, 10, 0.172004, 0.17551, 5.16619, 5.26086, 0, 0, 0, 0, 0
217040, 10.1541, 10.5117, 10, -0.154077, -0.511713, 5.16643, 5.25584, 0, 0, 0, 0, 0
217051, 10.1681, 10.1681, 10, -0.168101, -0.168101, 5.16212, 5.24569, 0, 0, 0, 0, 0
217061, 9.80696, 9.80696, 10, 0.193042, 0.193042, 5.16245, 5.24606, 0, 0, 0, 0, 0
217070, 9.83501, 10.1856, 10, 0.164991, -0.185633, 5.16725, 5.24617, 0, 0, 0, 0, 0
217080, 9.80345, 10.1471, 10, 0.196548, -0.147064, 5.17208, 5.24121, 0, 0, 0, 0, 0
217091, 9.828, 10.1786, 10, 0.172004, -0.17862, 5.17702, 5.23635, 0, 0, 0, 0, 0
217101, 10.1506, 10.1506, 10, -0.15057, -0.15057, 5.1773, 5.23143, 0, 0, 0, 0, 0
217110, 9.82098, 10.1786, 10, 0.179017, -0.17862, 5.17768, 5.22652, 0, 0, 0, 0, 0
217120, 9.82449, 10.1681, 10, 0.17551, -0.168101, 5.18243, 5.22134, 0, 0, 0, 0, 0
217131, 10.1576, 9.81748, 10, -0.157582, 0.182523, 5.18267, 5.22156, 0, 0, 0, 0, 0
217141, 10.1611, 10.1611, 10, -0.161089, -0.161089, 5.1784, 5.22188, 0, 0, 0, 0, 0
217150, 9.828, 10.1611, 10, 0.172004, -0.161089, 5.17855, 5.21707, 0, 0, 0, 0, 0
217160, 10.1716, 10.1856, 10, -0.171608, -0.185633, 5.17855, 5.21189, 0, 0, 0, 0, 0
217170, 10.1541, 10.1436, 10, -0.154077, -0.143558, 5.17419, 5.20698, 0, 0, 0, 0, 0
217181, 10.1611, 9.81748, 10, -0.161089, 0.182523, 5.16998, 5.20756, 0, 0, 0, 0, 0
217190, 10.1716, 10.1716, 10, -0.171608, -0.171608, 5.16553, 5.20772, 0, 0, 0, 0, 0
217200, 10.1786, 10.1751, 10, -0.17862, -0.175114, 5.16084, 5.20255, 0, 0, 0, 0, 0
217210, 9.80696, 9.82098, 10, 0.193042, 0.179017, 5.16103, 5.20261, 0, 0, 0, 0, 0
217221, 9.81046, 9.81046, 10, 0.189535, 0.189535, 5.16615, 5.20811, 0, 0, 0, 0, 0
217231, 9.82098, 10.1716, 10, 0.179017, -0.171608, 5.17108, 5.20837, 0, 0, 0, 0, 0
217240, 9.81046, 10.1506, 10, 0.189535, -0.15057, 5.17602, 5.20357, 0, 0, 0, 0, 0
217250, 9.82098, 9.8315, 10, 0.179017, 0.168498, 5.18095, 5.20383, 0, 0, 0, 0, 0
217261, 9.81046, 9.79995, 10, 0.189535, 0.200054, 5.18588, 5.20933, 0, 0, 0, 0, 0
217271, 10.1576, 10.1716, 10, -0.157582, -0.171608, 5.18631, 5.20976, 0, 0, 0, 0, 0
217280, 9.82449, 10.1786, 10, 0.17551, -0.17862, 5.18655, 5.20453, 0, 0, 0, 0, 0
217290, 10.1716, 10.1681, 10, -0.171608, -0.168101, 5.1866, 5.19936, 0, 0, 0, 0, 0
217300, 9.82098, 9.81046, 10, 0.179017, 0.189535, 5.1867, 5.19968, 0, 0, 0, 0, 0
217311, 10.1506, 10.1506, 10, -0.15057, -0.15057, 5.18708, 5.20026, 0, 0, 0, 0, 0
217320, 10.1751, 9.828, 10, -0.175114, 0.172004, 5.18272, 5.20058, 0, 0, 0, 0, 0
217330, 9.82449, 10.1821, 10, 0.17551, -0.182126, 5.18273, 5.20043, 0, 0, 0, 0, 0
217340, 10.1576, 9.80696, 10, -0.157582, 0.193042, 5.18297, 5.20059, 0, 0, 0, 0, 0
217351, 9.81046, 10.1576, 10, 0.189535, -0.157582, 5.18339, 5.20112, 0, 0, 0, 0, 0
217360, 10.1821, 10.1786, 10, -0.182126, -0.17862, 5.18349, 5.1961, 0, 0, 0, 0, 0
217370, 9.81748, 9.81046, 10, 0.182523, 0.189535, 5.1835, 5.19626, 0, 0, 0, 0, 0
217380, 10.1471, 9.45283, 10, -0.147064, 0.547172, 5.18397, 5.20726, 0, 0, 0, 0, 0
217391, 10.1856, 10.1856, 10, -0.185633, -0.185633, 5.17952, 5.21266, 0, 0, 0, 0, 0
217401, 9.79995, 10.1506, 0, -9.79995, -10.1506, 5.0459, 5.05836, 0, 0, 0, 0, 0
217410, 9.828, 9.82098, 0, -9.828, -9.82098, 4.78325, 4.76024, 0, 0, 0, 0, 0
217420, 10.1506, 9.81046, 0, -10.1506, -9.81046, 4.5159, 4.46719, 0, 0, 0, 0, 0
217431, 9.81748, 9.81748, 0, -9.81748, -9.81748, 4.2487, 4.17419, 0, 0, 0, 0, 0
217441, 9.47737, 9.47387, 0, -9.47737, -9.47387, 3.99051, 3.88622, 0, 0, 0, 0, 0
217450, 8.77262, 9.11623, 0, -8.77262, -9.11623, 3.7463, 3.60872, 0, 0, 0, 0, 0
217460, 8.7656, 8.7656, 0, -8.7656, -8.7656, 3.51161, 3.34179, 0, 0, 0, 0, 0
217470, 8.05384, 8.06436, 0, -8.05384, -8.06436, 3.28654, 3.09056, 0, 0, 0, 0, 0
217481, 7.69971, 8.05033, 0, -7.69971, -8.05033, 3.07573, 2.85001, 0, 0, 0, 0, 0
217490, 7.38064, 7.02651, 0, -7.38064, -7.02651, 2.87393, 2.62495, 0, 0, 0, 0, 0
217500, 6.65134, 6.65485, 0, -6.65134, -6.65485, 2.68617, 2.42072, 0, 0, 0, 0, 0
217510, 5.96412, 6.31124, 0, -5.96412, -6.31124, 2.51735, 2.22717, 0, 0, 0, 0, 0
217521, 5.96061, 5.61349, 0, -5.96061, -5.61349, 2.35778, 2.04916, 0, 0, 0, 0, 0
217530, 5.59947, 5.24183, 0, -5.59947, -5.24183, 2.20309, 1.88712, 0, 0, 0, 0, 0
217540, 4.91575, 4.56863, 0, -4.91575, -4.56863, 2.06238, 1.74067, 0, 0, 0, 0, 0
217550, 4.55811, 4.5511, 0, -4.55811, -4.5511, 1.93561, 1.60454, 0, 0, 0, 0, 0
217561, 4.55811, 4.20749, 0, -4.55811, -4.20749, 1.81362, 1.47379, 0, 0, 0, 0, 0
217571, 4.20749, 3.50624, 0, -4.20749, -3.50624, 1.69632, 1.35865, 0, 0, 0, 0, 0
217580, 3.85336, 3.50274, 0, -3.85336, -3.50274, 1.58845, 1.25402, 0, 0, 0, 0, 0
217590, 3.50624, 3.15912, 0, -3.50624, -3.15912, 1.48997, 1.15458, 0, 0, 0, 0, 0
217601, 3.15562, 2.80499, 0, -3.15562, -2.80499, 1.40083, 1.06555, 0, 0, 0, 0, 0
217611, 2.80149, 2.45086, 0, -2.80149, -2.45086, 1.32111, 0.98709, 0, 0, 0, 0, 0
217620, 2.80499, 2.45437, 0, -2.80499, -2.45437, 1.24609, 0.913867, 0, 0, 0, 0, 0
217630, 2.45437, 2.10374, 0, -2.45437, -2.10374, 1.17571, 0.845825, 0, 0, 0, 0, 0
217640, 2.10374, 1.75312, 0, -2.10374, -1.75312, 1.11472, 0.788252, 0, 0, 0, 0, 0
217651, 2.10024, 1.39899, 0, -2.10024, -1.39899, 1.05846, 0.741199, 0, 0, 0, 0, 0
217660, 1.75312, 1.75312, 0, -1.75312, -1.75312, 1.0069, 0.694146, 0, 0, 0, 0, 0
217670, 1.75312, 1.05187, 0, -1.75312, -1.05187, 0.959977, 0.652274, 0, 0, 0, 0, 0
217680, 1.4025, 1.4025, 0, -1.4025, -1.4025, 0.91775, 0.615637, 0, 0, 0, 0, 0
217691, 1.4025, 1.05187, 0, -1.4025, -1.05187, 0.880215, 0.578999, 0, 0, 0, 0, 0
217700, 1.04837, 1.04837, 0, -1.04837, -1.04837, 0.847419, 0.547648, 0, 0, 0, 0, 0
217710, 1.05187, 0.701248, 0, -1.05187, -0.701248, 0.819315, 0.52153, 0, 0, 0, 0, 0
217720, 1.04837, 1.04837, 0, -1.04837, -1.04837, 0.79121, 0.495413, 0, 0, 0, 0, 0
217731, 0.701248, 0.701248, 0, -0.701248, -0.701248, 0.767798, 0.469296, 0, 0, 0, 0, 0
217741, 0.701248, 0.350624, 0, -0.701248, -0.350624, 0.74903, 0.453594, 0, 0, 0, 0, 0
217750, 0.701248, 0.701248, 0, -0.701248, -0.701248, 0.730263, 0.437892, 0, 0, 0, 0, 0
217760, 0.697742, 0.347118, 0, -0.697742, -0.347118, 0.711542, 0.422242, 0, 0, 0, 0, 0
217771, 0.350624, 0.350624, 0, -0.350624, -0.350624, 0.697513, 0.411827, 0, 0, 0, 0, 0
217781, 0.347118, 0.347118, 0, -0.347118, -0.347118, 0.688177, 0.401411, 0, 0, 0, 0, 0
217790, 0.350624, 0.350624, 0, -0.350624, -0.350624, 0.67884, 0.390996, 0, 0, 0, 0, 0
217800, 0.350624, 0.350624, 0, -0.350624, -0.350624, 0.669456, 0.380528, 0, 0, 0, 0, 0
217810, 0.347118, 0.347118, 0, -0.347118, -0.347118, 0.660119, 0.370112, 0, 0, 0, 0, 0
217821, 0.350624, 0.350624, 0, -0.350624, -0.350624, 0.650782, 0.359697, 0, 0, 0, 0, 0
217830, 0.350624, 0, 0, -0.350624, 0, 0.641399, 0.354463, 0, 0, 0, 0, 0
217840, 0, 0.350624, 0, 0, -0.350624, 0.636707, 0.349229, 0, 0, 0, 0, 0
217850, 0.347118, 0, 0, -0.347118, 0, 0.632062, 0.343995, 0, 0, 0, 0, 0
217861, 0, 0, 0, 0, 0, 0.627417, 0.343995, 0, 0, 0, 0, 0
217870, 0.347118, 0.347118, 0, -0.347118, -0.347118, 0.622772, 0.338813, 0, 0, 0, 0, 0
217880, 0, 0, 0, 0, 0, 0.618127, 0.333632, 0, 0, 0, 0, 0
217890, 0.350624, 0, 0, -0.350624, 0, 0.613435, 0.333632, 0, 0, 0, 0, 0
217901, 0, 0, 0, 0, 0, 0.608743, 0.333632, 0, 0, 0, 0, 0
217911, 0.347118, 0.347118, 0, -0.347118, -0.347118, 0.604098, 0.32845, 0, 0, 0, 0, 0
217920, 0, 0, 0, 0, 0, 0.599453, 0.323268, 0, 0, 0, 0, 0
217930, 0, 0, 0, 0, 0, 0.599453, 0.323268, 0, 0, 0, 0, 0
217940, 0.350624, 0, 0, -0.350624, 0, 0.594761, 0.323268, 0, 0, 0, 0, 0
217951, 0, 0.350624, 0, 0, -0.350624, 0.590069, 0.318034, 0, 0, 0, 0, 0
217960, 0, 0, 0, 0, 0, 0.590069, 0.312801, 0, 0, 0, 0, 0
217970, 0, 0, 0, 0, 0, 0.590069, 0.312801, 0, 0, 0, 0, 0
217980, 0.350624, 0, 0, -0.350624, 0, 0.585378, 0.312801, 0, 0, 0, 0, 0
217991, 0, 0, 0, 0, 0, 0.580686, 0.312801, 0, 0, 0, 0, 0
218000, 0, 0, 0, 0, 0, 0.580686, 0.312801, 0, 0, 0, 0, 0
218010, 0, 0, 0, 0, 0, 0.580686, 0.312801, 0, 0, 0, 0, 0
218020, 0, 0, 0, 0, 0, 0.580686, 0.312801, 0, 0, 0, 0, 0
218031, 0, 0, 0, 0, 0, 0.580686, 0.312801, 0, 0, 0, 0, 0
218040, 0.347118, 0, 0, -0.347118, 0, 0.576041, 0.312801, 0, 0, 0, 0, 0
218050, 0, 0.350624, 0, 0, -0.350624, 0.571396, 0.307567, 0, 0, 0, 0, 0
218060, 0, 0, 0, 0, 0, 0.571396, 0.302333, 0, 0, 0, 0, 0
218071, 0, 0, 0, 0, 0, 0.571396, 0.302333, 0, 0, 0, 0, 0
218080, 0, 0, 0, 0, 0, 0.571396, 0.302333, 0, 0, 0, 0, 0
218090, 0.350624, 0, 0, -0.350624, 0, 0.566704, 0.302333, 0, 0, 0, 0, 0
218100, 0, 0, 0, 0, 0, 0.562012, 0.302333, 0, 0, 0, 0, 0
218110, 0, 0, 0, 0, 0, 0.562012, 0.302333, 0, 0, 0, 0, 0
218121, 0, 0, 0, 0, 0, 0.562012, 0.302333, 0, 0, 0, 0, 0
218130, 0, 0.347118, 0, 0, -0.347118, 0.562012, 0.297151, 0, 0, 0, 0, 0
218140, 0, 0, 0, 0, 0, 0.562012, 0.291969, 0, 0, 0, 0, 0
218150, 0, 0, 0, 0, 0, 0.562012, 0.291969, 0, 0, 0, 0, 0
218161, 0, 0, 0, 0, 0, 0.562012, 0.291969, 0, 0, 0, 0, 0
218170, 0, 0, 0, 0, 0, 0.562012, 0.291969, 0, 0, 0, 0, 0
218180, 0, 0, 0, 0, 0, 0.562012, 0.291969, 0, 0, 0, 0, 0
218190, 0, 0, 0, 0, 0, 0.562012, 0.291969, 0, 0, 0, 0, 0
218201, 0, 0, 0, 0, 0, 0.562012, 0.291969, 0, 0, 0, 0, 0
218210, 0, 0, 0, 0, 0, 0.562012, 0.291969, 0, 0, 0, 0, 0
218220, 0, 0, 0, 0, 0, 0.562012, 0.291969, 0, 0, 0, 0, 0
218230, 0, 0, 0, 0, 0, 0.562012, 0.291969, 0, 0, 0, 0, 0
218241, 0, 0, 0, 0, 0, 0.562012, 0.291969, 0, 0, 0, 0, 0
218250, 0, 0, 0, 0, 0, 0.562012, 0.291969, 0, 0, 0, 0, 0
218260, 0, 0, 0, 0, 0, 0.562012, 0.291969, 0, 0, 0, 0, 0
218270, 0, 0, 0, 0, 0, 0.562012, 0.291969, 0, 0, 0, 0, 0
218280, 0, 0, 0, 0, 0, 0.562012, 0.291969, 0, 0, 0, 0, 0
218291, 0, 0, 0, 0, 0, 0.562012, 0.291969, 0, 0, 0, 0, 0
218300, 0, 0, 0, 0, 0, 0.562012, 0.291969, 0, 0, 0, 0, 0
218310, 0, 0, 0, 0, 0, 0.562012, 0.291969, 0, 0, 0, 0, 0
218320, 0, 0, 0, 0, 0, 0.562012, 0.291969, 0, 0, 0, 0, 0
218331, 0, 0, 0, 0, 0, 0.562012, 0.291969, 0, 0, 0, 0, 0
218340, 0, 0, 0, 0, 0, 0.562012, 0.291969, 0, 0, 0, 0, 0
218350, 0, 0, 0, 0, 0, 0.562012, 0.291969, 0, 0, 0, 0, 0
218360, 0, 0, 0, 0, 0, 0.562012, 0.291969, 0, 0, 0, 0, 0
218371, 0, 0, 0, 0, 0, 0.562012, 0.291969, 0, 0, 0, 0, 0
218380, 0, 0, 0, 0, 0, 0.562012, 0.291969, 0, 0, 0, 0, 0
218390, 0, 0, 0, 0, 0, 0.562012, 0.291969, 0, 0, 0, 0, 0
218400, 0, 0, 0, 0, 0, 0.562012, 0.291969, 0, 0, 0, 0, 0
218411, 0, 0, 0, 0, 0, 0.562012, 0.291969, 0, 0, 0, 0, 0
218420, 0, 0, 0, 0, 0, 0.562012, 0.291969, 0, 0, 0, 0, 0
218430, 0, 0, 0, 0, 0, 0.562012, 0.291969, 0, 0, 0, 0, 0
218440, 0, 0, 0, 0, 0, 0.562012, 0.291969, 0, 0, 0, 0, 0
218450, 0, 0, 0, 0, 0, 0.562012, 0.291969, 0, 0, 0, 0, 0
218461, 0, 0, 0, 0, 0, 0.562012, 0.291969, 0, 0, 0, 0, 0
218470, 0, 0, 0, 0, 0, 0.562012, 0.291969, 0, 0, 0, 0, 0
218480, 0, 0, 0, 0, 0, 0.562012, 0.291969, 0, 0, 0, 0, 0
218490, 0, 0, 0, 0, 0, 0.562012, 0.291969, 0, 0, 0, 0, 0
218501, 0, 0, 0, 0, 0, 0.562012, 0.291969, 0, 0, 0, 0, 0
218510, 0, 0, 0, 0, 0, 0.562012, 0.291969, 0, 0, 0, 0, 0
218520, 0, 0, 0, 0, 0, 0.562012, 0.291969, 0, 0, 0, 0, 0
218530, 0, 0, 0, 0, 0, 0.562012, 0.291969, 0, 0, 0, 0, 0
218541, 0, 0, 0, 0, 0, 0.562012, 0.291969, 0, 0, 0, 0, 0
218550, 0, 0, 0, 0, 0, 0.562012, 0.291969, 0, 0, 0, 0, 0
218560, 0, 0, 0, 0, 0, 0.562012, 0.291969, 0, 0, 0, 0, 0
218570, 0, 0, 0, 0, 0, 0.562012, 0.291969, 0, 0, 0, 0, 0
218580, 0, 0, 0, 0, 0, 0.562012, 0.291969, 0, 0, 0, 0, 0
218591, 0, 0, 0, 0, 0, 0.562012, 0.291969, 0, 0, 0, 0, 0
218600, 0, 0, 0, 0, 0, 0.562012, 0.291969, 0, 0, 0, 0, 0
218610, 0, 0, 0, 0, 0, 0.562012, 0.291969, 0, 0, 0, 0, 0
218620, 0, 0, 0, 0, 0, 0.562012, 0.291969, 0, 0, 0, 0, 0
218631, 0, 0, 0, 0, 0, 0.562012, 0.291969, 0, 0, 0, 0, 0
218640, 0, 0, 0, 0, 0, 0.562012, 0.291969, 0, 0, 0, 0, 0
218650, 0, 0, 0, 0, 0, 0.562012, 0.291969, 0, 0, 0, 0, 0
218660, 0, 0, 0, 0, 0, 0.562012, 0.291969, 0, 0, 0, 0, 0
218671, 0, 0, 0, 0, 0, 0.562012, 0.291969, 0, 0, 0, 0, 0
218680, 0, 0, 0, 0, 0, 0.562012, 0.291969, 0, 0, 0, 0, 0
218690, 0, 0, 0, 0, 0, 0.562012, 0.291969, 0, 0, 0, 0, 0
218700, 0, 0, 0, 0, 0, 0.562012, 0.291969, 0, 0, 0, 0, 0
218711, 0, 0, 0, 0, 0, 0.562012, 0.291969, 0, 0, 0, 0, 0
218720, 0, 0, 0, 0, 0, 0.562012, 0.291969, 0, 0, 0, 0, 0
218730, 0, 0, 0, 0, 0, 0.562012, 0.291969, 0, 0, 0, 0, 0
218740, 0, 0, 0, 0, 0, 0.562012, 0.291969, 0, 0, 0, 0, 0
218750, 0, 0, 0, 0, 0, 0.562012, 0.291969, 0, 0, 0, 0, 0
218761, 0, 0, 0, 0, 0, 0.562012, 0.291969, 0, 0, 0, 0, 0
218770, 0, 0, 0, 0, 0, 0.562012, 0.291969, 0, 0, 0, 0, 0
218780, 0, 0, 0, 0, 0, 0.562012, 0.291969, 0, 0, 0, 0, 0
218790, 0, 0, 0, 0, 0, 0.562012, 0.291969, 0, 0, 0, 0, 0
218801, 0, 0, 0, 0, 0, 0.562012, 0.291969, 0, 0, 0, 0, 0
218810, 0, 0, 0, 0, 0, 0.562012, 0.291969, 0, 0, 0, 0, 0
218820, 0, 0, 0, 0, 0, 0.562012, 0.291969, 0, 0, 0, 0, 0
218830, 0, 0, 0, 0, 0, 0.562012, 0.291969, 0, 0, 0, 0, 0
218841, 0, 0, 0, 0, 0, 0.562012, 0.291969, 0, 0, 0, 0, 0
218850, 0, 0, 0, 0, 0, 0.562012, 0.291969, 0, 0, 0, 0, 0
218860, 0, 0, 0, 0, 0, 0.562012, 0.291969, 0, 0, 0, 0, 0
218870, 0, 0, 0, 0, 0, 0.562012, 0.291969, 0, 0, 0, 0, 0
218881, 0, 0, 0, 0, 0, 0.562012, 0.291969, 0, 0, 0, 0, 0
218890, 0, 0, 0, 0, 0, 0.562012, 0.291969, 0, 0, 0, 0, 0
218900, 0, 0, 0, 0, 0, 0.562012, 0.291969, 0, 0, 0, 0, 0
218910, 0, 0, 0, 0, 0, 0.562012, 0.291969, 0, 0, 0, 0, 0
218920, 0, 0, 0, 0, 0, 0.562012, 0.291969, 0, 0, 0, 0, 0
218931, 0, 0, 0, 0, 0, 0.562012, 0.291969, 0, 0, 0, 0, 0
218940, 0, 0, 0, 0, 0, 0.562012, 0.291969, 0, 0, 0, 0, 0
218950, 0, 0, 0, 0, 0, 0.562012, 0.291969, 0, 0, 0, 0, 0
218960, 0, 0, 0, 0, 0, 0.562012, 0.291969, 0, 0, 0, 0, 0
218971, 0, 0, 0, 0, 0, 0.562012, 0.291969, 0, 0, 0, 0, 0
218980, 0, 0, 0, 0, 0, 0.562012, 0.291969, 0, 0, 0, 0, 0
218990, 0, 0, 0, 0, 0, 0.562012, 0.291969, 0, 0, 0, 0, 0
219000, 0, 0, 0, 0, 0, 0.562012, 0.291969, 0, 0, 0, 0, 0
219011, 0, 0, 0, 0, 0, 0.562012, 0.291969, 0, 0, 0, 0, 0
219020, 0, 0, 0, 0, 0, 0.562012, 0.291969, 0, 0, 0, 0, 0
219030, 0, 0, 0, 0, 0, 0.562012, 0.291969, 0, 0, 0, 0, 0
