QGPIORecord, QRC v6.1.0, 30-11-2021 @ 21:20:28, Windows 10 Version 2009, 10.0.19042, x86_64
Time, yA, yB, r, eA, eB, uA, uB, C, D, ValueIn9, ValueIn10, ValueIn11
130000, 0, 0, 0, 0, 0, 0, 0, 0.785869, -0.706532, 0, 0, 0
130012, 0, 0, 0, 0, 0, 0, 0, 0.785869, -0.706532, 0, 0, 0
130020, 0, 0, 0, 0, 0, 0, 0, 0.785869, -0.706532, 0, 0, 0
130030, 0, 0, 0, 0, 0, 0, 0, 0.785869, -0.706532, 0, 0, 0
130040, 0, 0, 0, 0, 0, 0, 0, 0.785869, -0.706532, 0, 0, 0
130051, 0, 0, 0, 0, 0, 0, 0, 0.785869, -0.706532, 0, 0, 0
130060, 0, 0, 0, 0, 0, 0, 0, 0.785869, -0.706532, 0, 0, 0
130070, 0, 0, 0, 0, 0, 0, 0, 0.785869, -0.706532, 0, 0, 0
130080, 0, 0, 0, 0, 0, 0, 0, 0.785869, -0.706532, 0, 0, 0
130091, 0, 0, 0, 0, 0, 0, 0, 0.785869, -0.706532, 0, 0, 0
130100, 0, 0, 0, 0, 0, 0, 0, 0.785869, -0.706532, 0, 0, 0
130110, 0, 0, 0, 0, 0, 0, 0, 0.785869, -0.706532, 0, 0, 0
130120, 0, 0, 0, 0, 0, 0, 0, 0.785869, -0.706532, 0, 0, 0
130130, 0, 0, 0, 0, 0, 0, 0, 0.785869, -0.706532, 0, 0, 0
130141, 0, 0, 0, 0, 0, 0, 0, 0.785869, -0.706532, 0, 0, 0
130150, 0, 0, 0, 0, 0, 0, 0, 0.785869, -0.706532, 0, 0, 0
130160, 0, 0, 0, 0, 0, 0, 0, 0.785869, -0.706532, 0, 0, 0
130170, 0, 0, 0, 0, 0, 0, 0, 0.785869, -0.706532, 0, 0, 0
130181, 0, 0, 0, 0, 0, 0, 0, 0.785869, -0.706532, 0, 0, 0
130190, 0, 0, 0, 0, 0, 0, 0, 0.785869, -0.706532, 0, 0, 0
130200, 0, 0, 0, 0, 0, 0, 0, 0.785869, -0.706532, 0, 0, 0
130210, 0, 0, 0, 0, 0, 0, 0, 0.785869, -0.706532, 0, 0, 0
130221, 0, 0, 0, 0, 0, 0, 0, 0.785869, -0.706532, 0, 0, 0
130230, 0, 0, 0, 0, 0, 0, 0, 0.785869, -0.706532, 0, 0, 0
130240, 0, 0, 0, 0, 0, 0, 0, 0.785869, -0.706532, 0, 0, 0
130250, 0, 0, 0, 0, 0, 0, 0, 0.785869, -0.706532, 0, 0, 0
130260, 0, 0, 0, 0, 0, 0, 0, 0.785869, -0.706532, 0, 0, 0
130270, 0, 0, 0, 0, 0, 0, 0, 0.785869, -0.706532, 0, 0, 0
130280, 0, 0, 0, 0, 0, 0, 0, 0.785869, -0.706532, 0, 0, 0
130290, 0, 0, 0, 0, 0, 0, 0, 0.785869, -0.706532, 0, 0, 0
130300, 0, 0, 0, 0, 0, 0, 0, 0.785869, -0.706532, 0, 0, 0
130311, 0, 0, 0, 0, 0, 0, 0, 0.785869, -0.706532, 0, 0, 0
130320, 0, 0, 0, 0, 0, 0, 0, 0.785869, -0.706532, 0, 0, 0
130330, 0, 0, 0, 0, 0, 0, 0, 0.785869, -0.706532, 0, 0, 0
130340, 0, 0, 0, 0, 0, 0, 0, 0.785869, -0.706532, 0, 0, 0
130351, 0, 0, 0, 0, 0, 0, 0, 0.785869, -0.706532, 0, 0, 0
130360, 0, 0, 0, 0, 0, 0, 0, 0.785869, -0.706532, 0, 0, 0
130370, 0, 0, 0, 0, 0, 0, 0, 0.785869, -0.706532, 0, 0, 0
130380, 0, 0, 0, 0, 0, 0, 0, 0.785869, -0.706532, 0, 0, 0
130391, 0, 0, 0, 0, 0, 0, 0, 0.785869, -0.706532, 0, 0, 0
130400, 0, 0, 0, 0, 0, 0, 0, 0.785869, -0.706532, 0, 0, 0
130410, 0, 0, 0, 0, 0, 0, 0, 0.785869, -0.706532, 0, 0, 0
130420, 0, 0, 0, 0, 0, 0, 0, 0.785869, -0.706532, 0, 0, 0
130430, 0, 0, 0, 0, 0, 0, 0, 0.785869, -0.706532, 0, 0, 0
130440, 0, 0, 0, 0, 0, 0, 0, 0.785869, -0.706532, 0, 0, 0
130450, 0, 0, 0, 0, 0, 0, 0, 0.785869, -0.706532, 0, 0, 0
130460, 0, 0, 0, 0, 0, 0, 0, 0.785869, -0.706532, 0, 0, 0
130470, 0, 0, 0, 0, 0, 0, 0, 0.785869, -0.706532, 0, 0, 0
130481, 0, 0, 0, 0, 0, 0, 0, 0.785869, -0.706532, 0, 0, 0
130490, 0, 0, 0, 0, 0, 0, 0, 0.785869, -0.706532, 0, 0, 0
130500, 0, 0, 0, 0, 0, 0, 0, 0.785869, -0.706532, 0, 0, 0
130510, 0, 0, 0, 0, 0, 0, 0, 0.785869, -0.706532, 0, 0, 0
130521, 0, 0, 0, 0, 0, 0, 0, 0.785869, -0.706532, 0, 0, 0
130530, 0, 0, 0, 0, 0, 0, 0, 0.785869, -0.706532, 0, 0, 0
130540, 0, 0, 0, 0, 0, 0, 0, 0.785869, -0.706532, 0, 0, 0
130550, 0, 0, 0, 0, 0, 0, 0, 0.785869, -0.706532, 0, 0, 0
130561, 0, 0, 0, 0, 0, 0, 0, 0.785869, -0.706532, 0, 0, 0
130570, 0, 0, 0, 0, 0, 0, 0, 0.785869, -0.706532, 0, 0, 0
130580, 0, 0, 0, 0, 0, 0, 0, 0.785869, -0.706532, 0, 0, 0
130590, 0, 0, 0, 0, 0, 0, 0, 0.785869, -0.706532, 0, 0, 0
130600, 0, 0, 0, 0, 0, 0, 0, 0.785869, -0.706532, 0, 0, 0
130611, 0, 0, 0, 0, 0, 0, 0, 0.785869, -0.706532, 0, 0, 0
130620, 0, 0, 0, 0, 0, 0, 0, 0.785869, -0.706532, 0, 0, 0
130630, 0, 0, 0, 0, 0, 0, 0, 0.785869, -0.706532, 0, 0, 0
130640, 0, 0, 0, 0, 0, 0, 0, 0.785869, -0.706532, 0, 0, 0
130651, 0, 0, 0, 0, 0, 0, 0, 0.785869, -0.706532, 0, 0, 0
130660, 0, 0, 0, 0, 0, 0, 0, 0.785869, -0.706532, 0, 0, 0
130670, 0, 0, 0, 0, 0, 0, 0, 0.785869, -0.706532, 0, 0, 0
130680, 0, 0, 0, 0, 0, 0, 0, 0.785869, -0.706532, 0, 0, 0
130691, 0, 0, 0, 0, 0, 0, 0, 0.785869, -0.706532, 0, 0, 0
130700, 0, 0, 0, 0, 0, 0, 0, 0.785869, -0.706532, 0, 0, 0
130710, 0, 0, 0, 0, 0, 0, 0, 0.785869, -0.706532, 0, 0, 0
130720, 0, 0, 0, 0, 0, 0, 0, 0.785869, -0.706532, 0, 0, 0
130731, 0, 0, 0, 0, 0, 0, 0, 0.785869, -0.706532, 0, 0, 0
130740, 0, 0, 0, 0, 0, 0, 0, 0.785869, -0.706532, 0, 0, 0
130750, 0, 0, 0, 0, 0, 0, 0, 0.785869, -0.706532, 0, 0, 0
130760, 0, 0, 0, 0, 0, 0, 0, 0.785869, -0.706532, 0, 0, 0
130770, 0, 0, 0, 0, 0, 0, 0, 0.785869, -0.706532, 0, 0, 0
130781, 0, 0, 0, 0, 0, 0, 0, 0.785869, -0.706532, 0, 0, 0
130790, 0, 0, 0, 0, 0, 0, 0, 0.785869, -0.706532, 0, 0, 0
130800, 0, 0, 0, 0, 0, 0, 0, 0.785869, -0.706532, 0, 0, 0
130810, 0, 0, 0, 0, 0, 0, 0, 0.785869, -0.706532, 0, 0, 0
130821, 0, 0, 0, 0, 0, 0, 0, 0.785869, -0.706532, 0, 0, 0
130830, 0, 0, 0, 0, 0, 0, 0, 0.785869, -0.706532, 0, 0, 0
130840, 0, 0, 0, 0, 0, 0, 0, 0.785869, -0.706532, 0, 0, 0
130850, 0, 0, 0, 0, 0, 0, 0, 0.785869, -0.706532, 0, 0, 0
130861, 0, 0, 0, 0, 0, 0, 0, 0.785869, -0.706532, 0, 0, 0
130870, 0, 0, 0, 0, 0, 0, 0, 0.785869, -0.706532, 0, 0, 0
130880, 0, 0, 0, 0, 0, 0, 0, 0.785869, -0.706532, 0, 0, 0
130890, 0, 0, 0, 0, 0, 0, 0, 0.785869, -0.706532, 0, 0, 0
130900, 0, 0, 0, 0, 0, 0, 0, 0.785869, -0.706532, 0, 0, 0
130910, 0, 0, 0, 0, 0, 0, 0, 0.785869, -0.706532, 0, 0, 0
130920, 0, 0, 0, 0, 0, 0, 0, 0.785869, -0.706532, 0, 0, 0
130930, 0, 0, 0, 0, 0, 0, 0, 0.785869, -0.706532, 0, 0, 0
130940, 0, 0, 0, 0, 0, 0, 0, 0.785869, -0.706532, 0, 0, 0
130951, 0, 0, 0, 0, 0, 0, 0, 0.785869, -0.706532, 0, 0, 0
130960, 0, 0, 0, 0, 0, 0, 0, 0.785869, -0.706532, 0, 0, 0
130970, 0, 0, 0, 0, 0, 0, 0, 0.785869, -0.706532, 0, 0, 0
130980, 0, 0, 0, 0, 0, 0, 0, 0.785869, -0.706532, 0, 0, 0
130991, 0, 0, 0, 0, 0, 0, 0, 0.785869, -0.706532, 0, 0, 0
131000, 0, 0, 0, 0, 0, 0, 0, 0.785869, -0.706532, 0, 0, 0
131010, 0, 0, 0, 0, 0, 0, 0, 0.785869, -0.706532, 0, 0, 0
131020, 0, 0, 0, 0, 0, 0, 0, 0.785869, -0.706532, 0, 0, 0
131031, 0, 0, 0, 0, 0, 0, 0, 0.785869, -0.706532, 0, 0, 0
131040, 0, 0, 0, 0, 0, 0, 0, 0.785869, -0.706532, 0, 0, 0
131050, 0, 0, 0, 0, 0, 0, 0, 0.785869, -0.706532, 0, 0, 0
131060, 0, 0, 0, 0, 0, 0, 0, 0.785869, -0.706532, 0, 0, 0
131070, 0, 0, 0, 0, 0, 0, 0, 0.785869, -0.706532, 0, 0, 0
131080, 0, 0, 0, 0, 0, 0, 0, 0.785869, -0.706532, 0, 0, 0
131090, 0, 0, 0, 0, 0, 0, 0, 0.785869, -0.706532, 0, 0, 0
131100, 0, 0, 0, 0, 0, 0, 0, 0.785869, -0.706532, 0, 0, 0
131110, 0, 0, 0, 0, 0, 0, 0, 0.785869, -0.706532, 0, 0, 0
131121, 0, 0, 0, 0, 0, 0, 0, 0.785869, -0.706532, 0, 0, 0
131130, 0, 0, 0, 0, 0, 0, 0, 0.785869, -0.706532, 0, 0, 0
131140, 0, 0, 0, 0, 0, 0, 0, 0.785869, -0.706532, 0, 0, 0
131150, 0, 0, 0, 0, 0, 0, 0, 0.785869, -0.706532, 0, 0, 0
131161, 0, 0, 0, 0, 0, 0, 0, 0.785869, -0.706532, 0, 0, 0
131170, 0, 0, 0, 0, 0, 0, 0, 0.785869, -0.706532, 0, 0, 0
131180, 0, 0, 0, 0, 0, 0, 0, 0.785869, -0.706532, 0, 0, 0
131190, 0, 0, 0, 0, 0, 0, 0, 0.785869, -0.706532, 0, 0, 0
131201, 0, 0, 0, 0, 0, 0, 0, 0.785869, -0.706532, 0, 0, 0
131210, 0, 0, 0, 0, 0, 0, 0, 0.785869, -0.706532, 0, 0, 0
131220, 0, 0, 0, 0, 0, 0, 0, 0.785869, -0.706532, 0, 0, 0
131230, 0, 0, 0, 0, 0, 0, 0, 0.785869, -0.706532, 0, 0, 0
131240, 0, 0, 0, 0, 0, 0, 0, 0.785869, -0.706532, 0, 0, 0
131251, 0, 0, 0, 0, 0, 0, 0, 0.785869, -0.706532, 0, 0, 0
131260, 0, 0, 0, 0, 0, 0, 0, 0.785869, -0.706532, 0, 0, 0
131270, 0, 0, 0, 0, 0, 0, 0, 0.785869, -0.706532, 0, 0, 0
131280, 0, 0, 0, 0, 0, 0, 0, 0.785869, -0.706532, 0, 0, 0
131291, 0, 0, 0, 0, 0, 0, 0, 0.785869, -0.706532, 0, 0, 0
131300, 0, 0, 0, 0, 0, 0, 0, 0.785869, -0.706532, 0, 0, 0
131310, 0, 0, 0, 0, 0, 0, 0, 0.785869, -0.706532, 0, 0, 0
131320, 0, 0, 0, 0, 0, 0, 0, 0.785869, -0.706532, 0, 0, 0
131331, 0, 0, 0, 0, 0, 0, 0, 0.785869, -0.706532, 0, 0, 0
131340, 0, 0, 0, 0, 0, 0, 0, 0.785869, -0.706532, 0, 0, 0
131350, 0, 0, 0, 0, 0, 0, 0, 0.785869, -0.706532, 0, 0, 0
131360, 0, 0, 0, 0, 0, 0, 0, 0.785869, -0.706532, 0, 0, 0
131371, 0, 0, 0, 0, 0, 0, 0, 0.785869, -0.706532, 0, 0, 0
131380, 0, 0, 0, 0, 0, 0, 0, 0.785869, -0.706532, 0, 0, 0
131390, 0, 0, 0, 0, 0, 0, 0, 0.785869, -0.706532, 0, 0, 0
131400, 0, 0, 0, 0, 0, 0, 0, 0.785869, -0.706532, 0, 0, 0
131410, 0, 0, 0, 0, 0, 0, 0, 0.785869, -0.706532, 0, 0, 0
131421, 0, 0, 0, 0, 0, 0, 0, 0.785869, -0.706532, 0, 0, 0
131430, 0, 0, 0, 0, 0, 0, 0, 0.785869, -0.706532, 0, 0, 0
131440, 0, 0, 0, 0, 0, 0, 0, 0.785869, -0.706532, 0, 0, 0
131450, 0, 0, 0, 0, 0, 0, 0, 0.785869, -0.706532, 0, 0, 0
131461, 0, 0, 0, 0, 0, 0, 0, 0.785869, -0.706532, 0, 0, 0
131470, 0, 0, 0, 0, 0, 0, 0, 0.785869, -0.706532, 0, 0, 0
131480, 0, 0, 0, 0, 0, 0, 0, 0.785869, -0.706532, 0, 0, 0
131490, 0, 0, 0, 0, 0, 0, 0, 0.785869, -0.706532, 0, 0, 0
131501, 0, 0, 0, 0, 0, 0, 0, 0.785869, -0.706532, 0, 0, 0
131510, 0, 0, 0, 0, 0, 0, 0, 0.785869, -0.706532, 0, 0, 0
131520, 0, 0, 0, 0, 0, 0, 0, 0.785869, -0.706532, 0, 0, 0
131530, 0, 0, 0, 0, 0, 0, 0, 0.785869, -0.706532, 0, 0, 0
131540, 0, 0, 0, 0, 0, 0, 0, 0.785869, -0.706532, 0, 0, 0
131550, 0, 0, 0, 0, 0, 0, 0, 0.785869, -0.706532, 0, 0, 0
131560, 0, 0, 0, 0, 0, 0, 0, 0.785869, -0.706532, 0, 0, 0
131570, 0, 0, 0, 0, 0, 0, 0, 0.785869, -0.706532, 0, 0, 0
131580, 0, 0, 0, 0, 0, 0, 0, 0.785869, -0.706532, 0, 0, 0
131591, 0, 0, 0, 0, 0, 0, 0, 0.785869, -0.706532, 0, 0, 0
131600, 0, 0, 0, 0, 0, 0, 0, 0.785869, -0.706532, 0, 0, 0
131610, 0, 0, 0, 0, 0, 0, 0, 0.785869, -0.706532, 0, 0, 0
131620, 0, 0, 0, 0, 0, 0, 0, 0.785869, -0.706532, 0, 0, 0
131631, 0, 0, 0, 0, 0, 0, 0, 0.785869, -0.706532, 0, 0, 0
131640, 0, 0, 0, 0, 0, 0, 0, 0.785869, -0.706532, 0, 0, 0
131650, 0, 0, 0, 0, 0, 0, 0, 0.785869, -0.706532, 0, 0, 0
131660, 0, 0, 0, 0, 0, 0, 0, 0.785869, -0.706532, 0, 0, 0
131671, 0, 0, 0, 0, 0, 0, 0, 0.785869, -0.706532, 0, 0, 0
131680, 0, 0, 0, 0, 0, 0, 0, 0.785869, -0.706532, 0, 0, 0
131690, 0, -0.350624, 0, 0, 0.350624, 0, 0.275544, 0.785869, -0.706532, 0, 0, 0
131700, 0, 0, 0, 0, 0, 0, 0.0278175, 0.785869, -0.706532, 0, 0, 0
131710, 0, 0, 0, 0, 0, 0, 0.0278175, 0.785869, -0.706532, 0, 0, 0
131720, 0, 0, 0, 0, 0, 0, 0.0278175, 0.785869, -0.706532, 0, 0, 0
131730, 0, 0, 0, 0, 0, 0, 0.0278175, 0.785869, -0.706532, 0, 0, 0
131740, 0, 0, 0, 0, 0, 0, 0.0278175, 0.785869, -0.706532, 0, 0, 0
131750, 0, 0, 0, 0, 0, 0, 0.0278175, 0.785869, -0.706532, 0, 0, 0
131761, 0, 0, 0, 0, 0, 0, 0.0278175, 0.785869, -0.706532, 0, 0, 0
131770, 0, 0, 0, 0, 0, 0, 0.0278175, 0.785869, -0.706532, 0, 0, 0
131780, 0, 0, 0, 0, 0, 0, 0.0278175, 0.785869, -0.706532, 0, 0, 0
131790, 0, 0, 0, 0, 0, 0, 0.0278175, 0.785869, -0.706532, 0, 0, 0
131801, 0, 0, 0, 0, 0, 0, 0.0278175, 0.785869, -0.706532, 0, 0, 0
131810, 0, 0, 0, 0, 0, 0, 0.0278175, 0.785869, -0.706532, 0, 0, 0
131820, 0, 0, 0, 0, 0, 0, 0.0278175, 0.785869, -0.706532, 0, 0, 0
131830, 0, 0, 0, 0, 0, 0, 0.0278175, 0.785869, -0.706532, 0, 0, 0
131841, 0, 0, 0, 0, 0, 0, 0.0278175, 0.785869, -0.706532, 0, 0, 0
131850, 0, 0, 0, 0, 0, 0, 0.0278175, 0.785869, -0.706532, 0, 0, 0
131860, 0, 0, 0, 0, 0, 0, 0.0278175, 0.785869, -0.706532, 0, 0, 0
131870, 0, 0, 0, 0, 0, 0, 0.0278175, 0.785869, -0.706532, 0, 0, 0
131880, 0, 0, 0, 0, 0, 0, 0.0278175, 0.785869, -0.706532, 0, 0, 0
131891, 0, 0, 0, 0, 0, 0, 0.0278175, 0.785869, -0.706532, 0, 0, 0
131900, 0, 0, 0, 0, 0, 0, 0.0278175, 0.785869, -0.706532, 0, 0, 0
131910, 0, 0, 0, 0, 0, 0, 0.0278175, 0.785869, -0.706532, 0, 0, 0
131920, 0, 0, 0, 0, 0, 0, 0.0278175, 0.785869, -0.706532, 0, 0, 0
131931, 0, 0, 0, 0, 0, 0, 0.0278175, 0.785869, -0.706532, 0, 0, 0
131940, 0, 0, 0, 0, 0, 0, 0.0278175, 0.785869, -0.706532, 0, 0, 0
131950, 0, 0, 0, 0, 0, 0, 0.0278175, 0.785869, -0.706532, 0, 0, 0
131960, 0, 0, 0, 0, 0, 0, 0.0278175, 0.785869, -0.706532, 0, 0, 0
131971, 0, 0, 0, 0, 0, 0, 0.0278175, 0.785869, -0.706532, 0, 0, 0
131980, 0, 0, 0, 0, 0, 0, 0.0278175, 0.785869, -0.706532, 0, 0, 0
131990, 0, 0, 0, 0, 0, 0, 0.0278175, 0.785869, -0.706532, 0, 0, 0
132000, 0, 0, 0, 0, 0, 0, 0.0278175, 0.785869, -0.706532, 0, 0, 0
132011, 0, 0, 0, 0, 0, 0, 0.0278175, 0.785869, -0.706532, 0, 0, 0
132020, 0, 0, 0, 0, 0, 0, 0.0278175, 0.785869, -0.706532, 0, 0, 0
132030, 0, 0, 0, 0, 0, 0, 0.0278175, 0.785869, -0.706532, 0, 0, 0
132040, 0, 0, 0, 0, 0, 0, 0.0278175, 0.785869, -0.706532, 0, 0, 0
132050, 0, 0, 0, 0, 0, 0, 0.0278175, 0.785869, -0.706532, 0, 0, 0
132061, 0, 0, 0, 0, 0, 0, 0.0278175, 0.785869, -0.706532, 0, 0, 0
132070, 0, 0, 0, 0, 0, 0, 0.0278175, 0.785869, -0.706532, 0, 0, 0
132080, 0, 0, 0, 0, 0, 0, 0.0278175, 0.785869, -0.706532, 0, 0, 0
132090, 0, 0, 0, 0, 0, 0, 0.0278175, 0.785869, -0.706532, 0, 0, 0
132101, 0, 0, 0, 0, 0, 0, 0.0278175, 0.785869, -0.706532, 0, 0, 0
132110, 0, 0, 0, 0, 0, 0, 0.0278175, 0.785869, -0.706532, 0, 0, 0
132120, 0, 0, 0, 0, 0, 0, 0.0278175, 0.785869, -0.706532, 0, 0, 0
132130, 0, 0, 0, 0, 0, 0, 0.0278175, 0.785869, -0.706532, 0, 0, 0
132141, 0, 0, 0, 0, 0, 0, 0.0278175, 0.785869, -0.706532, 0, 0, 0
132150, 0, 0, 0, 0, 0, 0, 0.0278175, 0.785869, -0.706532, 0, 0, 0
132160, 0, 0, 0, 0, 0, 0, 0.0278175, 0.785869, -0.706532, 0, 0, 0
132170, 0, 0, 0, 0, 0, 0, 0.0278175, 0.785869, -0.706532, 0, 0, 0
132180, 0, 0, 0, 0, 0, 0, 0.0278175, 0.785869, -0.706532, 0, 0, 0
132190, 0, 0, 0, 0, 0, 0, 0.0278175, 0.785869, -0.706532, 0, 0, 0
132200, 0, 0, 0, 0, 0, 0, 0.0278175, 0.785869, -0.706532, 0, 0, 0
132210, 0, 0, 0, 0, 0, 0, 0.0278175, 0.785869, -0.706532, 0, 0, 0
132220, 0, 0, 0, 0, 0, 0, 0.0278175, 0.785869, -0.706532, 0, 0, 0
132231, 0, 0, 0, 0, 0, 0, 0.0278175, 0.785869, -0.706532, 0, 0, 0
132240, 0, 0, 0, 0, 0, 0, 0.0278175, 0.785869, -0.706532, 0, 0, 0
132250, 0, 0, 0, 0, 0, 0, 0.0278175, 0.785869, -0.706532, 0, 0, 0
132260, 0, 0, 0, 0, 0, 0, 0.0278175, 0.785869, -0.706532, 0, 0, 0
132271, 0, 0, 0, 0, 0, 0, 0.0278175, 0.785869, -0.706532, 0, 0, 0
132280, 0, 0, 0, 0, 0, 0, 0.0278175, 0.785869, -0.706532, 0, 0, 0
132290, 0, 0, 0, 0, 0, 0, 0.0278175, 0.785869, -0.706532, 0, 0, 0
132300, 0, 0, 0, 0, 0, 0, 0.0278175, 0.785869, -0.706532, 0, 0, 0
132311, 0, 0, 0, 0, 0, 0, 0.0278175, 0.785869, -0.706532, 0, 0, 0
132320, 0, 0, 0, 0, 0, 0, 0.0278175, 0.785869, -0.706532, 0, 0, 0
132330, 0, 0, 0, 0, 0, 0, 0.0278175, 0.785869, -0.706532, 0, 0, 0
132340, 0, 0, 0, 0, 0, 0, 0.0278175, 0.785869, -0.706532, 0, 0, 0
132350, 0, 0, 0, 0, 0, 0, 0.0278175, 0.785869, -0.706532, 0, 0, 0
132360, 0, 0, 0, 0, 0, 0, 0.0278175, 0.785869, -0.706532, 0, 0, 0
132370, 0, 0, 0, 0, 0, 0, 0.0278175, 0.785869, -0.706532, 0, 0, 0
132380, 0, 0, 0, 0, 0, 0, 0.0278175, 0.785869, -0.706532, 0, 0, 0
132390, 0, 0, 0, 0, 0, 0, 0.0278175, 0.785869, -0.706532, 0, 0, 0
132401, 0, 0, 0, 0, 0, 0, 0.0278175, 0.785869, -0.706532, 0, 0, 0
132410, 0, 0, 0, 0, 0, 0, 0.0278175, 0.785869, -0.706532, 0, 0, 0
132420, 0, 0, 0, 0, 0, 0, 0.0278175, 0.785869, -0.706532, 0, 0, 0
132430, 0, 0, 0, 0, 0, 0, 0.0278175, 0.785869, -0.706532, 0, 0, 0
132441, 0, 0, 0, 0, 0, 0, 0.0278175, 0.785869, -0.706532, 0, 0, 0
132450, 0, 0, 0, 0, 0, 0, 0.0278175, 0.785869, -0.706532, 0, 0, 0
132460, 0, 0, 0, 0, 0, 0, 0.0278175, 0.785869, -0.706532, 0, 0, 0
132470, 0, 0, 0, 0, 0, 0, 0.0278175, 0.785869, -0.706532, 0, 0, 0
132481, 0, 0, 0, 0, 0, 0, 0.0278175, 0.785869, -0.706532, 0, 0, 0
132490, 0, 0, 0, 0, 0, 0, 0.0278175, 0.785869, -0.706532, 0, 0, 0
132500, 0, 0, 0, 0, 0, 0, 0.0278175, 0.785869, -0.706532, 0, 0, 0
132510, 0, 0, 0, 0, 0, 0, 0.0278175, 0.785869, -0.706532, 0, 0, 0
132520, 0, 0, 0, 0, 0, 0, 0.0278175, 0.785869, -0.706532, 0, 0, 0
132531, 0, 0, 0, 0, 0, 0, 0.0278175, 0.785869, -0.706532, 0, 0, 0
132540, 0, 0, 0, 0, 0, 0, 0.0278175, 0.785869, -0.706532, 0, 0, 0
132550, 0, 0, 0, 0, 0, 0, 0.0278175, 0.785869, -0.706532, 0, 0, 0
132560, 0, 0, 0, 0, 0, 0, 0.0278175, 0.785869, -0.706532, 0, 0, 0
132571, 0, 0, 0, 0, 0, 0, 0.0278175, 0.785869, -0.706532, 0, 0, 0
132580, 0, 0, 0, 0, 0, 0, 0.0278175, 0.785869, -0.706532, 0, 0, 0
132590, 0, 0, 0, 0, 0, 0, 0.0278175, 0.785869, -0.706532, 0, 0, 0
132600, 0, 0, 0, 0, 0, 0, 0.0278175, 0.785869, -0.706532, 0, 0, 0
132611, 0, 0, 0, 0, 0, 0, 0.0278175, 0.785869, -0.706532, 0, 0, 0
132620, 0, 0, 0, 0, 0, 0, 0.0278175, 0.785869, -0.706532, 0, 0, 0
132630, 0, 0, 0, 0, 0, 0, 0.0278175, 0.785869, -0.706532, 0, 0, 0
132640, 0, 0, 0, 0, 0, 0, 0.0278175, 0.785869, -0.706532, 0, 0, 0
132651, 0, 0, 0, 0, 0, 0, 0.0278175, 0.785869, -0.706532, 0, 0, 0
132660, 0, 0, 0, 0, 0, 0, 0.0278175, 0.785869, -0.706532, 0, 0, 0
132670, 0, 0, 0, 0, 0, 0, 0.0278175, 0.785869, -0.706532, 0, 0, 0
132680, 0, 0, 0, 0, 0, 0, 0.0278175, 0.785869, -0.706532, 0, 0, 0
132690, 0, 0, 0, 0, 0, 0, 0.0278175, 0.785869, -0.706532, 0, 0, 0
132701, 0, 0, 0, 0, 0, 0, 0.0278175, 0.785869, -0.706532, 0, 0, 0
132710, 0, 0, 0, 0, 0, 0, 0.0278175, 0.785869, -0.706532, 0, 0, 0
132720, 0, 0, 0, 0, 0, 0, 0.0278175, 0.785869, -0.706532, 0, 0, 0
132730, 0, 0, 0, 0, 0, 0, 0.0278175, 0.785869, -0.706532, 0, 0, 0
132741, 0, 0, 0, 0, 0, 0, 0.0278175, 0.785869, -0.706532, 0, 0, 0
132750, 0, 0, 0, 0, 0, 0, 0.0278175, 0.785869, -0.706532, 0, 0, 0
132760, 0, 0, 0, 0, 0, 0, 0.0278175, 0.785869, -0.706532, 0, 0, 0
132770, 0, 0, 0, 0, 0, 0, 0.0278175, 0.785869, -0.706532, 0, 0, 0
132781, 0, 0, 0, 0, 0, 0, 0.0278175, 0.785869, -0.706532, 0, 0, 0
132790, 0, 0, 0, 0, 0, 0, 0.0278175, 0.785869, -0.706532, 0, 0, 0
132800, 0, 0, 0, 0, 0, 0, 0.0278175, 0.785869, -0.706532, 0, 0, 0
132810, 0, 0, 0, 0, 0, 0, 0.0278175, 0.785869, -0.706532, 0, 0, 0
132820, 0, 0, 0, 0, 0, 0, 0.0278175, 0.785869, -0.706532, 0, 0, 0
132830, 0, 0, 0, 0, 0, 0, 0.0278175, 0.785869, -0.706532, 0, 0, 0
132840, 0, 0, 0, 0, 0, 0, 0.0278175, 0.785869, -0.706532, 0, 0, 0
132850, 0, 0, 0, 0, 0, 0, 0.0278175, 0.785869, -0.706532, 0, 0, 0
132860, 0, 0, 0, 0, 0, 0, 0.0278175, 0.785869, -0.706532, 0, 0, 0
132871, 0, 0, 0, 0, 0, 0, 0.0278175, 0.785869, -0.706532, 0, 0, 0
132880, 0, 0, 0, 0, 0, 0, 0.0278175, 0.785869, -0.706532, 0, 0, 0
132890, 0, 0, 0, 0, 0, 0, 0.0278175, 0.785869, -0.706532, 0, 0, 0
132900, 0, 0, 0, 0, 0, 0, 0.0278175, 0.785869, -0.706532, 0, 0, 0
132911, 0, 0, 0, 0, 0, 0, 0.0278175, 0.785869, -0.706532, 0, 0, 0
132920, 0, 0, 0, 0, 0, 0, 0.0278175, 0.785869, -0.706532, 0, 0, 0
132930, 0, 0, 0, 0, 0, 0, 0.0278175, 0.785869, -0.706532, 0, 0, 0
132940, 0, 0, 0, 0, 0, 0, 0.0278175, 0.785869, -0.706532, 0, 0, 0
132951, 0, 0, 0, 0, 0, 0, 0.0278175, 0.785869, -0.706532, 0, 0, 0
132960, 0, 0, 10, 10, 10, 7.85869, 7.8865, 0.785869, -0.706532, 0, 0, 0
132970, 0, 0, 10, 10, 10, 8.65206, 8.67987, 0.785869, -0.706532, 0, 0, 0
132980, 4.55811, 4.53708, 10, 5.44189, 5.46292, 5.86335, 5.9077, 0.785869, -0.706532, 0, 0, 0
132990, 10.1541, 10.1436, 10, -0.154077, -0.143558, 1.8974, 1.93515, 0.785869, -0.706532, 0, 0, 0
133001, 11.1989, 11.5601, 10, -1.19894, -1.56008, 1.06405, 0.810562, 0.785869, -0.706532, 0, 0, 0
133010, 7.73477, 7.72776, 10, 2.26523, 2.27224, 3.69131, 3.69849, 0.785869, -0.706532, 0, 0, 0
133020, 3.50274, 3.85687, 10, 6.49726, 6.14313, 7.19685, 6.92078, 0.785869, -0.706532, 0, 0, 0
133030, 4.20749, 4.20749, 10, 5.79251, 5.79251, 7.15848, 7.13261, 0.785869, -0.706532, 0, 0, 0
133041, 7.36311, 6.66186, 10, 2.63689, 3.33814, 5.13814, 5.66336, 0.785869, -0.706532, 0, 0, 0
133050, 10.1611, 9.80345, 10, -0.161089, 0.196548, 3.1485, 3.45932, 0.785869, -0.706532, 0, 0, 0
133060, 10.1541, 10.1681, 10, -0.154077, -0.168101, 3.14123, 3.18834, 0.785869, -0.706532, 0, 0, 0
133070, 7.71373, 8.41498, 10, 2.28627, 1.58502, 5.0468, 4.55273, 0.785869, -0.706532, 0, 0, 0
133081, 6.66537, 7.01599, 10, 3.33463, 2.98401, 6.05206, 5.7779, 0.785869, -0.706532, 0, 0, 0
133091, 7.70672, 7.34908, 10, 2.29328, 2.65092, 5.49825, 5.75288, 0.785869, -0.706532, 0, 0, 0
133100, 9.45283, 8.7656, 10, 0.547172, 1.2344, 4.30798, 4.84999, 0.785869, -0.706532, 0, 0, 0
133110, 9.48438, 9.48088, 10, 0.515615, 0.519122, 4.32659, 4.38582, 0.785869, -0.706532, 0, 0, 0
133121, 8.75859, 9.10922, 10, 1.24141, 0.890783, 4.93788, 4.71908, 0.785869, -0.706532, 0, 0, 0
133131, 8.41498, 8.41498, 10, 1.58502, 1.58502, 5.3064, 5.33533, 0.785869, -0.706532, 0, 0, 0
133140, 9.11973, 9.10922, 10, 0.880265, 0.890783, 4.87831, 4.9155, 0.785869, -0.706532, 0, 0, 0
133150, 9.80696, 9.47036, 10, 0.193042, 0.529641, 4.40808, 4.70236, 0.785869, -0.706532, 0, 0, 0
133160, 9.81748, 9.80345, 10, 0.182523, 0.196548, 4.41513, 4.48262, 0.785869, -0.706532, 0, 0, 0
133171, 8.7656, 8.7656, 10, 1.2344, 1.2344, 5.25624, 5.31382, 0.785869, -0.706532, 0, 0, 0
133180, 9.10922, 8.7656, 10, 0.890783, 1.2344, 5.08414, 5.41175, 0.785869, -0.706532, 0, 0, 0
133190, 9.82449, 9.82098, 10, 0.17551, 0.179017, 4.5927, 4.6803, 0.785869, -0.706532, 0, 0, 0
133200, 9.80696, 9.82098, 10, 0.193042, 0.179017, 4.6204, 4.6945, 0.785869, -0.706532, 0, 0, 0
133211, 9.13025, 9.47737, 10, 0.869746, 0.522629, 5.16752, 4.97874, 0.785869, -0.706532, 0, 0, 0
133221, 9.44231, 9.09519, 10, 0.557691, 0.904809, 4.99129, 5.32055, 0.785869, -0.706532, 0, 0, 0
133230, 9.82098, 9.46685, 10, 0.179017, 0.533147, 4.73795, 5.10025, 0.785869, -0.706532, 0, 0, 0
133240, 9.81046, 9.81046, 10, 0.189535, 0.189535, 4.76042, 4.87252, 0.785869, -0.706532, 0, 0, 0
133251, 9.48438, 9.828, 10, 0.515615, 0.172004, 5.03171, 4.87378, 0.785869, -0.706532, 0, 0, 0
133261, 9.44582, 9.45633, 10, 0.554185, 0.543666, 5.10293, 5.1795, 0.785869, -0.706532, 0, 0, 0
133270, 9.8315, 9.47737, 10, 0.168498, 0.522629, 4.8438, 5.2061, 0.785869, -0.706532, 0, 0, 0
133280, 10.1611, 9.79995, 10, -0.161089, 0.200054, 4.59815, 4.99406, 0.785869, -0.706532, 0, 0, 0
133291, 9.80345, 9.81748, 10, 0.196548, 0.182523, 4.86643, 4.99616, 0.785869, -0.706532, 0, 0, 0
133301, 9.8315, 9.47387, 10, 0.168498, 0.526134, 4.85998, 5.28067, 0.785869, -0.706532, 0, 0, 0
133310, 9.81046, 9.45984, 10, 0.189535, 0.540159, 4.88988, 5.33344, 0.785869, -0.706532, 0, 0, 0
133320, 9.828, 10.1751, 10, 0.172004, -0.175114, 4.89114, 4.81418, 0.785869, -0.706532, 0, 0, 0
133330, 10.1436, 9.45283, 10, -0.143558, 0.547172, 4.65679, 5.36791, 0.785869, -0.706532, 0, 0, 0
133341, 9.82098, 9.47036, 10, 0.179017, 0.529641, 4.89891, 5.39754, 0.785869, -0.706532, 0, 0, 0
133350, 9.82449, 9.82098, 10, 0.17551, 0.179017, 4.91035, 5.16402, 0.785869, -0.706532, 0, 0, 0
133360, 9.81748, 9.82098, 10, 0.182523, 0.179017, 4.92979, 5.17822, 0.785869, -0.706532, 0, 0, 0
133370, 9.82449, 9.82449, 10, 0.17551, 0.17551, 4.93876, 5.18967, 0.785869, -0.706532, 0, 0, 0
133381, 10.1541, 9.45283, 10, -0.154077, 0.547172, 4.69367, 5.49567, 0.785869, -0.706532, 0, 0, 0
133391, 10.1541, 9.80345, 10, -0.154077, 0.196548, 4.68145, 5.26354, 0.785869, -0.706532, 0, 0, 0
133400, 9.82098, 10.1716, 10, 0.179017, -0.171608, 4.93099, 4.98981, 0.785869, -0.706532, 0, 0, 0
133410, 9.81748, 9.46685, 10, 0.182523, 0.533147, 4.94795, 5.53004, 0.785869, -0.706532, 0, 0, 0
133421, 9.828, 9.47737, 10, 0.172004, 0.522629, 4.95416, 5.56407, 0.785869, -0.706532, 0, 0, 0
133431, 9.82098, 9.82449, 10, 0.179017, 0.17551, 4.97332, 5.33275, 0.785869, -0.706532, 0, 0, 0
133440, 9.82098, 9.81748, 10, 0.179017, 0.182523, 4.98752, 5.35218, 0.785869, -0.706532, 0, 0, 0
133450, 10.1576, 9.80696, 10, -0.157582, 0.193042, 4.7372, 5.37493, 0.785869, -0.706532, 0, 0, 0
133460, 9.81748, 9.47036, 10, 0.182523, 0.529641, 4.99198, 5.65477, 0.785869, -0.706532, 0, 0, 0
133471, 9.82098, 9.80696, 10, 0.179017, 0.193042, 5.0037, 5.43226, 0.785869, -0.706532, 0, 0, 0
133480, 9.80696, 9.81046, 10, 0.193042, 0.189535, 5.02893, 5.44482, 0.785869, -0.706532, 0, 0, 0
133490, 9.828, 10.1821, 10, 0.172004, -0.182126, 5.02771, 5.16778, 0.785869, -0.706532, 0, 0, 0
133500, 9.81748, 10.1576, 10, 0.182523, -0.157582, 5.04962, 5.17262, 0.785869, -0.706532, 0, 0, 0
133511, 10.1365, 9.79644, 10, -0.136545, 0.20356, 4.81336, 5.44393, 0.785869, -0.706532, 0, 0, 0
133520, 9.8315, 10.1821, 10, 0.168498, -0.182126, 5.04225, 5.15698, 0.785869, -0.706532, 0, 0, 0
133530, 9.80696, 10.1611, 10, 0.193042, -0.161089, 5.0749, 5.15906, 0.785869, -0.706532, 0, 0, 0
133540, 9.48438, 9.47387, 10, 0.515615, 0.526134, 5.34372, 5.68635, 0.785869, -0.706532, 0, 0, 0
133551, 9.80696, 9.82098, 10, 0.193042, 0.179017, 5.13113, 5.4553, 0.785869, -0.706532, 0, 0, 0
133561, 10.1506, 10.1506, 10, -0.15057, -0.15057, 4.87641, 5.2105, 0.785869, -0.706532, 0, 0, 0
133570, 9.83851, 10.1856, 10, 0.161486, -0.185633, 5.1097, 5.17099, 0.785869, -0.706532, 0, 0, 0
133580, 9.81046, 9.81748, 10, 0.189535, 0.182523, 5.14455, 5.44559, 0.785869, -0.706532, 0, 0, 0
133591, 10.1576, 10.1541, 10, -0.157582, -0.154077, 4.8868, 5.19555, 0.785869, -0.706532, 0, 0, 0
133601, 9.82098, 10.1751, 10, 0.179017, -0.175114, 5.13882, 5.16679, 0.785869, -0.706532, 0, 0, 0
133610, 9.81046, 10.1541, 10, 0.189535, -0.154077, 5.16129, 5.16943, 0.785869, -0.706532, 0, 0, 0
133620, 9.828, 10.1821, 10, 0.172004, -0.182126, 5.16255, 5.13516, 0.785869, -0.706532, 0, 0, 0
133630, 9.82098, 10.1611, 10, 0.179017, -0.161089, 5.18171, 5.13725, 0.785869, -0.706532, 0, 0, 0
133641, 9.45283, 10.1681, 10, 0.547172, -0.168101, 5.48523, 5.11896, 0.785869, -0.706532, 0, 0, 0
133650, 9.80696, 10.5012, 10, 0.193042, -0.501194, 5.25034, 4.84385, 0.785869, -0.706532, 0, 0, 0
133660, 10.1786, 9.83501, 10, -0.17862, 0.164991, 4.97358, 5.32762, 0.785869, -0.706532, 0, 0, 0
133670, 9.82098, 9.81748, 10, 0.179017, 0.182523, 5.24046, 5.35449, 0.785869, -0.706532, 0, 0, 0
133681, 9.82098, 10.5222, 10, 0.179017, -0.522232, 5.25467, 4.81513, 0.785869, -0.706532, 0, 0, 0
133691, 9.80345, 10.5047, 10, 0.196548, -0.504701, 5.28265, 4.78747, 0.785869, -0.706532, 0, 0, 0
133700, 9.82098, 10.1611, 10, 0.179017, -0.161089, 5.28446, 5.01746, 0.785869, -0.706532, 0, 0, 0
133710, 10.1541, 9.81748, 10, -0.154077, 0.182523, 5.0369, 5.27472, 0.785869, -0.706532, 0, 0, 0
133721, 9.83501, 10.1821, 10, 0.164991, -0.182126, 5.27542, 5.00263, 0.785869, -0.706532, 0, 0, 0
133731, 10.1471, 10.1471, 10, -0.147064, -0.147064, 5.04327, 5.01574, 0.785869, -0.706532, 0, 0, 0
133740, 10.1716, 10.1716, 10, -0.171608, -0.171608, 5.01232, 4.98478, 0.785869, -0.706532, 0, 0, 0
133750, 10.1716, 10.1716, 10, -0.171608, -0.171608, 4.9987, 4.97117, 0.785869, -0.706532, 0, 0, 0
133761, 9.828, 10.1786, 10, 0.172004, -0.17862, 5.25512, 4.95204, 0.785869, -0.706532, 0, 0, 0
133771, 9.80696, 10.1436, 10, 0.193042, -0.143558, 5.2853, 4.96542, 0.785869, -0.706532, 0, 0, 0
133780, 10.1611, 9.81046, 10, -0.161089, 0.189535, 5.02232, 5.2158, 0.785869, -0.706532, 0, 0, 0
133790, 10.1751, 9.8315, 10, -0.175114, 0.168498, 4.99852, 5.21431, 0.785869, -0.706532, 0, 0, 0
133800, 9.81748, 10.1751, 10, 0.182523, -0.175114, 5.26568, 4.95764, 0.785869, -0.706532, 0, 0, 0
133811, 9.79995, 10.1436, 10, 0.200054, -0.143558, 5.29394, 4.96855, 0.785869, -0.706532, 0, 0, 0
133820, 10.1786, 9.828, 10, -0.17862, 0.172004, 5.01222, 5.20515, 0.785869, -0.706532, 0, 0, 0
133830, 10.5012, 9.80696, 10, -0.501194, 0.193042, 4.74455, 5.23533, 0.785869, -0.706532, 0, 0, 0
133840, 9.828, 10.1786, 10, 0.172004, -0.17862, 5.23383, 4.95856, 0.785869, -0.706532, 0, 0, 0
133851, 9.80696, 10.1576, 10, 0.193042, -0.157582, 5.26401, 4.96093, 0.785869, -0.706532, 0, 0, 0
133861, 9.82098, 9.82098, 10, 0.179017, 0.179017, 5.2683, 5.21295, 0.785869, -0.706532, 0, 0, 0
133870, 10.1786, 10.1681, 10, -0.17862, -0.168101, 5.00145, 4.95436, 0.785869, -0.706532, 0, 0, 0
133880, 10.1716, 9.83501, 10, -0.171608, 0.164991, 4.99279, 5.20279, 0.785869, -0.706532, 0, 0, 0
133891, 10.1611, 10.1365, 10, -0.161089, -0.136545, 4.98744, 4.97891, 0.785869, -0.706532, 0, 0, 0
133901, 10.1541, 9.828, 10, -0.154077, 0.172004, 4.98017, 5.21056, 0.785869, -0.706532, 0, 0, 0
133910, 10.1716, 9.80696, 10, -0.171608, 0.193042, 4.95417, 5.24074, 0.785869, -0.706532, 0, 0, 0
133920, 10.1786, 10.1856, 10, -0.17862, -0.185633, 4.93504, 4.95846, 0.785869, -0.706532, 0, 0, 0
133931, 10.1506, 10.4907, 10, -0.15057, -0.490676, 4.94291, 4.70401, 0.785869, -0.706532, 0, 0, 0
133941, 10.1681, 9.828, 10, -0.168101, 0.172004, 4.91719, 5.18586, 0.785869, -0.706532, 0, 0, 0
133950, 9.82098, 9.45984, 10, 0.179017, 0.540159, 5.17664, 5.48883, 0.785869, -0.706532, 0, 0, 0
133960, 10.1681, 9.82449, 10, -0.168101, 0.17551, 4.91806, 5.24512, 0.785869, -0.706532, 0, 0, 0
133970, 9.82449, 10.5012, 10, 0.17551, -0.501194, 5.17475, 4.72724, 0.785869, -0.706532, 0, 0, 0
133981, 10.1506, 9.47036, 10, -0.15057, 0.529641, 4.93242, 5.49758, 0.785869, -0.706532, 0, 0, 0
133990, 10.1821, 9.82449, 10, -0.182126, 0.17551, 4.89568, 5.2613, 0.785869, -0.706532, 0, 0, 0
134000, 10.1506, 10.1611, 10, -0.15057, -0.161089, 4.90603, 5.0107, 0.785869, -0.706532, 0, 0, 0
134010, 9.82449, 10.5117, 10, 0.17551, -0.511713, 5.15034, 4.72238, 0.785869, -0.706532, 0, 0, 0
134021, 9.82449, 9.48088, 10, 0.17551, 0.519122, 5.16426, 5.49188, 0.785869, -0.706532, 0, 0, 0
134031, 10.1611, 9.81046, 10, -0.161089, 0.189535, 4.91366, 5.27405, 0.785869, -0.706532, 0, 0, 0
134040, 10.1541, 10.1576, 10, -0.154077, -0.157582, 4.90639, 5.0163, 0.785869, -0.706532, 0, 0, 0
134050, 10.1821, 10.5222, 10, -0.182126, -0.522232, 4.87213, 4.71723, 0.785869, -0.706532, 0, 0, 0
134061, 10.1506, 9.80696, 10, -0.15057, 0.193042, 4.88248, 5.23791, 0.785869, -0.706532, 0, 0, 0
134071, 9.82098, 9.81046, 10, 0.179017, 0.189535, 5.12954, 5.25047, 0.785869, -0.706532, 0, 0, 0
134080, 9.80696, 9.81046, 10, 0.193042, 0.189535, 5.15477, 5.26551, 0.785869, -0.706532, 0, 0, 0
134090, 9.828, 10.1821, 10, 0.172004, -0.182126, 5.15355, 4.98847, 0.785869, -0.706532, 0, 0, 0
134100, 9.81748, 9.81748, 10, 0.182523, 0.182523, 5.17546, 5.26059, 0.785869, -0.706532, 0, 0, 0
134111, 9.82449, 9.82449, 10, 0.17551, 0.17551, 5.18443, 5.26956, 0.785869, -0.706532, 0, 0, 0
134120, 10.1716, 10.1541, 10, -0.171608, -0.154077, 4.92557, 5.02447, 0.785869, -0.706532, 0, 0, 0
134130, 10.1541, 9.82098, 10, -0.154077, 0.179017, 4.92573, 5.27401, 0.785869, -0.706532, 0, 0, 0
134140, 10.1751, 9.80696, 10, -0.175114, 0.193042, 4.89697, 5.29924, 0.785869, -0.706532, 0, 0, 0
134151, 10.1436, 9.81046, 10, -0.143558, 0.189535, 4.90788, 5.3118, 0.785869, -0.706532, 0, 0, 0
134160, 10.1962, 10.5257, 10, -0.196151, -0.525738, 4.85516, 4.76472, 0.785869, -0.706532, 0, 0, 0
134170, 9.81748, 10.1856, 10, 0.182523, -0.185633, 5.13719, 4.99029, 0.785869, -0.706532, 0, 0, 0
134180, 10.1541, 9.79995, 10, -0.154077, 0.200054, 4.88714, 5.27866, 0.785869, -0.706532, 0, 0, 0
134191, 10.1786, 9.828, 10, -0.17862, 0.172004, 4.85563, 5.27249, 0.785869, -0.706532, 0, 0, 0
134201, 10.1471, 10.1365, 10, -0.147064, -0.136545, 4.86626, 5.04366, 0.785869, -0.706532, 0, 0, 0
134210, 9.82449, 10.1856, 10, 0.17551, -0.185633, 5.10809, 4.99425, 0.785869, -0.706532, 0, 0, 0
134220, 9.81046, 9.80696, 10, 0.189535, 0.193042, 5.13304, 5.27711, 0.785869, -0.706532, 0, 0, 0
134231, 9.828, 10.1681, 10, 0.172004, -0.168101, 5.1343, 5.00861, 0.785869, -0.706532, 0, 0, 0
134241, 10.1576, 10.1576, 10, -0.157582, -0.157582, 4.88893, 5.00354, 0.785869, -0.706532, 0, 0, 0
134250, 10.1751, 9.8315, 10, -0.175114, 0.168498, 4.86265, 5.2473, 0.785869, -0.706532, 0, 0, 0
134260, 10.1576, 9.45283, 10, -0.157582, 0.547172, 4.86254, 5.55825, 0.785869, -0.706532, 0, 0, 0
134270, 10.1681, 10.1786, 10, -0.168101, -0.17862, 4.84177, 5.03129, 0.785869, -0.706532, 0, 0, 0
134281, 9.82098, 10.5222, 10, 0.179017, -0.522232, 5.10122, 4.74708, 0.785869, -0.706532, 0, 0, 0
134290, 10.1611, 10.1541, 10, -0.161089, -0.154077, 4.84815, 4.99497, 0.785869, -0.706532, 0, 0, 0
134300, 10.1716, 9.47387, 10, -0.171608, 0.526134, 4.8271, 5.5173, 0.785869, -0.706532, 0, 0, 0
134310, 10.1751, 10.1681, 10, -0.175114, -0.168101, 4.81073, 5.01347, 0.785869, -0.706532, 0, 0, 0
134321, 9.81748, 10.1786, 10, 0.182523, -0.17862, 5.07789, 4.99186, 0.785869, -0.706532, 0, 0, 0
134330, 9.79644, 10.1436, 10, 0.20356, -0.143558, 5.1089, 5.00525, 0.785869, -0.706532, 0, 0, 0
134340, 9.83501, 9.48438, 10, 0.164991, 0.515615, 5.09475, 5.51188, 0.785869, -0.706532, 0, 0, 0
134350, 10.1576, 9.80696, 10, -0.157582, 0.193042, 4.85433, 5.29929, 0.785869, -0.706532, 0, 0, 0
134361, 9.81748, 10.1681, 10, 0.182523, -0.168101, 5.10911, 5.03079, 0.785869, -0.706532, 0, 0, 0
134371, 10.1611, 10.1611, 10, -0.161089, -0.161089, 4.85356, 5.02297, 0.785869, -0.706532, 0, 0, 0
134380, 9.828, 9.82098, 10, 0.172004, 0.179017, 5.10254, 5.27746, 0.785869, -0.706532, 0, 0, 0
134390, 10.1506, 9.80696, 10, -0.15057, 0.193042, 4.86269, 5.30269, 0.785869, -0.706532, 0, 0, 0
134401, 10.1821, 10.1716, 10, -0.182126, -0.171608, 4.82595, 5.03144, 0.785869, -0.706532, 0, 0, 0
134411, 10.1471, 10.1576, 10, -0.147064, -0.157582, 4.83905, 5.02884, 0.785869, -0.706532, 0, 0, 0
134420, 9.828, 10.1611, 10, 0.172004, -0.161089, 5.07813, 5.01359, 0.785869, -0.706532, 0, 0, 0
134430, 9.81748, 9.8315, 10, 0.182523, 0.168498, 5.10004, 5.25982, 0.785869, -0.706532, 0, 0, 0
134440, 10.1611, 9.81748, 10, -0.161089, 0.182523, 4.84449, 5.28421, 0.785869, -0.706532, 0, 0, 0
134451, 9.81748, 10.1541, 10, 0.182523, -0.154077, 5.10174, 5.03417, 0.785869, -0.706532, 0, 0, 0
134460, 9.828, 10.1576, 10, 0.172004, -0.157582, 5.10796, 5.01919, 0.785869, -0.706532, 0, 0, 0
134470, 10.1436, 9.82449, 10, -0.143558, 0.17551, 4.87361, 5.26845, 0.785869, -0.706532, 0, 0, 0
134480, 9.828, 10.1751, 10, 0.172004, -0.175114, 5.11021, 5.00683, 0.785869, -0.706532, 0, 0, 0
134491, 10.1786, 9.82449, 10, -0.17862, 0.17551, 4.84831, 5.26848, 0.785869, -0.706532, 0, 0, 0
134501, 9.79293, 9.4388, 10, 0.207067, 0.561197, 5.13724, 5.58551, 0.785869, -0.706532, 0, 0, 0
134510, 10.1681, 9.828, 10, -0.168101, 0.172004, 4.85884, 5.32418, 0.785869, -0.706532, 0, 0, 0
134520, 10.1821, 10.5292, 10, -0.182126, -0.529244, 4.83448, 4.78673, 0.785869, -0.706532, 0, 0, 0
134531, 9.82449, 10.5047, 10, 0.17551, -0.504701, 5.10108, 4.76403, 0.785869, -0.706532, 0, 0, 0
134541, 10.1471, 9.46685, 10, -0.147064, 0.533147, 4.86151, 5.5396, 0.785869, -0.706532, 0, 0, 0
134550, 10.1856, 9.83501, 10, -0.185633, 0.164991, 4.81953, 5.29258, 0.785869, -0.706532, 0, 0, 0
134560, 10.1436, 10.1471, 10, -0.143558, -0.147064, 4.83787, 5.06044, 0.785869, -0.706532, 0, 0, 0
134571, 9.82098, 10.5187, 10, 0.179017, -0.518725, 5.07998, 4.75669, 0.785869, -0.706532, 0, 0, 0
134581, 9.81046, 9.81046, 10, 0.189535, 0.189535, 5.10245, 5.27214, 0.785869, -0.706532, 0, 0, 0
134590, 9.83501, 9.82098, 10, 0.164991, 0.179017, 5.0982, 5.27891, 0.785869, -0.706532, 0, 0, 0
134600, 10.1611, 9.828, 10, -0.161089, 0.172004, 4.85503, 5.2876, 0.785869, -0.706532, 0, 0, 0
134610, 10.1576, 10.1611, 10, -0.157582, -0.161089, 4.84501, 5.03948, 0.785869, -0.706532, 0, 0, 0
134621, 9.80345, 9.44932, 10, 0.196548, 0.550678, 5.11081, 5.58605, 0.785869, -0.706532, 0, 0, 0
134630, 9.83851, 10.1856, 10, 0.161486, -0.185633, 5.09884, 5.0511, 0.785869, -0.706532, 0, 0, 0
134640, 10.1576, 10.1611, 10, -0.157582, -0.161089, 4.86091, 5.05566, 0.785869, -0.706532, 0, 0, 0
134650, 10.1821, 10.5222, 10, -0.182126, -0.522232, 4.82912, 4.75907, 0.785869, -0.706532, 0, 0, 0
134661, 10.1576, 9.47387, 10, -0.157582, 0.526134, 4.83396, 5.54151, 0.785869, -0.706532, 0, 0, 0
134671, 9.81046, 9.80696, 10, 0.189535, 0.193042, 5.09425, 5.32149, 0.785869, -0.706532, 0, 0, 0
134680, 9.81046, 10.1541, 10, 0.189535, -0.154077, 5.10928, 5.06401, 0.785869, -0.706532, 0, 0, 0
134690, 10.1576, 10.5187, 10, -0.157582, -0.518725, 4.85153, 4.76522, 0.785869, -0.706532, 0, 0, 0
134701, 10.1751, 9.82449, 10, -0.175114, 0.17551, 4.82525, 5.26965, 0.785869, -0.706532, 0, 0, 0
134711, 9.81748, 9.81748, 10, 0.182523, 0.182523, 5.09241, 5.28908, 0.785869, -0.706532, 0, 0, 0
134720, 9.48088, 9.8315, 10, 0.519122, 0.168498, 5.37142, 5.29254, 0.785869, -0.706532, 0, 0, 0
134730, 9.81046, 10.1611, 10, 0.189535, -0.161089, 5.15359, 5.0469, 0.785869, -0.706532, 0, 0, 0
134740, 10.1611, 9.80345, 10, -0.161089, 0.196548, 4.89308, 5.31517, 0.785869, -0.706532, 0, 0, 0
134751, 10.1541, 9.81748, 10, -0.154077, 0.182523, 4.88582, 5.31975, 0.785869, -0.706532, 0, 0, 0
134760, 9.81046, 10.1541, 10, 0.189535, -0.154077, 5.14362, 5.0697, 0.785869, -0.706532, 0, 0, 0
134770, 9.82449, 10.1786, 10, 0.17551, -0.17862, 5.14764, 5.03819, 0.785869, -0.706532, 0, 0, 0
134780, 10.1751, 9.828, 10, -0.175114, 0.172004, 4.88602, 5.29956, 0.785869, -0.706532, 0, 0, 0
134791, 10.1506, 9.79644, 10, -0.15057, 0.20356, 4.89142, 5.33801, 0.785869, -0.706532, 0, 0, 0
134800, 10.1891, 10.5328, 10, -0.189138, -0.53275, 4.84916, 4.77552, 0.785869, -0.706532, 0, 0, 0
134810, 9.79995, 10.1611, 10, 0.200054, -0.161089, 5.14001, 5.02533, 0.785869, -0.706532, 0, 0, 0
134820, 9.828, 9.47387, 10, 0.172004, 0.526134, 5.13384, 5.55261, 0.785869, -0.706532, 0, 0, 0
134831, 10.1506, 9.80345, 10, -0.15057, 0.196548, 4.89398, 5.33534, 0.785869, -0.706532, 0, 0, 0
134841, 9.81748, 10.5117, 10, 0.182523, -0.511713, 5.1438, 4.79434, 0.785869, -0.706532, 0, 0, 0
134850, 10.1786, 10.1716, 10, -0.17862, -0.171608, 4.87447, 5.02102, 0.785869, -0.706532, 0, 0, 0
134860, 10.1576, 9.46685, 10, -0.157582, 0.533147, 4.87683, 5.56125, 0.785869, -0.706532, 0, 0, 0
134871, 10.1786, 9.828, 10, -0.17862, 0.172004, 4.8478, 5.31973, 0.785869, -0.706532, 0, 0, 0
134881, 9.79995, 10.1365, 10, 0.200054, -0.136545, 5.13122, 5.0909, 0.785869, -0.706532, 0, 0, 0
134890, 10.1611, 10.5222, 10, -0.161089, -0.522232, 4.86328, 4.77697, 0.785869, -0.706532, 0, 0, 0
134900, 10.1856, 9.8315, 10, -0.185633, 0.168498, 4.83121, 5.27836, 0.785869, -0.706532, 0, 0, 0
134910, 9.81046, 9.80345, 10, 0.189535, 0.196548, 5.11131, 5.31377, 0.785869, -0.706532, 0, 0, 0
134921, 10.1471, 9.81046, 10, -0.147064, 0.189535, 4.86183, 5.32385, 0.785869, -0.706532, 0, 0, 0
134930, 10.1821, 10.5257, 10, -0.182126, -0.525738, 4.82261, 4.77678, 0.785869, -0.706532, 0, 0, 0
134940, 9.828, 10.1751, 10, 0.172004, -0.175114, 5.08646, 5.01062, 0.785869, -0.706532, 0, 0, 0
134950, 10.1541, 9.82098, 10, -0.154077, 0.179017, 4.84385, 5.27502, 0.785869, -0.706532, 0, 0, 0
134961, 9.82449, 9.82449, 10, 0.17551, 0.17551, 5.09063, 5.28647, 0.785869, -0.706532, 0, 0, 0
134971, 9.81046, 10.1471, 10, 0.189535, -0.147064, 5.11558, 5.04689, 0.785869, -0.706532, 0, 0, 0
134980, 10.1716, 9.48438, 10, -0.171608, 0.515615, 4.84681, 5.556, 0.785869, -0.706532, 0, 0, 0
134990, 9.81046, 9.80696, 10, 0.189535, 0.193042, 5.117, 5.34341, 0.785869, -0.706532, 0, 0, 0
135001, 9.82098, 10.5222, 10, 0.179017, -0.522232, 5.12377, 4.79662, 0.785869, -0.706532, 0, 0, 0
135011, 10.1471, 10.1365, 10, -0.147064, -0.136545, 4.88172, 5.05828, 0.785869, -0.706532, 0, 0, 0
135020, 10.1856, 9.4914, 10, -0.185633, 0.508603, 4.83974, 5.55445, 0.785869, -0.706532, 0, 0, 0
135030, 10.1576, 10.1471, 10, -0.157582, -0.147064, 4.84706, 5.07953, 0.785869, -0.706532, 0, 0, 0
135041, 9.81046, 10.1751, 10, 0.189535, -0.175114, 5.10735, 5.04582, 0.785869, -0.706532, 0, 0, 0
135051, 9.80696, 10.5117, 10, 0.193042, -0.511713, 5.12514, 4.76741, 0.785869, -0.706532, 0, 0, 0
135060, 9.828, 9.81748, 10, 0.172004, 0.182523, 5.12392, 5.27239, 0.785869, -0.706532, 0, 0, 0
135070, 10.1716, 9.8315, 10, -0.171608, 0.168498, 4.86753, 5.27585, 0.785869, -0.706532, 0, 0, 0
135080, 10.1576, 10.1471, 10, -0.157582, -0.147064, 4.86494, 5.04122, 0.785869, -0.706532, 0, 0, 0
135091, 9.79995, 9.80696, 10, 0.200054, 0.193042, 5.13349, 5.29684, 0.785869, -0.706532, 0, 0, 0
135100, 9.83501, 9.82098, 10, 0.164991, 0.179017, 5.12181, 5.30113, 0.785869, -0.706532, 0, 0, 0
135110, 10.1611, 9.828, 10, -0.161089, 0.172004, 4.87864, 5.30982, 0.785869, -0.706532, 0, 0, 0
135120, 10.1716, 10.5117, 10, -0.171608, -0.511713, 4.8576, 4.78616, 0.785869, -0.706532, 0, 0, 0
135131, 9.81046, 10.1716, 10, 0.189535, -0.171608, 5.12779, 5.01284, 0.785869, -0.706532, 0, 0, 0
135141, 9.81046, 9.45984, 10, 0.189535, 0.540159, 5.14283, 5.55858, 0.785869, -0.706532, 0, 0, 0
135150, 10.1716, 9.81046, 10, -0.171608, 0.189535, 4.87406, 5.32589, 0.785869, -0.706532, 0, 0, 0
135160, 10.1821, 10.5328, 10, -0.182126, -0.53275, 4.85218, 4.7733, 0.785869, -0.706532, 0, 0, 0
135171, 10.1576, 10.1681, 10, -0.157582, -0.168101, 4.85701, 5.0176, 0.785869, -0.706532, 0, 0, 0
135181, 10.1541, 9.80696, 10, -0.154077, 0.193042, 4.84727, 5.28807, 0.785869, -0.706532, 0, 0, 0
135190, 9.83501, 9.8315, 10, 0.164991, 0.168498, 5.08579, 5.2841, 0.785869, -0.706532, 0, 0, 0
135200, 9.79995, 10.1541, 10, 0.200054, -0.154077, 5.12643, 5.04397, 0.785869, -0.706532, 0, 0, 0
135211, 10.1751, 10.1716, 10, -0.175114, -0.171608, 4.84747, 5.01797, 0.785869, -0.706532, 0, 0, 0
135221, 10.1436, 9.79644, 10, -0.143558, 0.20356, 4.85838, 5.29919, 0.785869, -0.706532, 0, 0, 0
135230, 9.8315, 9.47036, 10, 0.168498, 0.529641, 5.09222, 5.57159, 0.785869, -0.706532, 0, 0, 0
135240, 9.82449, 10.1821, 10, 0.17551, -0.182126, 5.1111, 5.05426, 0.785869, -0.706532, 0, 0, 0
135250, 10.1716, 10.5117, 10, -0.171608, -0.511713, 4.85224, 4.7808, 0.785869, -0.706532, 0, 0, 0
135261, 10.1541, 9.45984, 10, -0.154077, 0.540159, 4.8524, 5.56683, 0.785869, -0.706532, 0, 0, 0
135270, 10.1681, 9.81046, 10, -0.168101, 0.189535, 4.82916, 5.33414, 0.785869, -0.706532, 0, 0, 0
135280, 9.828, 10.1856, 10, 0.172004, -0.185633, 5.0831, 5.05435, 0.785869, -0.706532, 0, 0, 0
135290, 9.81748, 10.5117, 10, 0.182523, -0.511713, 5.10501, 4.78336, 0.785869, -0.706532, 0, 0, 0
135301, 10.1541, 9.80345, 10, -0.154077, 0.196548, 4.85497, 5.29936, 0.785869, -0.706532, 0, 0, 0
135311, 10.1716, 9.82098, 10, -0.171608, 0.179017, 4.82897, 5.30118, 0.785869, -0.706532, 0, 0, 0
135320, 9.82098, 9.81046, 10, 0.179017, 0.189535, 5.0909, 5.32365, 0.785869, -0.706532, 0, 0, 0
135330, 9.80696, 10.5082, 10, 0.193042, -0.508206, 5.11612, 4.79035, 0.785869, -0.706532, 0, 0, 0
135341, 10.1716, 9.828, 10, -0.171608, 0.172004, 4.84487, 5.28459, 0.785869, -0.706532, 0, 0, 0
135351, 9.81748, 9.81748, 10, 0.182523, 0.182523, 5.10955, 5.3065, 0.785869, -0.706532, 0, 0, 0
135360, 9.81748, 9.81748, 10, 0.182523, 0.182523, 5.12403, 5.32098, 0.785869, -0.706532, 0, 0, 0
135370, 9.81046, 9.81046, 10, 0.189535, 0.189535, 5.14403, 5.34097, 0.785869, -0.706532, 0, 0, 0
135380, 10.1751, 10.1681, 10, -0.175114, -0.168101, 4.8725, 5.07496, 0.785869, -0.706532, 0, 0, 0
135391, 10.1506, 10.1611, 10, -0.15057, -0.161089, 4.87789, 5.06713, 0.785869, -0.706532, 0, 0, 0
135400, 9.83501, 9.82449, 10, 0.164991, 0.17551, 5.11394, 5.31887, 0.785869, -0.706532, 0, 0, 0
135410, 9.79293, 10.1541, 10, 0.207067, -0.154077, 5.16009, 5.07379, 0.785869, -0.706532, 0, 0, 0
135420, 10.1891, 10.1856, 10, -0.189138, -0.185633, 4.86515, 5.03676, 0.785869, -0.706532, 0, 0, 0
135431, 10.5012, 10.1506, 10, -0.501194, -0.15057, 4.60491, 5.04959, 0.785869, -0.706532, 0, 0, 0
135440, 10.1576, 9.80696, 10, -0.157582, 0.193042, 4.83518, 5.30768, 0.785869, -0.706532, 0, 0, 0
135450, 9.47737, 9.82098, 10, 0.522629, 0.179017, 5.35724, 5.31197, 0.785869, -0.706532, 0, 0, 0
135460, 9.81748, 9.81748, 10, 0.182523, 0.182523, 5.13142, 5.32893, 0.785869, -0.706532, 0, 0, 0
135471, 10.1681, 10.1751, 10, -0.168101, -0.175114, 4.87036, 5.06235, 0.785869, -0.706532, 0, 0, 0
135481, 10.1611, 10.1506, 10, -0.161089, -0.15057, 4.86253, 5.06775, 0.785869, -0.706532, 0, 0, 0
135490, 10.1576, 9.82098, 10, -0.157582, 0.179017, 4.85251, 5.31482, 0.785869, -0.706532, 0, 0, 0
135500, 9.8315, 9.83501, 10, 0.168498, 0.164991, 5.09626, 5.318, 0.785869, -0.706532, 0, 0, 0
135511, 10.1716, 10.1681, 10, -0.171608, -0.168101, 4.84235, 5.06932, 0.785869, -0.706532, 0, 0, 0
135521, 10.1471, 10.1471, 10, -0.147064, -0.147064, 4.84803, 5.07252, 0.785869, -0.706532, 0, 0, 0
135530, 9.828, 10.1751, 10, 0.172004, -0.175114, 5.0871, 5.0388, 0.785869, -0.706532, 0, 0, 0
135540, 10.1786, 9.8315, 10, -0.17862, 0.168498, 4.82521, 5.29495, 0.785869, -0.706532, 0, 0, 0
135550, 10.1506, 9.80345, 10, -0.15057, 0.196548, 4.83308, 5.33036, 0.785869, -0.706532, 0, 0, 0
135561, 9.81748, 10.1611, 10, 0.182523, -0.161089, 5.0829, 5.0649, 0.785869, -0.706532, 0, 0, 0
135570, 10.1856, 10.1786, 10, -0.185633, -0.17862, 4.80806, 5.03834, 0.785869, -0.706532, 0, 0, 0
135580, 9.79644, 9.44582, 10, 0.20356, 0.554185, 5.09919, 5.60005, 0.785869, -0.706532, 0, 0, 0
135590, 10.1751, 9.8315, 10, -0.175114, 0.168498, 4.81775, 5.34092, 0.785869, -0.706532, 0, 0, 0
135601, 9.80345, 10.8553, 10, 0.196548, -0.855325, 5.09593, 4.5497, 0.785869, -0.706532, 0, 0, 0
135610, 9.8315, 10.1751, 10, 0.168498, -0.175114, 5.08948, 5.0164, 0.785869, -0.706532, 0, 0, 0
135620, 10.1611, 9.47036, 10, -0.161089, 0.529641, 4.84384, 5.55635, 0.785869, -0.706532, 0, 0, 0
135630, 10.1681, 9.45633, 10, -0.168101, 0.543666, 4.82555, 5.60939, 0.785869, -0.706532, 0, 0, 0
135641, 9.828, 10.1856, 10, 0.172004, -0.185633, 5.07949, 5.07939, 0.785869, -0.706532, 0, 0, 0
135651, 9.79644, 10.5012, 10, 0.20356, -0.501194, 5.11793, 4.81667, 0.785869, -0.706532, 0, 0, 0
135660, 9.8315, 10.1716, 10, 0.168498, -0.171608, 5.10653, 5.03592, 0.785869, -0.706532, 0, 0, 0
135670, 10.1611, 9.79995, 10, -0.161089, 0.200054, 4.86089, 5.31438, 0.785869, -0.706532, 0, 0, 0
135681, 10.5117, 9.8315, 10, -0.511713, 0.168498, 4.57256, 5.30546, 0.785869, -0.706532, 0, 0, 0
135691, 9.81748, 10.1576, 10, 0.182523, -0.157582, 5.07754, 5.06257, 0.785869, -0.706532, 0, 0, 0
135700, 9.82098, 10.1541, 10, 0.179017, -0.154077, 5.08927, 5.05282, 0.785869, -0.706532, 0, 0, 0
135710, 10.1506, 9.828, 10, -0.15057, 0.172004, 4.84446, 5.29685, 0.785869, -0.706532, 0, 0, 0
135720, 9.83851, 10.1856, 10, 0.161486, -0.185633, 5.07775, 5.02945, 0.785869, -0.706532, 0, 0, 0
135731, 9.80345, 9.80345, 10, 0.196548, 0.196548, 5.11811, 5.31506, 0.785869, -0.706532, 0, 0, 0
135740, 10.1716, 9.81748, 10, -0.171608, 0.182523, 4.84438, 5.31963, 0.785869, -0.706532, 0, 0, 0
135750, 10.1506, 10.1541, 10, -0.15057, -0.154077, 4.8473, 5.06959, 0.785869, -0.706532, 0, 0, 0
135760, 9.828, 10.1786, 10, 0.172004, -0.17862, 5.08886, 5.03808, 0.785869, -0.706532, 0, 0, 0
135771, 9.81046, 10.1541, 10, 0.189535, -0.154077, 5.11628, 5.0432, 0.785869, -0.706532, 0, 0, 0
135781, 10.1751, 9.82449, 10, -0.175114, 0.17551, 4.84475, 5.28998, 0.785869, -0.706532, 0, 0, 0
135790, 9.80696, 9.80696, 10, 0.193042, 0.193042, 5.12018, 5.31769, 0.785869, -0.706532, 0, 0, 0
135800, 10.1681, 10.1786, 10, -0.168101, -0.17862, 4.85168, 5.04092, 0.785869, -0.706532, 0, 0, 0
135811, 9.81748, 10.1681, 10, 0.182523, -0.168101, 5.11389, 5.03502, 0.785869, -0.706532, 0, 0, 0
135821, 10.1716, 9.79644, 10, -0.171608, 0.20356, 4.85007, 5.31376, 0.785869, -0.706532, 0, 0, 0
135830, 10.1541, 9.82449, 10, -0.154077, 0.17551, 4.85023, 5.30787, 0.785869, -0.706532, 0, 0, 0
135840, 10.1856, 10.1856, 10, -0.185633, -0.185633, 4.81321, 5.03798, 0.785869, -0.706532, 0, 0, 0
135851, 9.81046, 10.1541, 10, 0.189535, -0.154077, 5.09332, 5.04805, 0.785869, -0.706532, 0, 0, 0
135861, 10.1436, 9.79995, 10, -0.143558, 0.200054, 4.84659, 5.31413, 0.785869, -0.706532, 0, 0, 0
135870, 9.82449, 9.82098, 10, 0.17551, 0.179017, 5.08594, 5.31347, 0.785869, -0.706532, 0, 0, 0
135880, 9.82449, 10.1786, 10, 0.17551, -0.17862, 5.09987, 5.04661, 0.785869, -0.706532, 0, 0, 0
135890, 10.1786, 9.828, 10, -0.17862, 0.172004, 4.83549, 5.30799, 0.785869, -0.706532, 0, 0, 0
135901, 10.1506, 9.79995, 10, -0.15057, 0.200054, 4.84336, 5.34368, 0.785869, -0.706532, 0, 0, 0
135910, 9.82098, 10.1611, 10, 0.179017, -0.161089, 5.09043, 5.07574, 0.785869, -0.706532, 0, 0, 0
135920, 10.1786, 10.1856, 10, -0.17862, -0.185633, 4.82358, 5.04367, 0.785869, -0.706532, 0, 0, 0
135930, 9.81748, 9.80696, 10, 0.182523, 0.193042, 5.09322, 5.32653, 0.785869, -0.706532, 0, 0, 0
135941, 10.1436, 9.80345, 10, -0.143558, 0.196548, 4.85144, 5.3446, 0.785869, -0.706532, 0, 0, 0
135951, 9.8315, 9.828, 10, 0.168498, 0.172004, 5.08529, 5.3409, 0.785869, -0.706532, 0, 0, 0
135960, 10.1716, 10.5222, 10, -0.171608, -0.522232, 4.83138, 4.80897, 0.785869, -0.706532, 0, 0, 0
135970, 9.81046, 10.1541, 10, 0.189535, -0.154077, 5.10157, 5.05686, 0.785869, -0.706532, 0, 0, 0
135981, 10.1611, 9.80696, 10, -0.161089, 0.193042, 4.84106, 5.31743, 0.785869, -0.706532, 0, 0, 0
135991, 9.80696, 9.81046, 10, 0.193042, 0.189535, 5.10658, 5.32999, 0.785869, -0.706532, 0, 0, 0
136000, 9.82449, 10.1821, 10, 0.17551, -0.182126, 5.10812, 5.05295, 0.785869, -0.706532, 0, 0, 0
136010, 9.47387, 9.82449, 10, 0.526134, 0.17551, 5.39759, 5.31955, 0.785869, -0.706532, 0, 0, 0
136020, 9.81748, 9.80696, 10, 0.182523, 0.193042, 5.1693, 5.34725, 0.785869, -0.706532, 0, 0, 0
136031, 10.1506, 10.1506, 10, -0.15057, -0.15057, 4.92201, 5.09254, 0.785869, -0.706532, 0, 0, 0
136040, 10.1856, 10.1856, 10, -0.185633, -0.185633, 4.88251, 5.05304, 0.785869, -0.706532, 0, 0, 0
136050, 10.1541, 9.81748, 10, -0.154077, 0.182523, 4.89258, 5.32763, 0.785869, -0.706532, 0, 0, 0
136060, 9.82449, 9.82098, 10, 0.17551, 0.179017, 5.13937, 5.33936, 0.785869, -0.706532, 0, 0, 0
136071, 10.1541, 10.1541, 10, -0.154077, -0.154077, 4.89429, 5.09179, 0.785869, -0.706532, 0, 0, 0
136080, 10.1541, 10.5082, 10, -0.154077, -0.508206, 4.88206, 4.80127, 0.785869, -0.706532, 0, 0, 0
136090, 10.1856, 9.8315, 10, -0.185633, 0.168498, 4.84504, 5.29275, 0.785869, -0.706532, 0, 0, 0
136100, 9.82098, 9.81046, 10, 0.179017, 0.189535, 5.11688, 5.32265, 0.785869, -0.706532, 0, 0, 0
136111, 9.80696, 9.82098, 10, 0.193042, 0.179017, 5.1421, 5.32942, 0.785869, -0.706532, 0, 0, 0
136121, 9.82098, 10.1541, 10, 0.179017, -0.154077, 5.1464, 5.08185, 0.785869, -0.706532, 0, 0, 0
136130, 10.1681, 10.1821, 10, -0.168101, -0.182126, 4.88781, 5.04759, 0.785869, -0.706532, 0, 0, 0
136140, 10.1611, 10.1471, 10, -0.161089, -0.147064, 4.87998, 5.06069, 0.785869, -0.706532, 0, 0, 0
136151, 10.1716, 9.8315, 10, -0.171608, 0.168498, 4.85894, 5.29702, 0.785869, -0.706532, 0, 0, 0
136161, 10.1716, 10.1611, 10, -0.171608, -0.161089, 4.84532, 5.05137, 0.785869, -0.706532, 0, 0, 0
136170, 9.81748, 9.81046, 10, 0.182523, 0.189535, 5.11001, 5.31414, 0.785869, -0.706532, 0, 0, 0
136180, 9.81748, 9.47036, 10, 0.182523, 0.529641, 5.12449, 5.59645, 0.785869, -0.706532, 0, 0, 0
136190, 10.1541, 10.1611, 10, -0.154077, -0.161089, 4.87444, 5.09565, 0.785869, -0.706532, 0, 0, 0
136201, 10.1681, 10.5082, 10, -0.168101, -0.508206, 4.8512, 4.81008, 0.785869, -0.706532, 0, 0, 0
136210, 10.1716, 10.1716, 10, -0.171608, -0.171608, 4.83511, 5.03428, 0.785869, -0.706532, 0, 0, 0
136220, 9.81046, 9.47036, 10, 0.189535, 0.529641, 5.1053, 5.57176, 0.785869, -0.706532, 0, 0, 0
136230, 9.82449, 10.1751, 10, 0.17551, -0.175114, 5.10932, 5.05993, 0.785869, -0.706532, 0, 0, 0
136241, 9.81046, 10.1611, 10, 0.189535, -0.161089, 5.13426, 5.05706, 0.785869, -0.706532, 0, 0, 0
136251, 10.1611, 9.81046, 10, -0.161089, 0.189535, 4.87376, 5.31983, 0.785869, -0.706532, 0, 0, 0
136260, 9.82098, 9.82449, 10, 0.179017, 0.17551, 5.12825, 5.32384, 0.785869, -0.706532, 0, 0, 0
136270, 9.828, 10.1751, 10, 0.172004, -0.175114, 5.13695, 5.06222, 0.785869, -0.706532, 0, 0, 0
136281, 10.1541, 10.1471, 10, -0.154077, -0.147064, 4.89434, 5.07037, 0.785869, -0.706532, 0, 0, 0
136291, 10.1611, 9.82098, 10, -0.161089, 0.179017, 4.8766, 5.31496, 0.785869, -0.706532, 0, 0, 0
136300, 9.82449, 9.81748, 10, 0.17551, 0.182523, 5.12834, 5.33192, 0.785869, -0.706532, 0, 0, 0
136310, 10.1681, 10.1786, 10, -0.168101, -0.17862, 4.87224, 5.06259, 0.785869, -0.706532, 0, 0, 0
136321, 10.1611, 10.1576, 10, -0.161089, -0.157582, 4.86441, 5.06495, 0.785869, -0.706532, 0, 0, 0
136331, 9.81046, 9.81046, 10, 0.189535, 0.189535, 5.12717, 5.32524, 0.785869, -0.706532, 0, 0, 0
136340, 9.82449, 9.81748, 10, 0.17551, 0.182523, 5.13119, 5.33476, 0.785869, -0.706532, 0, 0, 0
136350, 10.1611, 10.1716, 10, -0.161089, -0.171608, 4.88059, 5.07094, 0.785869, -0.706532, 0, 0, 0
136360, 9.82098, 10.1716, 10, 0.179017, -0.171608, 5.13509, 5.05733, 0.785869, -0.706532, 0, 0, 0
136371, 9.80696, 9.80696, 10, 0.193042, 0.193042, 5.16031, 5.33028, 0.785869, -0.706532, 0, 0, 0
136380, 10.1751, 10.1681, 10, -0.175114, -0.168101, 4.88631, 5.06178, 0.785869, -0.706532, 0, 0, 0
136390, 10.1681, 9.828, 10, -0.168101, 0.172004, 4.87792, 5.31573, 0.785869, -0.706532, 0, 0, 0
136400, 9.80345, 10.1506, 10, 0.196548, -0.15057, 5.15115, 5.07587, 0.785869, -0.706532, 0, 0, 0
136411, 9.82449, 9.81748, 10, 0.17551, 0.182523, 5.15022, 5.32569, 0.785869, -0.706532, 0, 0, 0
136421, 10.1716, 9.82098, 10, -0.171608, 0.179017, 4.89135, 5.33742, 0.785869, -0.706532, 0, 0, 0
136430, 9.81046, 10.1576, 10, 0.189535, -0.157582, 5.16155, 5.0871, 0.785869, -0.706532, 0, 0, 0
136440, 10.1681, 10.1751, 10, -0.168101, -0.175114, 4.89553, 5.06082, 0.785869, -0.706532, 0, 0, 0
136451, 9.828, 9.82098, 10, 0.172004, 0.179017, 5.14947, 5.32523, 0.785869, -0.706532, 0, 0, 0
136461, 10.1506, 9.80345, 10, -0.15057, 0.196548, 4.90962, 5.3532, 0.785869, -0.706532, 0, 0, 0
136470, 10.1716, 10.1786, 10, -0.171608, -0.17862, 4.88114, 5.07397, 0.785869, -0.706532, 0, 0, 0
136480, 9.82098, 10.1576, 10, 0.179017, -0.157582, 5.14307, 5.07633, 0.785869, -0.706532, 0, 0, 0
136491, 9.81748, 9.8315, 10, 0.182523, 0.168498, 5.16002, 5.32008, 0.785869, -0.706532, 0, 0, 0
136501, 10.1716, 9.80696, 10, -0.171608, 0.193042, 4.8962, 5.35274, 0.785869, -0.706532, 0, 0, 0
136510, 10.1611, 10.1611, 10, -0.161089, -0.161089, 4.89086, 5.08975, 0.785869, -0.706532, 0, 0, 0
136520, 9.828, 9.83501, 10, 0.172004, 0.164991, 5.13984, 5.33323, 0.785869, -0.706532, 0, 0, 0
136530, 10.1611, 9.81046, 10, -0.161089, 0.189535, 4.89172, 5.36561, 0.785869, -0.706532, 0, 0, 0
136541, 9.81046, 9.79995, 10, 0.189535, 0.200054, 5.15449, 5.38891, 0.785869, -0.706532, 0, 0, 0
136550, 10.1541, 10.5082, 10, -0.154077, -0.508206, 4.89949, 4.84818, 0.785869, -0.706532, 0, 0, 0
136560, 9.82098, 10.1786, 10, 0.179017, -0.17862, 5.14903, 5.06687, 0.785869, -0.706532, 0, 0, 0
136570, 10.1786, 9.46685, 10, -0.17862, 0.533147, 4.88218, 5.61206, 0.785869, -0.706532, 0, 0, 0
136581, 9.81046, 9.81748, 10, 0.189535, 0.182523, 5.15733, 5.37881, 0.785869, -0.706532, 0, 0, 0
136591, 10.1541, 10.5187, 10, -0.154077, -0.518725, 4.90233, 4.8422, 0.785869, -0.706532, 0, 0, 0
136600, 9.82098, 10.1716, 10, 0.179017, -0.171608, 5.15188, 5.07384, 0.785869, -0.706532, 0, 0, 0
136610, 9.81046, 9.80696, 10, 0.189535, 0.193042, 5.17435, 5.34679, 0.785869, -0.706532, 0, 0, 0
136621, 10.1716, 9.82449, 10, -0.171608, 0.17551, 4.90557, 5.34833, 0.785869, -0.706532, 0, 0, 0
136631, 9.82098, 10.1681, 10, 0.179017, -0.168101, 5.1675, 5.09222, 0.785869, -0.706532, 0, 0, 0
136640, 9.47036, 9.82449, 10, 0.529641, 0.17551, 5.45725, 5.34891, 0.785869, -0.706532, 0, 0, 0
136650, 9.81748, 9.81748, 10, 0.182523, 0.182523, 5.22648, 5.36835, 0.785869, -0.706532, 0, 0, 0
136660, 10.5082, 9.80345, 10, -0.508206, 0.196548, 4.69814, 5.39385, 0.785869, -0.706532, 0, 0, 0
136671, 9.82449, 10.5257, 10, 0.17551, -0.525738, 5.19513, 4.84182, 0.785869, -0.706532, 0, 0, 0
136680, 10.1611, 10.1541, 10, -0.161089, -0.154077, 4.94453, 5.09219, 0.785869, -0.706532, 0, 0, 0
136690, 9.81046, 9.81046, 10, 0.189535, 0.189535, 5.2073, 5.35, 0.785869, -0.706532, 0, 0, 0
136700, 10.1681, 9.828, 10, -0.168101, 0.172004, 4.94128, 5.35126, 0.785869, -0.706532, 0, 0, 0
136711, 10.1611, 10.1611, 10, -0.161089, -0.161089, 4.93345, 5.10314, 0.785869, -0.706532, 0, 0, 0
136721, 10.1576, 10.1541, 10, -0.157582, -0.154077, 4.92343, 5.09587, 0.785869, -0.706532, 0, 0, 0
136730, 9.82098, 9.82449, 0, -9.82098, -9.82449, -2.68324, -2.51603, 0.785869, -0.706532, 0, 0, 0
136740, 9.81046, 9.81046, 0, -9.81046, -9.81046, -3.45414, -3.28445, 0.785869, -0.706532, 0, 0, 0
136751, 4.56513, 4.91224, 0, -4.56513, -4.91224, -0.110324, -0.213425, 0.785869, -0.706532, 0, 0, 0
136761, -0.350624, -0.697742, 0, 0.350624, 0.697742, 3.39063, 3.80556, 0.785869, -0.706532, 0, 0, 0
136770, 0, -0.704755, 0, 0, 0.704755, 3.1429, 3.86643, 0.785869, -0.706532, 0, 0, 0
136780, 3.50624, 3.13809, 0, -3.50624, -3.13809, 0.387454, 0.902377, 0.785869, -0.706532, 0, 0, 0
136791, 5.60999, 6.31474, 0, -5.60999, -6.31474, -1.54399, -1.84302, 0.785869, -0.706532, 0, 0, 0
136801, 4.20398, 4.90173, 0, -4.20398, -4.90173, -0.884133, -1.23357, 0.785869, -0.706532, 0, 0, 0
136810, 1.05187, 1.05187, 0, -1.05187, -1.05187, 1.25948, 1.40302, 0.785869, -0.706532, 0, 0, 0
136820, 0.347118, 0, 0, -0.347118, 0, 1.72987, 2.1462, 0.785869, -0.706532, 0, 0, 0
136830, 1.75312, 1.39899, 0, -1.75312, -1.39899, 0.597399, 1.04678, 0.785869, -0.706532, 0, 0, 0
136841, 2.45086, 2.80499, 0, -2.45086, -2.80499, -0.0900215, -0.169146, 0.785869, -0.706532, 0, 0, 0
136850, 1.75312, 2.10024, 0, -1.75312, -2.10024, 0.263868, 0.162159, 0.785869, -0.706532, 0, 0, 0
136860, 0.350624, 0.350624, 0, -0.350624, -0.350624, 1.22696, 1.3705, 0.785869, -0.706532, 0, 0, 0
136870, 0.697742, 0.697742, 0, -0.697742, -0.697742, 0.926352, 1.06989, 0.785869, -0.706532, 0, 0, 0
136881, 1.05187, 1.04837, 0, -1.05187, -1.04837, 0.592695, 0.738991, 0.785869, -0.706532, 0, 0, 0
136890, 1.39899, 1.39899, 0, -1.39899, -1.39899, 0.236454, 0.380273, 0.785869, -0.706532, 0, 0, 0
136900, 1.05187, 0.350624, 0, -1.05187, -0.350624, 0.398251, 1.09316, 0.785869, -0.706532, 0, 0, 0
136910, 0.350624, 0, 0, -0.350624, 0, 0.865888, 1.34089, 0.785869, -0.706532, 0, 0, 0
136921, 0.701248, 0.701248, 0, -0.701248, -0.701248, 0.562526, 0.789797, 0.785869, -0.706532, 0, 0, 0
136931, 0.697742, 1.04837, 0, -0.697742, -1.04837, 0.509646, 0.461373, 0.785869, -0.706532, 0, 0, 0
136940, 0.701248, 0.701248, 0, -0.701248, -0.701248, 0.451534, 0.650988, 0.785869, -0.706532, 0, 0, 0
136950, 0.701248, 0.350624, 0, -0.701248, -0.350624, 0.395899, 0.870897, 0.785869, -0.706532, 0, 0, 0
136961, 0.701248, 0.350624, 0, -0.701248, -0.350624, 0.340264, 0.84308, 0.785869, -0.706532, 0, 0, 0
136971, 0.347118, 1.04837, 0, -0.347118, -1.04837, 0.562929, 0.266929, 0.785869, -0.706532, 0, 0, 0
136980, 0.350624, 0.350624, 0, -0.350624, -0.350624, 0.532635, 0.732088, 0.785869, -0.706532, 0, 0, 0
136990, 0.350624, 0.350624, 0, -0.350624, -0.350624, 0.504817, 0.704271, 0.785869, -0.706532, 0, 0, 0
137000, 0.701248, 0.350624, 0, -0.701248, -0.350624, 0.201455, 0.676453, 0.785869, -0.706532, 0, 0, 0
137011, 0.347118, 0.697742, 0, -0.347118, -0.697742, 0.42412, 0.375847, 0.785869, -0.706532, 0, 0, 0
137020, 0.350624, 0.347118, 0, -0.350624, -0.347118, 0.393826, 0.596034, 0.785869, -0.706532, 0, 0, 0
137030, 0.350624, 0.701248, 0, -0.350624, -0.701248, 0.366008, 0.290195, 0.785869, -0.706532, 0, 0, 0
137040, 0.350624, 0.350624, 0, -0.350624, -0.350624, 0.338191, 0.510105, 0.785869, -0.706532, 0, 0, 0
137051, 0.347118, 0, 0, -0.347118, 0, 0.313129, 0.757832, 0.785869, -0.706532, 0, 0, 0
137060, 0, 0.350624, 0, 0, -0.350624, 0.558378, 0.482287, 0.785869, -0.706532, 0, 0, 0
137070, 0.350624, 0.347118, 0, -0.350624, -0.347118, 0.282834, 0.457225, 0.785869, -0.706532, 0, 0, 0
137080, 0.350624, 0.350624, 0, -0.350624, -0.350624, 0.255016, 0.426931, 0.785869, -0.706532, 0, 0, 0
137091, 0.350624, 0.350624, 0, -0.350624, -0.350624, 0.227199, 0.399113, 0.785869, -0.706532, 0, 0, 0
137100, 0, 0.350624, 0, 0, -0.350624, 0.474926, 0.371296, 0.785869, -0.706532, 0, 0, 0
137110, 0, 0, 0, 0, 0, 0.474926, 0.619023, 0.785869, -0.706532, 0, 0, 0
137120, 0.350624, 0.347118, 0, -0.350624, -0.347118, 0.199382, 0.346234, 0.785869, -0.706532, 0, 0, 0
137131, 0.350624, 0, 0, -0.350624, 0, 0.171564, 0.591483, 0.785869, -0.706532, 0, 0, 0
137141, 0, 0.350624, 0, 0, -0.350624, 0.419291, 0.315939, 0.785869, -0.706532, 0, 0, 0
137150, 0, 0, 0, 0, 0, 0.419291, 0.563666, 0.785869, -0.706532, 0, 0, 0
137160, 0.350624, 0.347118, 0, -0.350624, -0.347118, 0.143747, 0.290877, 0.785869, -0.706532, 0, 0, 0
137170, 0, 0, 0, 0, 0, 0.391474, 0.536127, 0.785869, -0.706532, 0, 0, 0
137181, 0.347118, 0, 0, -0.347118, 0, 0.118685, 0.536127, 0.785869, -0.706532, 0, 0, 0
137190, 0, 0.350624, 0, 0, -0.350624, 0.363934, 0.260582, 0.785869, -0.706532, 0, 0, 0
137200, 0, 0.350624, 0, 0, -0.350624, 0.363934, 0.232765, 0.785869, -0.706532, 0, 0, 0
137210, 0.350624, 0, 0, -0.350624, 0, 0.0883898, 0.480492, 0.785869, -0.706532, 0, 0, 0
137221, 0, 0, 0, 0, 0, 0.336117, 0.480492, 0.785869, -0.706532, 0, 0, 0
137230, 0, 0, 0, 0, 0, 0.336117, 0.480492, 0.785869, -0.706532, 0, 0, 0
137240, 0, 0, 0, 0, 0, 0.336117, 0.480492, 0.785869, -0.706532, 0, 0, 0
137250, 0.347118, 0, 0, -0.347118, 0, 0.0633278, 0.480492, 0.785869, -0.706532, 0, 0, 0
137261, 0, 0.350624, 0, 0, -0.350624, 0.308578, 0.204947, 0.785869, -0.706532, 0, 0, 0
137270, 0, 0, 0, 0, 0, 0.308578, 0.452674, 0.785869, -0.706532, 0, 0, 0
137280, 0, 0, 0, 0, 0, 0.308578, 0.452674, 0.785869, -0.706532, 0, 0, 0
137290, 0, 0, 0, 0, 0, 0.308578, 0.452674, 0.785869, -0.706532, 0, 0, 0
137300, 0, 0.350624, 0, 0, -0.350624, 0.308578, 0.17713, 0.785869, -0.706532, 0, 0, 0
137311, 0, 0, 0, 0, 0, 0.308578, 0.424857, 0.785869, -0.706532, 0, 0, 0
137320, 0, 0, 0, 0, 0, 0.308578, 0.424857, 0.785869, -0.706532, 0, 0, 0
137330, 0, 0, 0, 0, 0, 0.308578, 0.424857, 0.785869, -0.706532, 0, 0, 0
137340, 0, 0, 0, 0, 0, 0.308578, 0.424857, 0.785869, -0.706532, 0, 0, 0
137351, 0, 0, 0, 0, 0, 0.308578, 0.424857, 0.785869, -0.706532, 0, 0, 0
137360, 0, 0, 0, 0, 0, 0.308578, 0.424857, 0.785869, -0.706532, 0, 0, 0
137370, 0, 0, 0, 0, 0, 0.308578, 0.424857, 0.785869, -0.706532, 0, 0, 0
137380, 0, 0, 0, 0, 0, 0.308578, 0.424857, 0.785869, -0.706532, 0, 0, 0
137391, 0, 0, 0, 0, 0, 0.308578, 0.424857, 0.785869, -0.706532, 0, 0, 0
137400, 0, 0, 0, 0, 0, 0.308578, 0.424857, 0.785869, -0.706532, 0, 0, 0
137410, 0, 0, 0, 0, 0, 0.308578, 0.424857, 0.785869, -0.706532, 0, 0, 0
137420, 0, 0, 0, 0, 0, 0.308578, 0.424857, 0.785869, -0.706532, 0, 0, 0
137431, 0, 0, 0, 0, 0, 0.308578, 0.424857, 0.785869, -0.706532, 0, 0, 0
137440, 0, 0, 0, 0, 0, 0.308578, 0.424857, 0.785869, -0.706532, 0, 0, 0
137450, 0, 0, 0, 0, 0, 0.308578, 0.424857, 0.785869, -0.706532, 0, 0, 0
137460, 0, 0, 0, 0, 0, 0.308578, 0.424857, 0.785869, -0.706532, 0, 0, 0
137470, 0, 0, 0, 0, 0, 0.308578, 0.424857, 0.785869, -0.706532, 0, 0, 0
137481, 0, 0, 0, 0, 0, 0.308578, 0.424857, 0.785869, -0.706532, 0, 0, 0
137490, 0, 0, 0, 0, 0, 0.308578, 0.424857, 0.785869, -0.706532, 0, 0, 0
137500, 0, 0, 0, 0, 0, 0.308578, 0.424857, 0.785869, -0.706532, 0, 0, 0
137510, 0, 0, 0, 0, 0, 0.308578, 0.424857, 0.785869, -0.706532, 0, 0, 0
137521, 0, 0, 0, 0, 0, 0.308578, 0.424857, 0.785869, -0.706532, 0, 0, 0
137530, 0, 0, 0, 0, 0, 0.308578, 0.424857, 0.785869, -0.706532, 0, 0, 0
137540, 0, 0, 0, 0, 0, 0.308578, 0.424857, 0.785869, -0.706532, 0, 0, 0
137550, 0, 0, 0, 0, 0, 0.308578, 0.424857, 0.785869, -0.706532, 0, 0, 0
137561, 0, 0, 0, 0, 0, 0.308578, 0.424857, 0.785869, -0.706532, 0, 0, 0
137570, 0, 0, 0, 0, 0, 0.308578, 0.424857, 0.785869, -0.706532, 0, 0, 0
137580, 0, 0, 0, 0, 0, 0.308578, 0.424857, 0.785869, -0.706532, 0, 0, 0
137590, 0, 0, 0, 0, 0, 0.308578, 0.424857, 0.785869, -0.706532, 0, 0, 0
137601, 0, 0, 0, 0, 0, 0.308578, 0.424857, 0.785869, -0.706532, 0, 0, 0
137610, 0, 0, 0, 0, 0, 0.308578, 0.424857, 0.785869, -0.706532, 0, 0, 0
137620, 0, 0, 0, 0, 0, 0.308578, 0.424857, 0.785869, -0.706532, 0, 0, 0
137630, -0.350624, 0, 0, 0.350624, 0, 0.584122, 0.424857, 0.785869, -0.706532, 0, 0, 0
137640, 0, 0, 0, 0, 0, 0.336395, 0.424857, 0.785869, -0.706532, 0, 0, 0
137651, 0, -0.347118, 0, 0, 0.347118, 0.336395, 0.697646, 0.785869, -0.706532, 0, 0, 0
137660, 0, 0, 0, 0, 0, 0.336395, 0.452396, 0.785869, -0.706532, 0, 0, 0
137670, -0.350624, 0, 0, 0.350624, 0, 0.61194, 0.452396, 0.785869, -0.706532, 0, 0, 0
137680, 0, 0, 0, 0, 0, 0.364213, 0.452396, 0.785869, -0.706532, 0, 0, 0
137691, 0, 0, 0, 0, 0, 0.364213, 0.452396, 0.785869, -0.706532, 0, 0, 0
137700, 0, 0, 0, 0, 0, 0.364213, 0.452396, 0.785869, -0.706532, 0, 0, 0
137710, 0, 0, 0, 0, 0, 0.364213, 0.452396, 0.785869, -0.706532, 0, 0, 0
137720, -0.350624, 0, 0, 0.350624, 0, 0.639757, 0.452396, 0.785869, -0.706532, 0, 0, 0
137731, 0, 0, 0, 0, 0, 0.39203, 0.452396, 0.785869, -0.706532, 0, 0, 0
137740, 0, 0, 0, 0, 0, 0.39203, 0.452396, 0.785869, -0.706532, 0, 0, 0
137750, 0, 0, 0, 0, 0, 0.39203, 0.452396, 0.785869, -0.706532, 0, 0, 0
137760, 0, -0.350624, 0, 0, 0.350624, 0.39203, 0.727941, 0.785869, -0.706532, 0, 0, 0
137771, -0.347118, 0, 0, 0.347118, 0, 0.664819, 0.480214, 0.785869, -0.706532, 0, 0, 0
137781, 0, 0, 0, 0, 0, 0.419569, 0.480214, 0.785869, -0.706532, 0, 0, 0
137790, -0.350624, 0, 0, 0.350624, 0, 0.695114, 0.480214, 0.785869, -0.706532, 0, 0, 0
137800, -0.347118, -0.347118, 0, 0.347118, 0.347118, 0.720176, 0.753003, 0.785869, -0.706532, 0, 0, 0
137810, -0.350624, 0, 0, 0.350624, 0, 0.750471, 0.507753, 0.785869, -0.706532, 0, 0, 0
137821, 0, 0, 0, 0, 0, 0.502743, 0.507753, 0.785869, -0.706532, 0, 0, 0
137830, 0, 0, 0, 0, 0, 0.502743, 0.507753, 0.785869, -0.706532, 0, 0, 0
137840, 0, 0, 0, 0, 0, 0.502743, 0.507753, 0.785869, -0.706532, 0, 0, 0
137850, -0.347118, 0, 0, 0.347118, 0, 0.775533, 0.507753, 0.785869, -0.706532, 0, 0, 0
137861, -0.350624, 0, 0, 0.350624, 0, 0.805827, 0.507753, 0.785869, -0.706532, 0, 0, 0
137870, 0, 0, 0, 0, 0, 0.5581, 0.507753, 0.785869, -0.706532, 0, 0, 0
137880, 0, 0, 0, 0, 0, 0.5581, 0.507753, 0.785869, -0.706532, 0, 0, 0
137890, 0, 0, 0, 0, 0, 0.5581, 0.507753, 0.785869, -0.706532, 0, 0, 0
137901, -0.350624, 0, 0, 0.350624, 0, 0.833645, 0.507753, 0.785869, -0.706532, 0, 0, 0
137911, -0.347118, 0, 0, 0.347118, 0, 0.858707, 0.507753, 0.785869, -0.706532, 0, 0, 0
137920, 0, 0, 0, 0, 0, 0.613457, 0.507753, 0.785869, -0.706532, 0, 0, 0
137930, 0, -0.350624, 0, 0, 0.350624, 0.613457, 0.783297, 0.785869, -0.706532, 0, 0, 0
137940, 0, 0, 0, 0, 0, 0.613457, 0.53557, 0.785869, -0.706532, 0, 0, 0
137951, 0, 0, 0, 0, 0, 0.613457, 0.53557, 0.785869, -0.706532, 0, 0, 0
137960, 0, 0, 0, 0, 0, 0.613457, 0.53557, 0.785869, -0.706532, 0, 0, 0
137970, 0, 0, 0, 0, 0, 0.613457, 0.53557, 0.785869, -0.706532, 0, 0, 0
137980, 0, 0, 0, 0, 0, 0.613457, 0.53557, 0.785869, -0.706532, 0, 0, 0
137991, 0, 0, 0, 0, 0, 0.613457, 0.53557, 0.785869, -0.706532, 0, 0, 0
138000, 0, 0, 0, 0, 0, 0.613457, 0.53557, 0.785869, -0.706532, 0, 0, 0
138010, 0, 0, 0, 0, 0, 0.613457, 0.53557, 0.785869, -0.706532, 0, 0, 0
138020, 0, 0, 0, 0, 0, 0.613457, 0.53557, 0.785869, -0.706532, 0, 0, 0
138031, 0, 0, 0, 0, 0, 0.613457, 0.53557, 0.785869, -0.706532, 0, 0, 0
138040, -0.347118, 0, 0, 0.347118, 0, 0.886246, 0.53557, 0.785869, -0.706532, 0, 0, 0
138050, 0, 0, 0, 0, 0, 0.640996, 0.53557, 0.785869, -0.706532, 0, 0, 0
138060, 0, 0, 0, 0, 0, 0.640996, 0.53557, 0.785869, -0.706532, 0, 0, 0
138071, 0, 0, 0, 0, 0, 0.640996, 0.53557, 0.785869, -0.706532, 0, 0, 0
138080, 0, 0, 0, 0, 0, 0.640996, 0.53557, 0.785869, -0.706532, 0, 0, 0
138090, 0, 0, 0, 0, 0, 0.640996, 0.53557, 0.785869, -0.706532, 0, 0, 0
138100, 0, 0, 0, 0, 0, 0.640996, 0.53557, 0.785869, -0.706532, 0, 0, 0
138110, -0.350624, 0, 0, 0.350624, 0, 0.916541, 0.53557, 0.785869, -0.706532, 0, 0, 0
138121, 0, 0, 0, 0, 0, 0.668814, 0.53557, 0.785869, -0.706532, 0, 0, 0
138130, 0, 0, 0, 0, 0, 0.668814, 0.53557, 0.785869, -0.706532, 0, 0, 0
138140, 0, 0, 0, 0, 0, 0.668814, 0.53557, 0.785869, -0.706532, 0, 0, 0
138150, 0, 0, 0, 0, 0, 0.668814, 0.53557, 0.785869, -0.706532, 0, 0, 0
138161, 0, 0, 0, 0, 0, 0.668814, 0.53557, 0.785869, -0.706532, 0, 0, 0
138170, 0, 0, 0, 0, 0, 0.668814, 0.53557, 0.785869, -0.706532, 0, 0, 0
138180, 0, 0, 0, 0, 0, 0.668814, 0.53557, 0.785869, -0.706532, 0, 0, 0
138190, -0.350624, 0, 0, 0.350624, 0, 0.944358, 0.53557, 0.785869, -0.706532, 0, 0, 0
138201, 0, 0, 0, 0, 0, 0.696631, 0.53557, 0.785869, -0.706532, 0, 0, 0
138210, 0, 0, 0, 0, 0, 0.696631, 0.53557, 0.785869, -0.706532, 0, 0, 0
138220, 0, 0, 0, 0, 0, 0.696631, 0.53557, 0.785869, -0.706532, 0, 0, 0
138230, 0, 0, 0, 0, 0, 0.696631, 0.53557, 0.785869, -0.706532, 0, 0, 0
138241, 0, 0, 0, 0, 0, 0.696631, 0.53557, 0.785869, -0.706532, 0, 0, 0
138250, 0, 0, 0, 0, 0, 0.696631, 0.53557, 0.785869, -0.706532, 0, 0, 0
138260, 0, 0, 0, 0, 0, 0.696631, 0.53557, 0.785869, -0.706532, 0, 0, 0
138270, -0.347118, 0, 0, 0.347118, 0, 0.96942, 0.53557, 0.785869, -0.706532, 0, 0, 0
138280, 0, 0, 0, 0, 0, 0.724171, 0.53557, 0.785869, -0.706532, 0, 0, 0
138291, 0, 0, 0, 0, 0, 0.724171, 0.53557, 0.785869, -0.706532, 0, 0, 0
138300, 0, 0, 0, 0, 0, 0.724171, 0.53557, 0.785869, -0.706532, 0, 0, 0
138310, 0, 0, 0, 0, 0, 0.724171, 0.53557, 0.785869, -0.706532, 0, 0, 0
138320, 0, 0, 0, 0, 0, 0.724171, 0.53557, 0.785869, -0.706532, 0, 0, 0
138331, 0, -0.347118, 0, 0, 0.347118, 0.724171, 0.808359, 0.785869, -0.706532, 0, 0, 0
138340, 0, 0, 0, 0, 0, 0.724171, 0.56311, 0.785869, -0.706532, 0, 0, 0
138350, 0, 0, 0, 0, 0, 0.724171, 0.56311, 0.785869, -0.706532, 0, 0, 0
138360, 0, 0, 0, 0, 0, 0.724171, 0.56311, 0.785869, -0.706532, 0, 0, 0
138371, 0, 0, 0, 0, 0, 0.724171, 0.56311, 0.785869, -0.706532, 0, 0, 0
138380, 0, 0, 0, 0, 0, 0.724171, 0.56311, 0.785869, -0.706532, 0, 0, 0
138390, 0, 0, 0, 0, 0, 0.724171, 0.56311, 0.785869, -0.706532, 0, 0, 0
138400, -0.350624, -0.347118, 0, 0.350624, 0.347118, 0.999715, 0.835899, 0.785869, -0.706532, 0, 0, 0
138411, 0, 0, 0, 0, 0, 0.751988, 0.590649, 0.785869, -0.706532, 0, 0, 0
138421, 0, -0.347118, 0, 0, 0.347118, 0.751988, 0.863438, 0.785869, -0.706532, 0, 0, 0
138430, 0, 0, 0, 0, 0, 0.751988, 0.618188, 0.785869, -0.706532, 0, 0, 0
138440, 0, 0, 0, 0, 0, 0.751988, 0.618188, 0.785869, -0.706532, 0, 0, 0
138450, 0, 0, 0, 0, 0, 0.751988, 0.618188, 0.785869, -0.706532, 0, 0, 0
138461, -0.347118, 0, 0, 0.347118, 0, 1.02478, 0.618188, 0.785869, -0.706532, 0, 0, 0
138470, 0, 0, 0, 0, 0, 0.779527, 0.618188, 0.785869, -0.706532, 0, 0, 0
138480, 0, 0, 0, 0, 0, 0.779527, 0.618188, 0.785869, -0.706532, 0, 0, 0
138490, 0, 0, 0, 0, 0, 0.779527, 0.618188, 0.785869, -0.706532, 0, 0, 0
138501, 0, 0, 0, 0, 0, 0.779527, 0.618188, 0.785869, -0.706532, 0, 0, 0
138510, 0, 0, 0, 0, 0, 0.779527, 0.618188, 0.785869, -0.706532, 0, 0, 0
138520, 0, 0, 0, 0, 0, 0.779527, 0.618188, 0.785869, -0.706532, 0, 0, 0
138530, 0, 0, 0, 0, 0, 0.779527, 0.618188, 0.785869, -0.706532, 0, 0, 0
138541, 0, 0, 0, 0, 0, 0.779527, 0.618188, 0.785869, -0.706532, 0, 0, 0
138551, 0, -0.347118, 0, 0, 0.347118, 0.779527, 0.890977, 0.785869, -0.706532, 0, 0, 0
138560, 0, 0, 0, 0, 0, 0.779527, 0.645728, 0.785869, -0.706532, 0, 0, 0
138570, -0.347118, 0, 0, 0.347118, 0, 1.05232, 0.645728, 0.785869, -0.706532, 0, 0, 0
138580, 0, 0, 0, 0, 0, 0.807067, 0.645728, 0.785869, -0.706532, 0, 0, 0
138591, 0, 0, 0, 0, 0, 0.807067, 0.645728, 0.785869, -0.706532, 0, 0, 0
138600, 0, 0, 0, 0, 0, 0.807067, 0.645728, 0.785869, -0.706532, 0, 0, 0
138610, 0, 0, 0, 0, 0, 0.807067, 0.645728, 0.785869, -0.706532, 0, 0, 0
138620, 0, 0, 0, 0, 0, 0.807067, 0.645728, 0.785869, -0.706532, 0, 0, 0
138631, -0.347118, 0, 0, 0.347118, 0, 1.07986, 0.645728, 0.785869, -0.706532, 0, 0, 0
138640, 0, 0, 0, 0, 0, 0.834606, 0.645728, 0.785869, -0.706532, 0, 0, 0
138650, 0, 0, 0, 0, 0, 0.834606, 0.645728, 0.785869, -0.706532, 0, 0, 0
138660, -0.347118, 0, 0, 0.347118, 0, 1.10739, 0.645728, 0.785869, -0.706532, 0, 0, 0
138671, 0, 0, 0, 0, 0, 0.862145, 0.645728, 0.785869, -0.706532, 0, 0, 0
138680, 0, 0, 0, 0, 0, 0.862145, 0.645728, 0.785869, -0.706532, 0, 0, 0
138690, 0, 0, 0, 0, 0, 0.862145, 0.645728, 0.785869, -0.706532, 0, 0, 0
138700, 0, 0, 0, 0, 0, 0.862145, 0.645728, 0.785869, -0.706532, 0, 0, 0
138711, 0, 0, 0, 0, 0, 0.862145, 0.645728, 0.785869, -0.706532, 0, 0, 0
138720, 0, 0, 0, 0, 0, 0.862145, 0.645728, 0.785869, -0.706532, 0, 0, 0
138730, 0, 0, 0, 0, 0, 0.862145, 0.645728, 0.785869, -0.706532, 0, 0, 0
138740, 0, 0, 0, 0, 0, 0.862145, 0.645728, 0.785869, -0.706532, 0, 0, 0
138750, 0, 0, 0, 0, 0, 0.862145, 0.645728, 0.785869, -0.706532, 0, 0, 0
138761, 0, 0, 0, 0, 0, 0.862145, 0.645728, 0.785869, -0.706532, 0, 0, 0
138770, 0, 0, 0, 0, 0, 0.862145, 0.645728, 0.785869, -0.706532, 0, 0, 0
138780, 0, 0, 0, 0, 0, 0.862145, 0.645728, 0.785869, -0.706532, 0, 0, 0
138790, 0, 0, 0, 0, 0, 0.862145, 0.645728, 0.785869, -0.706532, 0, 0, 0
138801, 0, 0, 0, 0, 0, 0.862145, 0.645728, 0.785869, -0.706532, 0, 0, 0
138810, 0, 0, 0, 0, 0, 0.862145, 0.645728, 0.785869, -0.706532, 0, 0, 0
138820, 0, 0, 0, 0, 0, 0.862145, 0.645728, 0.785869, -0.706532, 0, 0, 0
138830, 0, 0, 0, 0, 0, 0.862145, 0.645728, 0.785869, -0.706532, 0, 0, 0
138841, 0, 0, 0, 0, 0, 0.862145, 0.645728, 0.785869, -0.706532, 0, 0, 0
138850, 0, 0, 0, 0, 0, 0.862145, 0.645728, 0.785869, -0.706532, 0, 0, 0
138860, 0, 0, 0, 0, 0, 0.862145, 0.645728, 0.785869, -0.706532, 0, 0, 0
138870, 0, 0, 0, 0, 0, 0.862145, 0.645728, 0.785869, -0.706532, 0, 0, 0
138881, 0, 0, 0, 0, 0, 0.862145, 0.645728, 0.785869, -0.706532, 0, 0, 0
138890, 0, 0, 0, 0, 0, 0.862145, 0.645728, 0.785869, -0.706532, 0, 0, 0
138900, 0, 0, 0, 0, 0, 0.862145, 0.645728, 0.785869, -0.706532, 0, 0, 0
138910, 0, 0, 0, 0, 0, 0.862145, 0.645728, 0.785869, -0.706532, 0, 0, 0
138920, 0, 0, 0, 0, 0, 0.862145, 0.645728, 0.785869, -0.706532, 0, 0, 0
138931, 0, 0, 0, 0, 0, 0.862145, 0.645728, 0.785869, -0.706532, 0, 0, 0
138940, 0, 0, 0, 0, 0, 0.862145, 0.645728, 0.785869, -0.706532, 0, 0, 0
138950, 0, 0, 0, 0, 0, 0.862145, 0.645728, 0.785869, -0.706532, 0, 0, 0
138960, 0, 0, 0, 0, 0, 0.862145, 0.645728, 0.785869, -0.706532, 0, 0, 0
138971, 0, 0, 0, 0, 0, 0.862145, 0.645728, 0.785869, -0.706532, 0, 0, 0
138980, 0, 0, 0, 0, 0, 0.862145, 0.645728, 0.785869, -0.706532, 0, 0, 0
138990, 0, 0, 0, 0, 0, 0.862145, 0.645728, 0.785869, -0.706532, 0, 0, 0
139000, 0, 0, 0, 0, 0, 0.862145, 0.645728, 0.785869, -0.706532, 0, 0, 0
139011, 0.347118, 0.347118, 0, -0.347118, -0.347118, 0.589356, 0.372938, 0.785869, -0.706532, 0, 0, 0
139021, 0.697742, 0.347118, 0, -0.697742, -0.347118, 0.286272, 0.345399, 0.785869, -0.706532, 0, 0, 0
139030, 0.701248, 0.350624, 0, -0.701248, -0.350624, 0.22816, 0.315104, 0.785869, -0.706532, 0, 0, 0
139040, 0.350624, 0.350624, 0, -0.350624, -0.350624, 0.44807, 0.287287, 0.785869, -0.706532, 0, 0, 0
139051, 0.347118, 0.347118, 0, -0.347118, -0.347118, 0.423008, 0.262225, 0.785869, -0.706532, 0, 0, 0
139061, 0, 0.350624, 0, 0, -0.350624, 0.668257, 0.23193, 0.785869, -0.706532, 0, 0, 0
139070, 0.350624, 0, 0, -0.350624, 0, 0.392713, 0.479657, 0.785869, -0.706532, 0, 0, 0
139080, 0.701248, 0.350624, 0, -0.701248, -0.350624, 0.089351, 0.204113, 0.785869, -0.706532, 0, 0, 0
139090, 0.347118, 0.347118, 0, -0.347118, -0.347118, 0.312016, 0.179051, 0.785869, -0.706532, 0, 0, 0
139101, 0.350624, 0, 0, -0.350624, 0, 0.281721, 0.4243, 0.785869, -0.706532, 0, 0, 0
139110, 0, 0, 0, 0, 0, 0.529448, 0.4243, 0.785869, -0.706532, 0, 0, 0
139120, 0, 0, 0, 0, 0, 0.529448, 0.4243, 0.785869, -0.706532, 0, 0, 0
139130, 0.347118, 0.694236, 0, -0.347118, -0.694236, 0.256659, -0.121278, 0.785869, -0.706532, 0, 0, 0
139141, 0, 0.350624, 0, 0, -0.350624, 0.501909, 0.0936774, 0.785869, -0.706532, 0, 0, 0
139150, 0.350624, 0, 0, -0.350624, 0, 0.226364, 0.341404, 0.785869, -0.706532, 0, 0, 0
139160, 0, 0, 0, 0, 0, 0.474092, 0.341404, 0.785869, -0.706532, 0, 0, 0
139170, 0.350624, 0, 0, -0.350624, 0, 0.198547, 0.341404, 0.785869, -0.706532, 0, 0, 0
139181, 0, 0.350624, 0, 0, -0.350624, 0.446274, 0.0658599, 0.785869, -0.706532, 0, 0, 0
139190, 0, 0, 0, 0, 0, 0.446274, 0.313587, 0.785869, -0.706532, 0, 0, 0
139200, 0.350624, 0, 0, -0.350624, 0, 0.17073, 0.313587, 0.785869, -0.706532, 0, 0, 0
139210, 0, 0.350624, 0, 0, -0.350624, 0.418457, 0.0380425, 0.785869, -0.706532, 0, 0, 0
139220, 0, 0, 0, 0, 0, 0.418457, 0.28577, 0.785869, -0.706532, 0, 0, 0
139231, 0.347118, 0, 0, -0.347118, 0, 0.145668, 0.28577, 0.785869, -0.706532, 0, 0, 0
139240, 0, 0, 0, 0, 0, 0.390917, 0.28577, 0.785869, -0.706532, 0, 0, 0
139250, 0, 0.350624, 0, 0, -0.350624, 0.390917, 0.010225, 0.785869, -0.706532, 0, 0, 0
139260, 0, 0, 0, 0, 0, 0.390917, 0.257952, 0.785869, -0.706532, 0, 0, 0
139271, 0, 0, 0, 0, 0, 0.390917, 0.257952, 0.785869, -0.706532, 0, 0, 0
139280, 0, 0, 0, 0, 0, 0.390917, 0.257952, 0.785869, -0.706532, 0, 0, 0
139290, 0.347118, 0, 0, -0.347118, 0, 0.118128, 0.257952, 0.785869, -0.706532, 0, 0, 0
139300, 0, 0, 0, 0, 0, 0.363378, 0.257952, 0.785869, -0.706532, 0, 0, 0
139311, 0, 0, 0, 0, 0, 0.363378, 0.257952, 0.785869, -0.706532, 0, 0, 0
139320, 0, 0, 0, 0, 0, 0.363378, 0.257952, 0.785869, -0.706532, 0, 0, 0
139330, 0, 0, 0, 0, 0, 0.363378, 0.257952, 0.785869, -0.706532, 0, 0, 0
139340, 0, 0, 0, 0, 0, 0.363378, 0.257952, 0.785869, -0.706532, 0, 0, 0
139351, 0, 0, 0, 0, 0, 0.363378, 0.257952, 0.785869, -0.706532, 0, 0, 0
139360, 0, 0, 0, 0, 0, 0.363378, 0.257952, 0.785869, -0.706532, 0, 0, 0
139370, 0, 0, 0, 0, 0, 0.363378, 0.257952, 0.785869, -0.706532, 0, 0, 0
139380, 0, 0, 0, 0, 0, 0.363378, 0.257952, 0.785869, -0.706532, 0, 0, 0
139390, 0, 0, 0, 0, 0, 0.363378, 0.257952, 0.785869, -0.706532, 0, 0, 0
139401, 0, 0.347118, 0, 0, -0.347118, 0.363378, -0.014837, 0.785869, -0.706532, 0, 0, 0
139410, 0, 0, 0, 0, 0, 0.363378, 0.230413, 0.785869, -0.706532, 0, 0, 0
139420, 0, 0, 0, 0, 0, 0.363378, 0.230413, 0.785869, -0.706532, 0, 0, 0
139430, 0, 0, 0, 0, 0, 0.363378, 0.230413, 0.785869, -0.706532, 0, 0, 0
139441, 0, 0, 0, 0, 0, 0.363378, 0.230413, 0.785869, -0.706532, 0, 0, 0
139450, 0, 0, 0, 0, 0, 0.363378, 0.230413, 0.785869, -0.706532, 0, 0, 0
139460, 0, 0, 0, 0, 0, 0.363378, 0.230413, 0.785869, -0.706532, 0, 0, 0
139470, 0, 0, 0, 0, 0, 0.363378, 0.230413, 0.785869, -0.706532, 0, 0, 0
139481, 0, 0, 0, 0, 0, 0.363378, 0.230413, 0.785869, -0.706532, 0, 0, 0
139490, 0.350624, 0, 0, -0.350624, 0, 0.0878335, 0.230413, 0.785869, -0.706532, 0, 0, 0
139500, 0, 0, 0, 0, 0, 0.335561, 0.230413, 0.785869, -0.706532, 0, 0, 0
139510, 0, 0, 0, 0, 0, 0.335561, 0.230413, 0.785869, -0.706532, 0, 0, 0
139521, 0, 0, 0, 0, 0, 0.335561, 0.230413, 0.785869, -0.706532, 0, 0, 0
139530, 0, 0, 0, 0, 0, 0.335561, 0.230413, 0.785869, -0.706532, 0, 0, 0
139540, 0, 0, 0, 0, 0, 0.335561, 0.230413, 0.785869, -0.706532, 0, 0, 0
139550, 0, 0, 0, 0, 0, 0.335561, 0.230413, 0.785869, -0.706532, 0, 0, 0
139560, 0, 0, 0, 0, 0, 0.335561, 0.230413, 0.785869, -0.706532, 0, 0, 0
139571, 0, 0, 0, 0, 0, 0.335561, 0.230413, 0.785869, -0.706532, 0, 0, 0
139580, 0, 0, 0, 0, 0, 0.335561, 0.230413, 0.785869, -0.706532, 0, 0, 0
139590, 0, 0, 0, 0, 0, 0.335561, 0.230413, 0.785869, -0.706532, 0, 0, 0
139600, 0, 0, 0, 0, 0, 0.335561, 0.230413, 0.785869, -0.706532, 0, 0, 0
139611, 0, 0, 0, 0, 0, 0.335561, 0.230413, 0.785869, -0.706532, 0, 0, 0
139620, 0, 0, 0, 0, 0, 0.335561, 0.230413, 0.785869, -0.706532, 0, 0, 0
139630, 0, 0, 0, 0, 0, 0.335561, 0.230413, 0.785869, -0.706532, 0, 0, 0
139640, 0, 0, 0, 0, 0, 0.335561, 0.230413, 0.785869, -0.706532, 0, 0, 0
139651, 0, 0, 0, 0, 0, 0.335561, 0.230413, 0.785869, -0.706532, 0, 0, 0
139660, 0, 0, 0, 0, 0, 0.335561, 0.230413, 0.785869, -0.706532, 0, 0, 0
139670, 0, 0, 0, 0, 0, 0.335561, 0.230413, 0.785869, -0.706532, 0, 0, 0
139680, 0, 0, 0, 0, 0, 0.335561, 0.230413, 0.785869, -0.706532, 0, 0, 0
139691, 0, 0, 0, 0, 0, 0.335561, 0.230413, 0.785869, -0.706532, 0, 0, 0
139700, 0, 0, 0, 0, 0, 0.335561, 0.230413, 0.785869, -0.706532, 0, 0, 0
139710, 0, 0, 0, 0, 0, 0.335561, 0.230413, 0.785869, -0.706532, 0, 0, 0
139720, 0, 0, 0, 0, 0, 0.335561, 0.230413, 0.785869, -0.706532, 0, 0, 0
