QGPIORecord, QRC v6.1.0, 30-11-2021 @ 00:59:27, Windows 10 Version 2009, 10.0.19042, x86_64
Time, yA, yB, r, eA, eB, uA, uB, C, D, ValueIn9, ValueIn10, ValueIn11
82680, 0, 0, 0, 0, 0, 0.261708, 0.30465, 0.914457, -0.790742, 0, 0, 0
82692, 0, 0, 0, 0, 0, 0.261708, 0.30465, 0.914457, -0.790742, 0, 0, 0
82700, 0, 0, 0, 0, 0, 0.261708, 0.30465, 0.914457, -0.790742, 0, 0, 0
82710, 0, 0, 0, 0, 0, 0.261708, 0.30465, 0.914457, -0.790742, 0, 0, 0
82720, 0, 0, 0, 0, 0, 0.261708, 0.30465, 0.914457, -0.790742, 0, 0, 0
82731, 0, 0, 0, 0, 0, 0.261708, 0.30465, 0.914457, -0.790742, 0, 0, 0
82740, 0, 0, 0, 0, 0, 0.261708, 0.30465, 0.914457, -0.790742, 0, 0, 0
82750, 0, 0, 0, 0, 0, 0.261708, 0.30465, 0.914457, -0.790742, 0, 0, 0
82760, 0, 0, 0, 0, 0, 0.261708, 0.30465, 0.914457, -0.790742, 0, 0, 0
82770, 0, 0, 0, 0, 0, 0.261708, 0.30465, 0.914457, -0.790742, 0, 0, 0
82780, 0, 0, 0, 0, 0, 0.261708, 0.30465, 0.914457, -0.790742, 0, 0, 0
82790, 0, 0, 0, 0, 0, 0.261708, 0.30465, 0.914457, -0.790742, 0, 0, 0
82800, 0, 0, 0, 0, 0, 0.261708, 0.30465, 0.914457, -0.790742, 0, 0, 0
82810, 0, 0, 0, 0, 0, 0.261708, 0.30465, 0.914457, -0.790742, 0, 0, 0
82820, 0, 0, 0, 0, 0, 0.261708, 0.30465, 0.914457, -0.790742, 0, 0, 0
82830, 0, 0, 0, 0, 0, 0.261708, 0.30465, 0.914457, -0.790742, 0, 0, 0
82840, 0, 0, 0, 0, 0, 0.261708, 0.30465, 0.914457, -0.790742, 0, 0, 0
82850, 0, 0, 0, 0, 0, 0.261708, 0.30465, 0.914457, -0.790742, 0, 0, 0
82861, 0, 0, 0, 0, 0, 0.261708, 0.30465, 0.914457, -0.790742, 0, 0, 0
82870, 0, 0, 0, 0, 0, 0.261708, 0.30465, 0.914457, -0.790742, 0, 0, 0
82880, 0, 0, 0, 0, 0, 0.261708, 0.30465, 0.914457, -0.790742, 0, 0, 0
82890, 0, 0, 0, 0, 0, 0.261708, 0.30465, 0.914457, -0.790742, 0, 0, 0
82900, 0, 0, 0, 0, 0, 0.261708, 0.30465, 0.914457, -0.790742, 0, 0, 0
82910, 0, 0, 0, 0, 0, 0.261708, 0.30465, 0.914457, -0.790742, 0, 0, 0
82920, 0, 0, 0, 0, 0, 0.261708, 0.30465, 0.914457, -0.790742, 0, 0, 0
82930, 0, 0, 0, 0, 0, 0.261708, 0.30465, 0.914457, -0.790742, 0, 0, 0
82940, 0, 0, 0, 0, 0, 0.261708, 0.30465, 0.914457, -0.790742, 0, 0, 0
82950, 0, 0, 0, 0, 0, 0.261708, 0.30465, 0.914457, -0.790742, 0, 0, 0
82960, 0, 0, 0, 0, 0, 0.261708, 0.30465, 0.914457, -0.790742, 0, 0, 0
82970, 0, 0, 0, 0, 0, 0.261708, 0.30465, 0.914457, -0.790742, 0, 0, 0
82980, 0, 0, 0, 0, 0, 0.261708, 0.30465, 0.914457, -0.790742, 0, 0, 0
82991, 0, 0, 0, 0, 0, 0.261708, 0.30465, 0.914457, -0.790742, 0, 0, 0
83000, 0, 0, 0, 0, 0, 0.261708, 0.30465, 0.914457, -0.790742, 0, 0, 0
83010, 0, 0, 0, 0, 0, 0.261708, 0.30465, 0.914457, -0.790742, 0, 0, 0
83020, 0, 0, 0, 0, 0, 0.261708, 0.30465, 0.914457, -0.790742, 0, 0, 0
83031, 0, 0, 0, 0, 0, 0.261708, 0.30465, 0.914457, -0.790742, 0, 0, 0
83040, 0, 0, 0, 0, 0, 0.261708, 0.30465, 0.914457, -0.790742, 0, 0, 0
83050, 0, 0, 0, 0, 0, 0.261708, 0.30465, 0.914457, -0.790742, 0, 0, 0
83060, 0, 0, 0, 0, 0, 0.261708, 0.30465, 0.914457, -0.790742, 0, 0, 0
83070, 0, 0, 0, 0, 0, 0.261708, 0.30465, 0.914457, -0.790742, 0, 0, 0
83080, 0, 0, 0, 0, 0, 0.261708, 0.30465, 0.914457, -0.790742, 0, 0, 0
83090, 0, 0, 0, 0, 0, 0.261708, 0.30465, 0.914457, -0.790742, 0, 0, 0
83100, 0, 0, 0, 0, 0, 0.261708, 0.30465, 0.914457, -0.790742, 0, 0, 0
83110, 0, 0, 0, 0, 0, 0.261708, 0.30465, 0.914457, -0.790742, 0, 0, 0
83120, 0, 0, 0, 0, 0, 0.261708, 0.30465, 0.914457, -0.790742, 0, 0, 0
83130, 0, 0, 0, 0, 0, 0.261708, 0.30465, 0.914457, -0.790742, 0, 0, 0
83140, 0, 0, 0, 0, 0, 0.261708, 0.30465, 0.914457, -0.790742, 0, 0, 0
83150, 0, 0, 0, 0, 0, 0.261708, 0.30465, 0.914457, -0.790742, 0, 0, 0
83161, 0, 0, 0, 0, 0, 0.261708, 0.30465, 0.914457, -0.790742, 0, 0, 0
83170, 0, 0, 0, 0, 0, 0.261708, 0.30465, 0.914457, -0.790742, 0, 0, 0
83180, 0, 0, 0, 0, 0, 0.261708, 0.30465, 0.914457, -0.790742, 0, 0, 0
83190, 0, 0, 0, 0, 0, 0.261708, 0.30465, 0.914457, -0.790742, 0, 0, 0
83201, 0, 0, 0, 0, 0, 0.261708, 0.30465, 0.914457, -0.790742, 0, 0, 0
83210, 0, 0, 0, 0, 0, 0.261708, 0.30465, 0.914457, -0.790742, 0, 0, 0
83220, 0, 0, 0, 0, 0, 0.261708, 0.30465, 0.914457, -0.790742, 0, 0, 0
83230, 0, 0, 0, 0, 0, 0.261708, 0.30465, 0.914457, -0.790742, 0, 0, 0
83240, 0, 0, 0, 0, 0, 0.261708, 0.30465, 0.914457, -0.790742, 0, 0, 0
83250, 0, 0, 0, 0, 0, 0.261708, 0.30465, 0.914457, -0.790742, 0, 0, 0
83260, 0, 0, 0, 0, 0, 0.261708, 0.30465, 0.914457, -0.790742, 0, 0, 0
83270, 0, 0, 0, 0, 0, 0.261708, 0.30465, 0.914457, -0.790742, 0, 0, 0
83280, 0, 0, 0, 0, 0, 0.261708, 0.30465, 0.914457, -0.790742, 0, 0, 0
83290, 0, 0, 0, 0, 0, 0.261708, 0.30465, 0.914457, -0.790742, 0, 0, 0
83300, 0, 0, 0, 0, 0, 0.261708, 0.30465, 0.914457, -0.790742, 0, 0, 0
83310, 0, 0, 0, 0, 0, 0.261708, 0.30465, 0.914457, -0.790742, 0, 0, 0
83320, 0, 0, 0, 0, 0, 0.261708, 0.30465, 0.914457, -0.790742, 0, 0, 0
83331, 0, 0, 0, 0, 0, 0.261708, 0.30465, 0.914457, -0.790742, 0, 0, 0
83340, 0, 0, 0, 0, 0, 0.261708, 0.30465, 0.914457, -0.790742, 0, 0, 0
83350, 0, 0, 0, 0, 0, 0.261708, 0.30465, 0.914457, -0.790742, 0, 0, 0
83360, 0, 0, 0, 0, 0, 0.261708, 0.30465, 0.914457, -0.790742, 0, 0, 0
83371, 0, 0, 0, 0, 0, 0.261708, 0.30465, 0.914457, -0.790742, 0, 0, 0
83380, 0, 0, 0, 0, 0, 0.261708, 0.30465, 0.914457, -0.790742, 0, 0, 0
83390, 0, 0, 0, 0, 0, 0.261708, 0.30465, 0.914457, -0.790742, 0, 0, 0
83400, 0, 0, 0, 0, 0, 0.261708, 0.30465, 0.914457, -0.790742, 0, 0, 0
83410, 0, 0, 0, 0, 0, 0.261708, 0.30465, 0.914457, -0.790742, 0, 0, 0
83420, 0, 0, 0, 0, 0, 0.261708, 0.30465, 0.914457, -0.790742, 0, 0, 0
83430, 0, 0, 0, 0, 0, 0.261708, 0.30465, 0.914457, -0.790742, 0, 0, 0
83440, 0, 0, 0, 0, 0, 0.261708, 0.30465, 0.914457, -0.790742, 0, 0, 0
83450, 0, 0, 0, 0, 0, 0.261708, 0.30465, 0.914457, -0.790742, 0, 0, 0
83460, 0, 0, 0, 0, 0, 0.261708, 0.30465, 0.914457, -0.790742, 0, 0, 0
83470, 0, 0, 0, 0, 0, 0.261708, 0.30465, 0.914457, -0.790742, 0, 0, 0
83480, 0, 0, 0, 0, 0, 0.261708, 0.30465, 0.914457, -0.790742, 0, 0, 0
83490, 0, 0, 0, 0, 0, 0.261708, 0.30465, 0.914457, -0.790742, 0, 0, 0
83501, 0, 0, 0, 0, 0, 0.261708, 0.30465, 0.914457, -0.790742, 0, 0, 0
83510, 0, 0, 0, 0, 0, 0.261708, 0.30465, 0.914457, -0.790742, 0, 0, 0
83520, 0, 0, 0, 0, 0, 0.261708, 0.30465, 0.914457, -0.790742, 0, 0, 0
83530, 0, 0, 0, 0, 0, 0.261708, 0.30465, 0.914457, -0.790742, 0, 0, 0
83540, 0, 0, 0, 0, 0, 0.261708, 0.30465, 0.914457, -0.790742, 0, 0, 0
83550, 0, 0, 0, 0, 0, 0.261708, 0.30465, 0.914457, -0.790742, 0, 0, 0
83560, 0, 0, 0, 0, 0, 0.261708, 0.30465, 0.914457, -0.790742, 0, 0, 0
83570, 0, 0, 0, 0, 0, 0.261708, 0.30465, 0.914457, -0.790742, 0, 0, 0
83580, 0, 0, 0, 0, 0, 0.261708, 0.30465, 0.914457, -0.790742, 0, 0, 0
83590, 0, 0, 0, 0, 0, 0.261708, 0.30465, 0.914457, -0.790742, 0, 0, 0
83600, 0, 0, 0, 0, 0, 0.261708, 0.30465, 0.914457, -0.790742, 0, 0, 0
83610, 0, 0, 0, 0, 0, 0.261708, 0.30465, 0.914457, -0.790742, 0, 0, 0
83620, 0, 0, 0, 0, 0, 0.261708, 0.30465, 0.914457, -0.790742, 0, 0, 0
83631, 0, 0, 0, 0, 0, 0.261708, 0.30465, 0.914457, -0.790742, 0, 0, 0
83640, 0, 0, 0, 0, 0, 0.261708, 0.30465, 0.914457, -0.790742, 0, 0, 0
83650, 0, 0, 0, 0, 0, 0.261708, 0.30465, 0.914457, -0.790742, 0, 0, 0
83660, 0, 0, 0, 0, 0, 0.261708, 0.30465, 0.914457, -0.790742, 0, 0, 0
83671, 0, 0, 0, 0, 0, 0.261708, 0.30465, 0.914457, -0.790742, 0, 0, 0
83680, 0, 0, 0, 0, 0, 0.261708, 0.30465, 0.914457, -0.790742, 0, 0, 0
83690, 0, 0, 0, 0, 0, 0.261708, 0.30465, 0.914457, -0.790742, 0, 0, 0
83700, 0, 0, 0, 0, 0, 0.261708, 0.30465, 0.914457, -0.790742, 0, 0, 0
83710, 0, 0, 0, 0, 0, 0.261708, 0.30465, 0.914457, -0.790742, 0, 0, 0
83720, 0, 0, 0, 0, 0, 0.261708, 0.30465, 0.914457, -0.790742, 0, 0, 0
83730, 0, 0, 0, 0, 0, 0.261708, 0.30465, 0.914457, -0.790742, 0, 0, 0
83740, 0, 0, 0, 0, 0, 0.261708, 0.30465, 0.914457, -0.790742, 0, 0, 0
83750, 0, 0, 0, 0, 0, 0.261708, 0.30465, 0.914457, -0.790742, 0, 0, 0
83760, 0, 0, 0, 0, 0, 0.261708, 0.30465, 0.914457, -0.790742, 0, 0, 0
83770, 0, 0, 0, 0, 0, 0.261708, 0.30465, 0.914457, -0.790742, 0, 0, 0
83780, 0, 0, 0, 0, 0, 0.261708, 0.30465, 0.914457, -0.790742, 0, 0, 0
83790, 0, 0, 0, 0, 0, 0.261708, 0.30465, 0.914457, -0.790742, 0, 0, 0
83801, 0, 0, 0, 0, 0, 0.261708, 0.30465, 0.914457, -0.790742, 0, 0, 0
83810, 0, 0, 0, 0, 0, 0.261708, 0.30465, 0.914457, -0.790742, 0, 0, 0
83820, 0, 0, 0, 0, 0, 0.261708, 0.30465, 0.914457, -0.790742, 0, 0, 0
83830, 0, 0, 0, 0, 0, 0.261708, 0.30465, 0.914457, -0.790742, 0, 0, 0
83841, 0, 0, 0, 0, 0, 0.261708, 0.30465, 0.914457, -0.790742, 0, 0, 0
83850, 0, 0, 0, 0, 0, 0.261708, 0.30465, 0.914457, -0.790742, 0, 0, 0
83860, 0, 0, 0, 0, 0, 0.261708, 0.30465, 0.914457, -0.790742, 0, 0, 0
83870, 0, 0, 0, 0, 0, 0.261708, 0.30465, 0.914457, -0.790742, 0, 0, 0
83880, 0, 0, 0, 0, 0, 0.261708, 0.30465, 0.914457, -0.790742, 0, 0, 0
83890, 0, 0, 0, 0, 0, 0.261708, 0.30465, 0.914457, -0.790742, 0, 0, 0
83900, 0, 0, 0, 0, 0, 0.261708, 0.30465, 0.914457, -0.790742, 0, 0, 0
83910, 0, 0, 0, 0, 0, 0.261708, 0.30465, 0.914457, -0.790742, 0, 0, 0
83920, 0, 0, 0, 0, 0, 0.261708, 0.30465, 0.914457, -0.790742, 0, 0, 0
83930, 0, 0, 0, 0, 0, 0.261708, 0.30465, 0.914457, -0.790742, 0, 0, 0
83940, 0, 0, 0, 0, 0, 0.261708, 0.30465, 0.914457, -0.790742, 0, 0, 0
83950, 0, 0, 0, 0, 0, 0.261708, 0.30465, 0.914457, -0.790742, 0, 0, 0
83960, 0, 0, 0, 0, 0, 0.261708, 0.30465, 0.914457, -0.790742, 0, 0, 0
83971, 0, 0, 0, 0, 0, 0.261708, 0.30465, 0.914457, -0.790742, 0, 0, 0
83980, 0, 0, 0, 0, 0, 0.261708, 0.30465, 0.914457, -0.790742, 0, 0, 0
83990, 0, 0, 0, 0, 0, 0.261708, 0.30465, 0.914457, -0.790742, 0, 0, 0
84000, 0, 0, 0, 0, 0, 0.261708, 0.30465, 0.914457, -0.790742, 0, 0, 0
84011, 0, 0, 0, 0, 0, 0.261708, 0.30465, 0.914457, -0.790742, 0, 0, 0
84020, 0, 0, 0, 0, 0, 0.261708, 0.30465, 0.914457, -0.790742, 0, 0, 0
84030, 0, 0, 0, 0, 0, 0.261708, 0.30465, 0.914457, -0.790742, 0, 0, 0
84040, 0, 0, 0, 0, 0, 0.261708, 0.30465, 0.914457, -0.790742, 0, 0, 0
84050, 0, 0, 0, 0, 0, 0.261708, 0.30465, 0.914457, -0.790742, 0, 0, 0
84060, 0, 0, 0, 0, 0, 0.261708, 0.30465, 0.914457, -0.790742, 0, 0, 0
84070, 0, 0, 0, 0, 0, 0.261708, 0.30465, 0.914457, -0.790742, 0, 0, 0
84080, 0, 0, 0, 0, 0, 0.261708, 0.30465, 0.914457, -0.790742, 0, 0, 0
84090, 0, 0, 0, 0, 0, 0.261708, 0.30465, 0.914457, -0.790742, 0, 0, 0
84100, 0, 0, 0, 0, 0, 0.261708, 0.30465, 0.914457, -0.790742, 0, 0, 0
84110, 0, 0, 0, 0, 0, 0.261708, 0.30465, 0.914457, -0.790742, 0, 0, 0
84120, 0, 0, 0, 0, 0, 0.261708, 0.30465, 0.914457, -0.790742, 0, 0, 0
84130, 0, 0, 0, 0, 0, 0.261708, 0.30465, 0.914457, -0.790742, 0, 0, 0
84141, 0, 0, 0, 0, 0, 0.261708, 0.30465, 0.914457, -0.790742, 0, 0, 0
84150, 0, 0, 0, 0, 0, 0.261708, 0.30465, 0.914457, -0.790742, 0, 0, 0
84160, 0, 0, 0, 0, 0, 0.261708, 0.30465, 0.914457, -0.790742, 0, 0, 0
84170, 0, 0, 0, 0, 0, 0.261708, 0.30465, 0.914457, -0.790742, 0, 0, 0
84180, 0, 0, 0, 0, 0, 0.261708, 0.30465, 0.914457, -0.790742, 0, 0, 0
84190, 0, 0, 0, 0, 0, 0.261708, 0.30465, 0.914457, -0.790742, 0, 0, 0
84200, 0, 0, 0, 0, 0, 0.261708, 0.30465, 0.914457, -0.790742, 0, 0, 0
84210, 0, 0, 0, 0, 0, 0.261708, 0.30465, 0.914457, -0.790742, 0, 0, 0
84220, 0, 0, 0, 0, 0, 0.261708, 0.30465, 0.914457, -0.790742, 0, 0, 0
84230, 0, 0, 0, 0, 0, 0.261708, 0.30465, 0.914457, -0.790742, 0, 0, 0
84240, 0, 0, 0, 0, 0, 0.261708, 0.30465, 0.914457, -0.790742, 0, 0, 0
84250, 0, 0, 0, 0, 0, 0.261708, 0.30465, 0.914457, -0.790742, 0, 0, 0
84260, 0, 0, 0, 0, 0, 0.261708, 0.30465, 0.914457, -0.790742, 0, 0, 0
84271, 0, 0, 0, 0, 0, 0.261708, 0.30465, 0.914457, -0.790742, 0, 0, 0
84280, 0, 0, 0, 0, 0, 0.261708, 0.30465, 0.914457, -0.790742, 0, 0, 0
84290, 0, 0, 0, 0, 0, 0.261708, 0.30465, 0.914457, -0.790742, 0, 0, 0
84300, 0, 0, 0, 0, 0, 0.261708, 0.30465, 0.914457, -0.790742, 0, 0, 0
84311, 0, 0, 0, 0, 0, 0.261708, 0.30465, 0.914457, -0.790742, 0, 0, 0
84320, 0, 0, 0, 0, 0, 0, 0, 0.914457, -0.790742, 0, 0, 0
84330, 0, 0, 0, 0, 0, 0, 0, 0.914457, -0.790742, 0, 0, 0
84340, 0, 0, 0, 0, 0, 0, 0, 0.914457, -0.790742, 0, 0, 0
84350, 0, 0, 0, 0, 0, 0, 0, 0.914457, -0.790742, 0, 0, 0
84360, 0, 0, 0, 0, 0, 0, 0, 0.914457, -0.790742, 0, 0, 0
84370, 0, 0, 0, 0, 0, 0, 0, 0.914457, -0.790742, 0, 0, 0
84380, 0, 0, 0, 0, 0, 0, 0, 0.914457, -0.790742, 0, 0, 0
84390, 0, 0, 0, 0, 0, 0, 0, 0.914457, -0.790742, 0, 0, 0
84401, 0, 0, 0, 0, 0, 0, 0, 0.914457, -0.790742, 0, 0, 0
84410, 0, 0, 0, 0, 0, 0, 0, 0.914457, -0.790742, 0, 0, 0
84420, 0, 0, 0, 0, 0, 0, 0, 0.914457, -0.790742, 0, 0, 0
84430, 0, 0, 0, 0, 0, 0, 0, 0.914457, -0.790742, 0, 0, 0
84441, 0, 0, 0, 0, 0, 0, 0, 0.914457, -0.790742, 0, 0, 0
84450, 0, 0, 0, 0, 0, 0, 0, 0.914457, -0.790742, 0, 0, 0
84460, 0, 0, 0, 0, 0, 0, 0, 0.914457, -0.790742, 0, 0, 0
84470, 0, 0, 0, 0, 0, 0, 0, 0.914457, -0.790742, 0, 0, 0
84481, 0, 0, 0, 0, 0, 0, 0, 0.914457, -0.790742, 0, 0, 0
84490, 0, 0, 0, 0, 0, 0, 0, 0.914457, -0.790742, 0, 0, 0
84500, 0, 0, 0, 0, 0, 0, 0, 0.914457, -0.790742, 0, 0, 0
84510, 0, 0, 0, 0, 0, 0, 0, 0.914457, -0.790742, 0, 0, 0
84520, 0, 0, 0, 0, 0, 0, 0, 0.914457, -0.790742, 0, 0, 0
84530, 0, 0, 0, 0, 0, 0, 0, 0.914457, -0.790742, 0, 0, 0
84540, 0, 0, 0, 0, 0, 0, 0, 0.914457, -0.790742, 0, 0, 0
84550, 0, 0, 0, 0, 0, 0, 0, 0.914457, -0.790742, 0, 0, 0
84560, 0, 0, 0, 0, 0, 0, 0, 0.914457, -0.790742, 0, 0, 0
84571, 0, 0, 0, 0, 0, 0, 0, 0.914457, -0.790742, 0, 0, 0
84580, 0, 0, 0, 0, 0, 0, 0, 0.914457, -0.790742, 0, 0, 0
84590, 0, 0, 0, 0, 0, 0, 0, 0.914457, -0.790742, 0, 0, 0
84600, 0, 0, 0, 0, 0, 0, 0, 0.914457, -0.790742, 0, 0, 0
84611, 0, 0, 0, 0, 0, 0, 0, 0.914457, -0.790742, 0, 0, 0
84620, 0, 0, 0, 0, 0, 0, 0, 0.914457, -0.790742, 0, 0, 0
84630, 0, 0, 0, 0, 0, 0, 0, 0.914457, -0.790742, 0, 0, 0
84640, 0, 0, 0, 0, 0, 0, 0, 0.914457, -0.790742, 0, 0, 0
84651, 0, 0, 0, 0, 0, 0, 0, 0.914457, -0.790742, 0, 0, 0
84660, 0, 0, 0, 0, 0, 0, 0, 0.914457, -0.790742, 0, 0, 0
84670, 0, 0, 0, 0, 0, 0, 0, 0.914457, -0.790742, 0, 0, 0
84680, 0, 0, 0, 0, 0, 0, 0, 0.914457, -0.790742, 0, 0, 0
84690, 0, 0, 0, 0, 0, 0, 0, 0.914457, -0.790742, 0, 0, 0
84701, 0, 0, 0, 0, 0, 0, 0, 0.914457, -0.790742, 0, 0, 0
84710, 0, 0, 0, 0, 0, 0, 0, 0.914457, -0.790742, 0, 0, 0
84720, 0, 0, 0, 0, 0, 0, 0, 0.914457, -0.790742, 0, 0, 0
84730, 0, 0, 0, 0, 0, 0, 0, 0.914457, -0.790742, 0, 0, 0
84741, 0, 0, 0, 0, 0, 0, 0, 0.914457, -0.790742, 0, 0, 0
84750, 0, 0, 0, 0, 0, 0, 0, 0.914457, -0.790742, 0, 0, 0
84760, 0, 0, 0, 0, 0, 0, 0, 0.914457, -0.790742, 0, 0, 0
84770, 0, 0, 0, 0, 0, 0, 0, 0.914457, -0.790742, 0, 0, 0
84781, 0, 0, 0, 0, 0, 0, 0, 0.914457, -0.790742, 0, 0, 0
84790, 0, 0, 0, 0, 0, 0, 0, 0.914457, -0.790742, 0, 0, 0
84800, 0, 0, 0, 0, 0, 0, 0, 0.914457, -0.790742, 0, 0, 0
84810, 0, 0, 0, 0, 0, 0, 0, 0.914457, -0.790742, 0, 0, 0
84820, 0, 0, 0, 0, 0, 0, 0, 0.914457, -0.790742, 0, 0, 0
84830, 0, 0, 0, 0, 0, 0, 0, 0.914457, -0.790742, 0, 0, 0
84840, 0, 0, 0, 0, 0, 0, 0, 0.914457, -0.790742, 0, 0, 0
84850, 0, 0, 0, 0, 0, 0, 0, 0.914457, -0.790742, 0, 0, 0
84860, 0, 0, 0, 0, 0, 0, 0, 0.914457, -0.790742, 0, 0, 0
84871, 0, 0, 0, 0, 0, 0, 0, 0.914457, -0.790742, 0, 0, 0
84880, 0, 0, 0, 0, 0, 0, 0, 0.914457, -0.790742, 0, 0, 0
84890, 0, 0, 0, 0, 0, 0, 0, 0.914457, -0.790742, 0, 0, 0
84900, 0, 0, 0, 0, 0, 0, 0, 0.914457, -0.790742, 0, 0, 0
84911, 0, 0, 0, 0, 0, 0, 0, 0.914457, -0.790742, 0, 0, 0
84920, 0, 0, 0, 0, 0, 0, 0, 0.914457, -0.790742, 0, 0, 0
84930, 0, 0, 0, 0, 0, 0, 0, 0.914457, -0.790742, 0, 0, 0
84940, 0, 0, 0, 0, 0, 0, 0, 0.914457, -0.790742, 0, 0, 0
84951, 0, 0, 0, 0, 0, 0, 0, 0.914457, -0.790742, 0, 0, 0
84960, 0, 0, 0, 0, 0, 0, 0, 0.914457, -0.790742, 0, 0, 0
84970, 0, 0, 0, 0, 0, 0, 0, 0.914457, -0.790742, 0, 0, 0
84980, 0, 0, 0, 0, 0, 0, 0, 0.914457, -0.790742, 0, 0, 0
84990, 0, 0, 0, 0, 0, 0, 0, 0.914457, -0.790742, 0, 0, 0
85000, 0, 0, 0, 0, 0, 0, 0, 0.914457, -0.790742, 0, 0, 0
85010, 0, 0, 0, 0, 0, 0, 0, 0.914457, -0.790742, 0, 0, 0
85020, 0, 0, 0, 0, 0, 0, 0, 0.914457, -0.790742, 0, 0, 0
85030, 0, 0, 0, 0, 0, 0, 0, 0.914457, -0.790742, 0, 0, 0
85041, 0, 0, 0, 0, 0, 0, 0, 0.914457, -0.790742, 0, 0, 0
85050, 0, 0, 0, 0, 0, 0, 0, 0.914457, -0.790742, 0, 0, 0
85060, 0, 0, 0, 0, 0, 0, 0, 0.914457, -0.790742, 0, 0, 0
85070, 0, 0, 0, 0, 0, 0, 0, 0.914457, -0.790742, 0, 0, 0
85081, 0, 0, 0, 0, 0, 0, 0, 0.914457, -0.790742, 0, 0, 0
85090, 0, 0, 0, 0, 0, 0, 0, 0.914457, -0.790742, 0, 0, 0
85100, 0, 0, 0, 0, 0, 0, 0, 0.914457, -0.790742, 0, 0, 0
85110, 0, 0, 0, 0, 0, 0, 0, 0.914457, -0.790742, 0, 0, 0
85121, 0, 0, 0, 0, 0, 0, 0, 0.914457, -0.790742, 0, 0, 0
85130, 0, 0, 0, 0, 0, 0, 0, 0.914457, -0.790742, 0, 0, 0
85140, 0, 0, 0, 0, 0, 0, 0, 0.914457, -0.790742, 0, 0, 0
85150, 0, 0, 0, 0, 0, 0, 0, 0.914457, -0.790742, 0, 0, 0
85160, 0, 0, 0, 0, 0, 0, 0, 0.914457, -0.790742, 0, 0, 0
85171, 0, 0, 0, 0, 0, 0, 0, 0.914457, -0.790742, 0, 0, 0
85180, 0, 0, 0, 0, 0, 0, 0, 0.914457, -0.790742, 0, 0, 0
85190, 0, 0, 0, 0, 0, 0, 0, 0.914457, -0.790742, 0, 0, 0
85200, 0, 0, 0, 0, 0, 0, 0, 0.914457, -0.790742, 0, 0, 0
85211, 0, 0, 0, 0, 0, 0, 0, 0.914457, -0.790742, 0, 0, 0
85220, 0, 0, 0, 0, 0, 0, 0, 0.914457, -0.790742, 0, 0, 0
85230, 0, 0, 0, 0, 0, 0, 0, 0.914457, -0.790742, 0, 0, 0
85240, 0, 0, 0, 0, 0, 0, 0, 0.914457, -0.790742, 0, 0, 0
85251, 0, 0, 0, 0, 0, 0, 0, 0.914457, -0.790742, 0, 0, 0
85260, 0, 0, 0, 0, 0, 0, 0, 0.914457, -0.790742, 0, 0, 0
85270, 0, 0, 0, 0, 0, 0, 0, 0.914457, -0.790742, 0, 0, 0
85280, 0, 0, 0, 0, 0, 0, 0, 0.914457, -0.790742, 0, 0, 0
85291, 0, 0, 0, 0, 0, 0, 0, 0.914457, -0.790742, 0, 0, 0
85300, 0, 0, 0, 0, 0, 0, 0, 0.914457, -0.790742, 0, 0, 0
85310, 0, 0, 0, 0, 0, 0, 0, 0.914457, -0.790742, 0, 0, 0
85320, 0, 0, 0, 0, 0, 0, 0, 0.914457, -0.790742, 0, 0, 0
85330, 0, 0, 0, 0, 0, 0, 0, 0.914457, -0.790742, 0, 0, 0
85341, 0, 0, 0, 0, 0, 0, 0, 0.914457, -0.790742, 0, 0, 0
85350, 0, 0, 0, 0, 0, 0, 0, 0.914457, -0.790742, 0, 0, 0
85360, 0, 0, 0, 0, 0, 0, 0, 0.914457, -0.790742, 0, 0, 0
85370, 0, 0, 0, 0, 0, 0, 0, 0.914457, -0.790742, 0, 0, 0
85381, 0, 0, 0, 0, 0, 0, 0, 0.914457, -0.790742, 0, 0, 0
85390, 0, 0, 0, 0, 0, 0, 0, 0.914457, -0.790742, 0, 0, 0
85400, 0, 0, 0, 0, 0, 0, 0, 0.914457, -0.790742, 0, 0, 0
85410, 0, 0, 0, 0, 0, 0, 0, 0.914457, -0.790742, 0, 0, 0
85421, 0, 0, 0, 0, 0, 0, 0, 0.914457, -0.790742, 0, 0, 0
85430, 0, 0, 0, 0, 0, 0, 0, 0.914457, -0.790742, 0, 0, 0
85440, 0, 0, 0, 0, 0, 0, 0, 0.914457, -0.790742, 0, 0, 0
85450, 0, 0, 0, 0, 0, 0, 0, 0.914457, -0.790742, 0, 0, 0
85460, 0, 0, 0, 0, 0, 0, 0, 0.914457, -0.790742, 0, 0, 0
85470, 0, 0, 0, 0, 0, 0, 0, 0.914457, -0.790742, 0, 0, 0
85480, 0, 0, 0, 0, 0, 0, 0, 0.914457, -0.790742, 0, 0, 0
85490, 0, 0, 0, 0, 0, 0, 0, 0.914457, -0.790742, 0, 0, 0
85500, 0, 0, 0, 0, 0, 0, 0, 0.914457, -0.790742, 0, 0, 0
85511, 0, 0, 0, 0, 0, 0, 0, 0.914457, -0.790742, 0, 0, 0
85520, 0, 0, 0, 0, 0, 0, 0, 0.914457, -0.790742, 0, 0, 0
85530, 0, 0, 0, 0, 0, 0, 0, 0.914457, -0.790742, 0, 0, 0
85540, 0, 0, 0, 0, 0, 0, 0, 0.914457, -0.790742, 0, 0, 0
85551, 0, 0, 0, 0, 0, 0, 0, 0.914457, -0.790742, 0, 0, 0
85560, 0, 0, 0, 0, 0, 0, 0, 0.914457, -0.790742, 0, 0, 0
85570, 0, 0, 0, 0, 0, 0, 0, 0.914457, -0.790742, 0, 0, 0
85580, 0, 0, 0, 0, 0, 0, 0, 0.914457, -0.790742, 0, 0, 0
85591, 0, 0, 0, 0, 0, 0, 0, 0.914457, -0.790742, 0, 0, 0
85600, 0, 0, 0, 0, 0, 0, 0, 0.914457, -0.790742, 0, 0, 0
85610, 0, 0, 0, 0, 0, 0, 0, 0.914457, -0.790742, 0, 0, 0
85620, 0, 0, 0, 0, 0, 0, 0, 0.914457, -0.790742, 0, 0, 0
85630, 0, 0, 0, 0, 0, 0, 0, 0.914457, -0.790742, 0, 0, 0
85640, 0, 0, 0, 0, 0, 0, 0, 0.914457, -0.790742, 0, 0, 0
85650, 0, 0, 0, 0, 0, 0, 0, 0.914457, -0.790742, 0, 0, 0
85660, 0, 0, 0, 0, 0, 0, 0, 0.914457, -0.790742, 0, 0, 0
85670, 0, 0, 0, 0, 0, 0, 0, 0.914457, -0.790742, 0, 0, 0
85681, 0, 0, 0, 0, 0, 0, 0, 0.914457, -0.790742, 0, 0, 0
85690, 0, 0, 0, 0, 0, 0, 0, 0.914457, -0.790742, 0, 0, 0
85700, 0, 0, 0, 0, 0, 0, 0, 0.914457, -0.790742, 0, 0, 0
85710, 0, 0, 0, 0, 0, 0, 0, 0.914457, -0.790742, 0, 0, 0
85721, 0, 0, 0, 0, 0, 0, 0, 0.914457, -0.790742, 0, 0, 0
85730, 0, 0, 0, 0, 0, 0, 0, 0.914457, -0.790742, 0, 0, 0
85740, 0, 0, 0, 0, 0, 0, 0, 0.914457, -0.790742, 0, 0, 0
85750, 0, 0, 0, 0, 0, 0, 0, 0.914457, -0.790742, 0, 0, 0
85761, 0, 0, 0, 0, 0, 0, 0, 0.914457, -0.790742, 0, 0, 0
85770, 0, 0, 0, 0, 0, 0, 0, 0.914457, -0.790742, 0, 0, 0
85780, 0, 0, 0, 0, 0, 0, 0, 0.914457, -0.790742, 0, 0, 0
85790, 0, 0, 0, 0, 0, 0, 0, 0.914457, -0.790742, 0, 0, 0
85800, 0, 0, 0, 0, 0, 0, 0, 0.914457, -0.790742, 0, 0, 0
85810, 0, 0, 0, 0, 0, 0, 0, 0.914457, -0.790742, 0, 0, 0
85820, 0, 0, 0, 0, 0, 0, 0, 0.914457, -0.790742, 0, 0, 0
85830, 0, 0, 0, 0, 0, 0, 0, 0.914457, -0.790742, 0, 0, 0
85840, 0, 0, 0, 0, 0, 0, 0, 0.914457, -0.790742, 0, 0, 0
85851, 0, 0, 0, 0, 0, 0, 0, 0.914457, -0.790742, 0, 0, 0
85860, 0, 0, 0, 0, 0, 0, 0, 0.914457, -0.790742, 0, 0, 0
85870, 0, 0, 0, 0, 0, 0, 0, 0.914457, -0.790742, 0, 0, 0
85880, 0, 0, 0, 0, 0, 0, 0, 0.914457, -0.790742, 0, 0, 0
85891, 0, 0, 0, 0, 0, 0, 0, 0.914457, -0.790742, 0, 0, 0
85900, 0, 0, 0, 0, 0, 0, 0, 0.914457, -0.790742, 0, 0, 0
85910, 0, 0, 0, 0, 0, 0, 0, 0.914457, -0.790742, 0, 0, 0
85920, 0, 0, 0, 0, 0, 0, 0, 0.914457, -0.790742, 0, 0, 0
85931, 0, 0, 0, 0, 0, 0, 0, 0.914457, -0.790742, 0, 0, 0
85940, 0, 0, 0, 0, 0, 0, 0, 0.914457, -0.790742, 0, 0, 0
85950, 0, 0, 0, 0, 0, 0, 0, 0.914457, -0.790742, 0, 0, 0
85960, 0, 0, 0, 0, 0, 0, 0, 0.914457, -0.790742, 0, 0, 0
85970, 0, 0, 0, 0, 0, 0, 0, 0.914457, -0.790742, 0, 0, 0
85981, 0, 0, 10, 10, 10, 9.14458, 9.14458, 0.914457, -0.790742, 0, 0, 0
85990, 0, 0, 10, 10, 10, 10.3817, 10.3817, 0.914457, -0.790742, 0, 0, 0
86000, 5.24534, 5.2243, 10, 4.75466, 4.7757, 6.82224, 6.84148, 0.914457, -0.790742, 0, 0, 0
86010, 11.5741, 11.5741, 10, -1.5741, -1.5741, 1.62307, 1.62567, 0.914457, -0.790742, 0, 0, 0
86021, 13.3237, 13.3272, 10, -3.32372, -3.32722, -0.171616, -0.17222, 0.914457, -0.790742, 0, 0, 0
86031, 8.40096, 8.05033, 10, 1.59904, 1.94967, 3.91885, 4.24165, 0.914457, -0.790742, 0, 0, 0
86040, 3.15912, 2.8085, 10, 6.84088, 7.1915, 8.91011, 9.27628, 0.914457, -0.790742, 0, 0, 0
86050, 3.85336, 4.20398, 10, 6.14664, 5.79602, 9.12158, 8.88987, 0.914457, -0.790742, 0, 0, 0
86061, 8.77963, 9.48088, 10, 1.22037, 0.519122, 5.37714, 4.78143, 0.914457, -0.790742, 0, 0, 0
86071, 12.2368, 12.2403, 10, -2.23678, -2.24029, 2.3667, 2.32228, 0.914457, -0.790742, 0, 0, 0
86080, 12.2964, 11.5741, 10, -2.29639, -1.5741, 2.03547, 2.65433, 0.914457, -0.790742, 0, 0, 0
86090, 8.06786, 7.37713, 10, 1.93214, 2.62287, 5.61818, 6.29754, 0.914457, -0.790742, 0, 0, 0
86100, 5.24884, 6.2902, 10, 4.75116, 3.7098, 8.43509, 7.61598, 0.914457, -0.790742, 0, 0, 0
86111, 7.71373, 8.77612, 10, 2.28627, 1.22388, 6.76884, 5.80167, 0.914457, -0.790742, 0, 0, 0
86120, 10.8729, 11.2095, 10, -0.872856, -1.20946, 4.1628, 3.7279, 0.914457, -0.790742, 0, 0, 0
86130, 11.5636, 10.8623, 10, -1.56359, -0.862337, 3.42317, 3.8957, 0.914457, -0.790742, 0, 0, 0
86140, 9.45984, 9.11973, 10, 0.540159, 0.880265, 5.15352, 5.38255, 0.914457, -0.790742, 0, 0, 0
86151, 7.71373, 8.06436, 10, 2.28627, 1.93564, 6.81709, 6.45655, 0.914457, -0.790742, 0, 0, 0
86160, 8.41498, 9.45984, 10, 1.58502, 0.540159, 6.45867, 5.41991, 0.914457, -0.790742, 0, 0, 0
86170, 10.5117, 10.8693, 10, -0.511713, -0.869349, 4.73739, 4.1978, 0.914457, -0.790742, 0, 0, 0
86180, 10.5292, 10.1786, 10, -0.529244, -0.17862, 4.65805, 4.72189, 0.914457, -0.790742, 0, 0, 0
86191, 9.47036, 9.45984, 10, 0.529641, 0.540159, 5.56088, 5.35708, 0.914457, -0.790742, 0, 0, 0
86201, 9.10922, 9.11973, 10, 0.890783, 0.880265, 5.95666, 5.73492, 0.914457, -0.790742, 0, 0, 0
86210, 9.47387, 9.82449, 10, 0.526134, 0.17551, 5.7334, 5.19935, 0.914457, -0.790742, 0, 0, 0
86220, 10.1681, 10.5187, 10, -0.168101, -0.518725, 5.16364, 4.58622, 0.914457, -0.790742, 0, 0, 0
86231, 9.81046, 10.1471, 10, 0.189535, -0.147064, 5.46989, 4.86191, 0.914457, -0.790742, 0, 0, 0
86241, 9.80345, 9.45984, 10, 0.196548, 0.540159, 5.49975, 5.47216, 0.914457, -0.790742, 0, 0, 0
86250, 10.1751, 9.12675, 10, -0.175114, 0.873253, 5.1842, 5.84358, 0.914457, -0.790742, 0, 0, 0
86260, 10.1751, 9.82098, 10, -0.175114, 0.179017, 5.16254, 5.31677, 0.914457, -0.790742, 0, 0, 0
86270, 10.1576, 10.5222, 10, -0.157582, -0.522232, 5.1569, 4.69765, 0.914457, -0.790742, 0, 0, 0
86281, 10.1681, 9.80345, 10, -0.168101, 0.196548, 5.12779, 5.29034, 0.914457, -0.790742, 0, 0, 0
86290, 10.1576, 9.80696, 10, -0.157582, 0.193042, 5.11661, 5.31145, 0.914457, -0.790742, 0, 0, 0
86300, 9.82449, 9.48088, 10, 0.17551, 0.519122, 5.40172, 5.63351, 0.914457, -0.790742, 0, 0, 0
86310, 9.81046, 9.80345, 10, 0.189535, 0.196548, 5.43625, 5.40276, 0.914457, -0.790742, 0, 0, 0
86321, 10.1751, 9.81748, 10, -0.175114, 0.182523, 5.12625, 5.41425, 0.914457, -0.790742, 0, 0, 0
86331, 10.1436, 9.81046, 10, -0.143558, 0.189535, 5.13344, 5.44324, 0.914457, -0.790742, 0, 0, 0
86340, 10.1856, 9.82098, 10, -0.185633, 0.179017, 5.0772, 5.45707, 0.914457, -0.790742, 0, 0, 0
86350, 10.1751, 10.1856, 10, -0.175114, -0.185633, 5.06386, 5.14576, 0.914457, -0.790742, 0, 0, 0
86361, 10.5082, 9.81046, 10, -0.508206, 0.189535, 4.73759, 5.46587, 0.914457, -0.790742, 0, 0, 0
86371, 10.5082, 9.80345, 10, -0.508206, 0.196548, 4.67472, 5.49573, 0.914457, -0.790742, 0, 0, 0
86380, 10.1821, 9.8315, 10, -0.182126, 0.168498, 4.91004, 5.4944, 0.914457, -0.790742, 0, 0, 0
86390, 10.1541, 10.1471, 10, -0.154077, -0.147064, 4.91315, 5.22668, 0.914457, -0.790742, 0, 0, 0
86401, 10.1716, 9.828, 10, -0.171608, 0.172004, 4.87806, 5.50026, 0.914457, -0.790742, 0, 0, 0
86411, 10.1506, 9.80345, 10, -0.15057, 0.196548, 4.87607, 5.54398, 0.914457, -0.790742, 0, 0, 0
86420, 10.1821, 9.82098, 10, -0.182126, 0.179017, 4.82858, 5.55226, 0.914457, -0.790742, 0, 0, 0
86430, 10.1716, 10.1786, 10, -0.171608, -0.17862, 4.81567, 5.24737, 0.914457, -0.790742, 0, 0, 0
86440, 9.81748, 10.1681, 10, 0.182523, -0.168101, 5.11828, 5.23489, 0.914457, -0.790742, 0, 0, 0
86451, 10.1576, 10.1576, 10, -0.157582, -0.157582, 4.82985, 5.22371, 0.914457, -0.790742, 0, 0, 0
86460, 10.1751, 9.81748, 10, -0.175114, 0.182523, 4.79432, 5.51523, 0.914457, -0.790742, 0, 0, 0
86470, 9.82098, 9.8315, 10, 0.179017, 0.168498, 5.09649, 5.52498, 0.914457, -0.790742, 0, 0, 0
86480, 10.1576, 10.1541, 10, -0.157582, -0.154077, 4.81084, 5.25085, 0.914457, -0.790742, 0, 0, 0
86491, 9.828, 10.1716, 10, 0.172004, -0.171608, 5.09273, 5.21575, 0.914457, -0.790742, 0, 0, 0
86501, 10.1506, 9.80696, 10, -0.15057, 0.193042, 4.81903, 5.52798, 0.914457, -0.790742, 0, 0, 0
86510, 10.1786, 9.828, 10, -0.17862, 0.172004, 4.77475, 5.53262, 0.914457, -0.790742, 0, 0, 0
86520, 9.82098, 10.5082, 10, 0.179017, -0.508206, 5.0797, 4.93188, 0.914457, -0.790742, 0, 0, 0
86531, 10.1506, 9.81748, 10, -0.15057, 0.182523, 4.80045, 5.50065, 0.914457, -0.790742, 0, 0, 0
86541, 9.828, 9.82449, 10, 0.172004, 0.17551, 5.07681, 5.51682, 0.914457, -0.790742, 0, 0, 0
86550, 10.1541, 10.1541, 10, -0.154077, -0.154077, 4.7999, 5.23714, 0.914457, -0.790742, 0, 0, 0
86560, 9.8315, 10.1821, 10, 0.168498, -0.182126, 5.07582, 5.19243, 0.914457, -0.790742, 0, 0, 0
86571, 10.1471, 10.1471, 10, -0.147064, -0.147064, 4.80809, 5.20196, 0.914457, -0.790742, 0, 0, 0
86581, 9.80696, 9.80696, 10, 0.193042, 0.193042, 5.10091, 5.49478, 0.914457, -0.790742, 0, 0, 0
86590, 9.84202, 10.1856, 10, 0.157979, -0.185633, 5.09273, 5.17238, 0.914457, -0.790742, 0, 0, 0
86600, 10.1541, 10.1611, 10, -0.154077, -0.161089, 4.82691, 5.17186, 0.914457, -0.790742, 0, 0, 0
86610, 9.81046, 9.80345, 10, 0.189535, 0.196548, 5.12207, 5.47897, 0.914457, -0.790742, 0, 0, 0
86621, 10.1611, 9.47036, 10, -0.161089, 0.529641, 4.82489, 5.80789, 0.914457, -0.790742, 0, 0, 0
86630, 9.82098, 10.1681, 10, 0.179017, -0.168101, 5.11597, 5.23535, 0.914457, -0.790742, 0, 0, 0
86640, 10.1681, 10.5257, 10, -0.168101, -0.525738, 4.82069, 4.88751, 0.914457, -0.790742, 0, 0, 0
86650, 9.81748, 10.1541, 10, 0.182523, -0.154077, 5.12053, 5.16234, 0.914457, -0.790742, 0, 0, 0
86661, 10.1716, 9.828, 10, -0.171608, 0.172004, 4.81927, 5.44147, 0.914457, -0.790742, 0, 0, 0
86671, 10.1716, 9.82449, 10, -0.171608, 0.17551, 4.79804, 5.46595, 0.914457, -0.790742, 0, 0, 0
86680, 10.1541, 10.1506, 10, -0.154077, -0.15057, 4.79284, 5.18948, 0.914457, -0.790742, 0, 0, 0
86690, 9.82449, 9.82449, 10, 0.17551, 0.17551, 5.07518, 5.46904, 0.914457, -0.790742, 0, 0, 0
86701, 9.47737, 10.1681, 10, 0.522629, -0.168101, 5.41431, 5.17653, 0.914457, -0.790742, 0, 0, 0
86711, 10.133, 10.1471, 10, -0.133039, -0.147064, 4.87939, 5.17497, 0.914457, -0.790742, 0, 0, 0
86720, 10.1856, 10.1716, 10, -0.185633, -0.171608, 4.81484, 5.13434, 0.914457, -0.790742, 0, 0, 0
86730, 10.1681, 9.8315, 10, -0.168101, 0.168498, 4.8079, 5.42412, 0.914457, -0.790742, 0, 0, 0
86740, 9.80345, 9.45283, 10, 0.196548, 0.547172, 5.12056, 5.79125, 0.914457, -0.790742, 0, 0, 0
86751, 9.82098, 10.1716, 10, 0.179017, -0.171608, 5.12885, 5.20165, 0.914457, -0.790742, 0, 0, 0
86760, 10.1751, 10.1716, 10, -0.175114, -0.171608, 4.82716, 5.18042, 0.914457, -0.790742, 0, 0, 0
86770, 10.1681, 10.1716, 10, -0.168101, -0.171608, 4.81191, 5.15918, 0.914457, -0.790742, 0, 0, 0
86780, 9.81748, 9.81748, 10, 0.182523, 0.182523, 5.11174, 5.46179, 0.914457, -0.790742, 0, 0, 0
86791, 9.81046, 9.81046, 10, 0.189535, 0.189535, 5.14073, 5.49079, 0.914457, -0.790742, 0, 0, 0
86800, 9.80345, 10.1576, 10, 0.196548, -0.157582, 5.17059, 5.19681, 0.914457, -0.790742, 0, 0, 0
86810, 10.1891, 10.1856, 10, -0.189138, -0.185633, 4.84222, 5.15166, 0.914457, -0.790742, 0, 0, 0
86820, 9.81748, 9.80696, 10, 0.182523, 0.193042, 5.15869, 5.47498, 0.914457, -0.790742, 0, 0, 0
86831, 10.1576, 10.1541, 10, -0.157582, -0.154077, 4.87026, 5.18144, 0.914457, -0.790742, 0, 0, 0
86841, 9.82449, 10.1856, 10, 0.17551, -0.185633, 5.15536, 5.13352, 0.914457, -0.790742, 0, 0, 0
86850, 10.1681, 9.81748, 10, -0.168101, 0.182523, 4.86285, 5.44722, 0.914457, -0.790742, 0, 0, 0
86860, 9.81748, 9.82098, 10, 0.182523, 0.179017, 5.16269, 5.46659, 0.914457, -0.790742, 0, 0, 0
86871, 9.82098, 10.1541, 10, 0.179017, -0.154077, 5.18206, 5.18414, 0.914457, -0.790742, 0, 0, 0
86881, 10.1471, 10.1576, 10, -0.147064, -0.157582, 4.90602, 5.16187, 0.914457, -0.790742, 0, 0, 0
86890, 10.1856, 9.828, 10, -0.185633, 0.172004, 4.85256, 5.44377, 0.914457, -0.790742, 0, 0, 0
86900, 9.81748, 9.81748, 10, 0.182523, 0.182523, 5.16626, 5.47467, 0.914457, -0.790742, 0, 0, 0
86910, 10.1471, 10.1576, 10, -0.147064, -0.157582, 4.88745, 5.18624, 0.914457, -0.790742, 0, 0, 0
86921, 10.1716, 10.1681, 10, -0.171608, -0.168101, 4.84681, 5.15712, 0.914457, -0.790742, 0, 0, 0
86930, 9.828, 9.82449, 10, 0.172004, 0.17551, 5.1398, 5.45054, 0.914457, -0.790742, 0, 0, 0
86940, 9.81748, 10.1611, 10, 0.182523, -0.161089, 5.17069, 5.16445, 0.914457, -0.790742, 0, 0, 0
86950, 9.80696, 10.1576, 10, 0.193042, -0.157582, 5.20289, 5.14773, 0.914457, -0.790742, 0, 0, 0
86961, 10.1681, 9.828, 10, -0.168101, 0.172004, 4.89653, 5.42963, 0.914457, -0.790742, 0, 0, 0
86971, 10.1681, 9.81748, 10, -0.168101, 0.182523, 4.87573, 5.46052, 0.914457, -0.790742, 0, 0, 0
86980, 10.1716, 9.81748, 10, -0.171608, 0.182523, 4.85173, 5.4831, 0.914457, -0.790742, 0, 0, 0
86990, 9.82098, 10.5257, 10, 0.179017, -0.525738, 5.15113, 4.85801, 0.914457, -0.790742, 0, 0, 0
87001, 10.1576, 10.1541, 10, -0.157582, -0.154077, 4.86547, 5.13284, 0.914457, -0.790742, 0, 0, 0
87011, 9.81046, 9.80345, 10, 0.189535, 0.196548, 5.1634, 5.43441, 0.914457, -0.790742, 0, 0, 0
87020, 10.1611, 9.82098, 10, -0.161089, 0.179017, 4.86622, 5.44269, 0.914457, -0.790742, 0, 0, 0
87030, 9.83501, 10.1856, 10, 0.164991, -0.185633, 5.14447, 5.13138, 0.914457, -0.790742, 0, 0, 0
87041, 10.1506, 10.1541, 10, -0.15057, -0.154077, 4.87632, 5.13727, 0.914457, -0.790742, 0, 0, 0
87051, 10.1681, 10.1611, 10, -0.168101, -0.161089, 4.84166, 5.1118, 0.914457, -0.790742, 0, 0, 0
87060, 9.82098, 9.81046, 10, 0.179017, 0.189535, 5.13829, 5.4125, 0.914457, -0.790742, 0, 0, 0
87070, 9.80696, 10.1681, 10, 0.193042, -0.168101, 5.17326, 5.10891, 0.914457, -0.790742, 0, 0, 0
87080, 10.1751, 9.82449, 10, -0.175114, 0.17551, 4.86048, 5.40233, 0.914457, -0.790742, 0, 0, 0
87091, 9.81046, 9.81046, 10, 0.189535, 0.189535, 5.17227, 5.43687, 0.914457, -0.790742, 0, 0, 0
87100, 9.8315, 9.81748, 10, 0.168498, 0.182523, 5.17648, 5.4539, 0.914457, -0.790742, 0, 0, 0
87110, 9.81046, 10.1786, 10, 0.189535, -0.17862, 5.21657, 5.14623, 0.914457, -0.790742, 0, 0, 0
87120, 10.1576, 10.1471, 10, -0.157582, -0.147064, 4.92259, 5.15299, 0.914457, -0.790742, 0, 0, 0
87131, 10.1751, 9.828, 10, -0.175114, 0.172004, 4.88706, 5.42657, 0.914457, -0.790742, 0, 0, 0
87141, 9.79995, 9.81046, 10, 0.200054, 0.189535, 5.20847, 5.46388, 0.914457, -0.790742, 0, 0, 0
87150, 9.83501, 10.1821, 10, 0.164991, -0.182126, 5.20116, 5.14746, 0.914457, -0.790742, 0, 0, 0
87160, 10.1436, 10.1471, 10, -0.143558, -0.147064, 4.93942, 5.157, 0.914457, -0.790742, 0, 0, 0
87171, 9.828, 10.1751, 10, 0.172004, -0.175114, 5.21022, 5.11315, 0.914457, -0.790742, 0, 0, 0
87181, 9.80696, 9.80696, 10, 0.193042, 0.193042, 5.25074, 5.42815, 0.914457, -0.790742, 0, 0, 0
87190, 10.1821, 9.8315, 10, -0.182126, 0.168498, 4.93155, 5.42959, 0.914457, -0.790742, 0, 0, 0
87200, 10.1471, 10.1471, 10, -0.147064, -0.147064, 4.94108, 5.16187, 0.914457, -0.790742, 0, 0, 0
87211, 9.81748, 9.82098, 10, 0.182523, 0.179017, 5.22428, 5.44186, 0.914457, -0.790742, 0, 0, 0
87221, 9.81046, 9.80696, 10, 0.189535, 0.193042, 5.25327, 5.47683, 0.914457, -0.790742, 0, 0, 0
87230, 10.1962, 10.1891, 10, -0.196151, -0.189138, 4.92403, 5.15123, 0.914457, -0.790742, 0, 0, 0
87240, 9.81748, 10.5117, 10, 0.182523, -0.511713, 5.24604, 4.83285, 0.914457, -0.790742, 0, 0, 0
87250, 9.81046, 9.81046, 10, 0.189535, 0.189535, 5.27503, 5.4108, 0.914457, -0.790742, 0, 0, 0
87261, 10.1471, 9.45283, 10, -0.147064, 0.547172, 4.99068, 5.76129, 0.914457, -0.790742, 0, 0, 0
87270, 9.83501, 10.1821, 10, 0.164991, -0.182126, 5.25785, 5.16207, 0.914457, -0.790742, 0, 0, 0
87280, 10.1681, 10.1611, 10, -0.168101, -0.161089, 4.97366, 5.15878, 0.914457, -0.790742, 0, 0, 0
87290, 9.79995, 9.80696, 10, 0.200054, 0.193042, 5.28952, 5.46269, 0.914457, -0.790742, 0, 0, 0
87301, 10.1751, 10.1751, 10, -0.175114, -0.175114, 4.9712, 5.14991, 0.914457, -0.790742, 0, 0, 0
87311, 10.1611, 10.1611, 10, -0.161089, -0.161089, 4.96236, 5.14107, 0.914457, -0.790742, 0, 0, 0
87320, 9.82098, 9.81046, 10, 0.179017, 0.189535, 5.25344, 5.44177, 0.914457, -0.790742, 0, 0, 0
87330, 9.81748, 10.1681, 10, 0.182523, -0.168101, 5.2788, 5.13818, 0.914457, -0.790742, 0, 0, 0
87341, 10.1576, 9.81748, 10, -0.157582, 0.182523, 4.99037, 5.43801, 0.914457, -0.790742, 0, 0, 0
87351, 10.1751, 9.82449, 10, -0.175114, 0.17551, 4.95484, 5.45418, 0.914457, -0.790742, 0, 0, 0
87360, 9.82449, 10.1506, 10, 0.17551, -0.15057, 5.25381, 5.17771, 0.914457, -0.790742, 0, 0, 0
87370, 10.1506, 9.828, 10, -0.15057, 0.172004, 4.97733, 5.45406, 0.914457, -0.790742, 0, 0, 0
87380, 9.81046, 9.81046, 10, 0.189535, 0.189535, 5.26972, 5.49137, 0.914457, -0.790742, 0, 0, 0
87391, 9.82098, 10.1681, 10, 0.179017, -0.168101, 5.28355, 5.18777, 0.914457, -0.790742, 0, 0, 0
87400, 10.1856, 9.8315, 10, -0.185633, 0.168498, 4.97224, 5.47478, 0.914457, -0.790742, 0, 0, 0
87410, 9.81046, 10.1471, 10, 0.189535, -0.147064, 5.29235, 5.20706, 0.914457, -0.790742, 0, 0, 0
87420, 9.80696, 9.82098, 10, 0.193042, 0.179017, 5.319, 5.48705, 0.914457, -0.790742, 0, 0, 0
87431, 10.1506, 9.80696, 10, -0.15057, 0.193042, 5.02867, 5.52203, 0.914457, -0.790742, 0, 0, 0
87440, 9.83851, 10.1856, 10, 0.161486, -0.185633, 5.2954, 5.19963, 0.914457, -0.790742, 0, 0, 0
87450, 9.81748, 10.1611, 10, 0.182523, -0.161089, 5.33461, 5.19911, 0.914457, -0.790742, 0, 0, 0
87460, 10.1681, 9.47737, 10, -0.168101, 0.522629, 5.03656, 5.80441, 0.914457, -0.790742, 0, 0, 0
87471, 9.80345, 10.1436, 10, 0.196548, -0.143558, 5.34922, 5.25987, 0.914457, -0.790742, 0, 0, 0
87481, 10.1611, 10.5117, 10, -0.161089, -0.511713, 5.0465, 4.90544, 0.914457, -0.790742, 0, 0, 0
87490, 9.81046, 9.82098, 10, 0.189535, 0.179017, 5.3472, 5.47378, 0.914457, -0.790742, 0, 0, 0
87500, 9.828, 9.82098, 10, 0.172004, 0.179017, 5.35462, 5.49593, 0.914457, -0.790742, 0, 0, 0
87511, 9.80696, 10.1681, 10, 0.193042, -0.168101, 5.39513, 5.20065, 0.914457, -0.790742, 0, 0, 0
87521, 10.1786, 9.828, 10, -0.17862, 0.172004, 5.07915, 5.49086, 0.914457, -0.790742, 0, 0, 0
87530, 9.82098, 9.81748, 10, 0.179017, 0.182523, 5.38409, 5.52176, 0.914457, -0.790742, 0, 0, 0
87540, 9.82098, 9.82449, 10, 0.179017, 0.17551, 5.40624, 5.53793, 0.914457, -0.790742, 0, 0, 0
87550, 10.1506, 10.1436, 10, -0.15057, -0.143558, 5.12699, 5.26787, 0.914457, -0.790742, 0, 0, 0
87561, 10.1751, 9.8315, 10, -0.175114, 0.168498, 5.08592, 5.53547, 0.914457, -0.790742, 0, 0, 0
87570, 9.82449, 10.1681, 10, 0.17551, -0.168101, 5.38489, 5.24851, 0.914457, -0.790742, 0, 0, 0
87580, 9.80345, 9.45283, 10, 0.196548, 0.547172, 5.42584, 5.8818, 0.914457, -0.790742, 0, 0, 0
87590, 10.1611, 10.1716, 10, -0.161089, -0.171608, 5.12311, 5.2922, 0.914457, -0.790742, 0, 0, 0
87601, 10.1716, 10.1716, 10, -0.171608, -0.171608, 5.09356, 5.27097, 0.914457, -0.790742, 0, 0, 0
87611, 9.82098, 10.1576, 10, 0.179017, -0.157582, 5.39296, 5.26257, 0.914457, -0.790742, 0, 0, 0
87620, 9.82098, 9.82449, 10, 0.179017, 0.17551, 5.41511, 5.54767, 0.914457, -0.790742, 0, 0, 0
87630, 10.1576, 9.81748, 10, -0.157582, 0.182523, 5.12945, 5.5758, 0.914457, -0.790742, 0, 0, 0
87641, 9.828, 10.1716, 10, 0.172004, -0.171608, 5.41135, 5.27454, 0.914457, -0.790742, 0, 0, 0
87651, 9.79995, 9.80696, 10, 0.200054, 0.193042, 5.45828, 5.58677, 0.914457, -0.790742, 0, 0, 0
87660, 10.1751, 9.82449, 10, -0.175114, 0.17551, 5.13996, 5.59462, 0.914457, -0.790742, 0, 0, 0
87670, 10.1576, 10.5012, 10, -0.157582, -0.501194, 5.13432, 4.99751, 0.914457, -0.790742, 0, 0, 0
87681, 9.82098, 10.1821, 10, 0.179017, -0.182126, 5.42263, 5.22728, 0.914457, -0.790742, 0, 0, 0
87691, 9.79995, 9.44582, 10, 0.200054, 0.554185, 5.46402, 5.87808, 0.914457, -0.790742, 0, 0, 0
87700, 9.8315, 9.47387, 10, 0.168498, 0.526134, 5.45991, 5.92099, 0.914457, -0.790742, 0, 0, 0
87710, 10.1716, 10.5292, 10, -0.171608, -0.529244, 5.16974, 5.02098, 0.914457, -0.790742, 0, 0, 0
87720, 10.1506, 10.1506, 10, -0.15057, -0.15057, 5.16775, 5.30178, 0.914457, -0.790742, 0, 0, 0
87731, 9.82098, 9.47387, 10, 0.179017, 0.526134, 5.45052, 5.90197, 0.914457, -0.790742, 0, 0, 0
87740, 9.48088, 9.81046, 10, 0.519122, 0.189535, 5.78368, 5.65926, 0.914457, -0.790742, 0, 0, 0
87750, 9.82098, 10.1681, 10, 0.179017, -0.168101, 5.53689, 5.35566, 0.914457, -0.790742, 0, 0, 0
87760, 10.1541, 10.1751, 10, -0.154077, -0.175114, 5.25444, 5.32845, 0.914457, -0.790742, 0, 0, 0
87771, 10.1751, 9.82449, 10, -0.175114, 0.17551, 5.21614, 5.62742, 0.914457, -0.790742, 0, 0, 0
87781, 9.80696, 9.81046, 10, 0.193042, 0.189535, 5.53114, 5.66196, 0.914457, -0.790742, 0, 0, 0
87790, 9.81748, 10.1541, 10, 0.182523, -0.154077, 5.5454, 5.37119, 0.914457, -0.790742, 0, 0, 0
87800, 10.1786, 10.1856, 10, -0.17862, -0.185633, 5.23773, 5.32327, 0.914457, -0.790742, 0, 0, 0
87811, 10.1681, 9.80696, 10, -0.168101, 0.193042, 5.22525, 5.64659, 0.914457, -0.790742, 0, 0, 0
87821, 10.1471, 9.80345, 10, -0.147064, 0.196548, 5.22369, 5.67368, 0.914457, -0.790742, 0, 0, 0
87830, 9.83501, 10.1856, 10, 0.164991, -0.185633, 5.49086, 5.3485, 0.914457, -0.790742, 0, 0, 0
87840, 10.1611, 10.5047, 10, -0.161089, -0.504701, 5.21308, 5.03376, 0.914457, -0.790742, 0, 0, 0
87851, 9.81748, 9.80696, 10, 0.182523, 0.193042, 5.50737, 5.60938, 0.914457, -0.790742, 0, 0, 0
87861, 9.81046, 9.45633, 10, 0.189535, 0.543666, 5.53637, 5.95389, 0.914457, -0.790742, 0, 0, 0
87870, 10.1541, 10.5222, 10, -0.154077, -0.522232, 5.2456, 5.04644, 0.914457, -0.790742, 0, 0, 0
87880, 10.1821, 10.1786, 10, -0.182126, -0.17862, 5.20089, 5.29605, 0.914457, -0.790742, 0, 0, 0
87890, 9.81748, 9.80696, 10, 0.182523, 0.193042, 5.51181, 5.61382, 0.914457, -0.790742, 0, 0, 0
87901, 9.79995, 9.80696, 10, 0.200054, 0.193042, 5.55042, 5.6377, 0.914457, -0.790742, 0, 0, 0
87910, 10.1751, 10.1786, 10, -0.175114, -0.17862, 5.2321, 5.32171, 0.914457, -0.790742, 0, 0, 0
87920, 10.1786, 10.1751, 10, -0.17862, -0.175114, 5.20723, 5.30282, 0.914457, -0.790742, 0, 0, 0
87930, 9.80345, 9.80345, 10, 0.196548, 0.196548, 5.5282, 5.62102, 0.914457, -0.790742, 0, 0, 0
87941, 10.1576, 9.82098, 10, -0.157582, 0.179017, 5.22868, 5.62931, 0.914457, -0.790742, 0, 0, 0
87951, 10.1821, 10.5187, 10, -0.182126, -0.518725, 5.18674, 5.0134, 0.914457, -0.790742, 0, 0, 0
87960, 10.1611, 10.1751, 10, -0.161089, -0.175114, 5.18345, 5.26344, 0.914457, -0.790742, 0, 0, 0
87970, 9.82098, 9.82098, 10, 0.179017, 0.179017, 5.47453, 5.56562, 0.914457, -0.790742, 0, 0, 0
87981, 10.1681, 9.80696, 10, -0.168101, 0.193042, 5.17925, 5.60059, 0.914457, -0.790742, 0, 0, 0
87991, 9.81046, 10.5117, 10, 0.189535, -0.511713, 5.4855, 4.98, 0.914457, -0.790742, 0, 0, 0
88000, 10.1681, 10.1576, 10, -0.168101, -0.157582, 5.18191, 5.24053, 0.914457, -0.790742, 0, 0, 0
88010, 10.1681, 9.83501, 10, -0.168101, 0.164991, 5.16111, 5.51602, 0.914457, -0.790742, 0, 0, 0
88020, 10.1681, 10.1611, 10, -0.168101, -0.161089, 5.14031, 5.23825, 0.914457, -0.790742, 0, 0, 0
88031, 9.80345, 10.1541, 10, 0.196548, -0.154077, 5.45297, 5.22473, 0.914457, -0.790742, 0, 0, 0
88040, 10.1751, 9.82098, 10, -0.175114, 0.179017, 5.13742, 5.51027, 0.914457, -0.790742, 0, 0, 0
88050, 10.1681, 10.1716, 10, -0.168101, -0.171608, 5.12217, 5.21178, 0.914457, -0.790742, 0, 0, 0
88060, 9.81748, 9.82098, 10, 0.182523, 0.179017, 5.422, 5.51118, 0.914457, -0.790742, 0, 0, 0
88071, 9.81046, 9.80696, 10, 0.189535, 0.193042, 5.451, 5.54616, 0.914457, -0.790742, 0, 0, 0
88080, 9.81748, 10.1576, 10, 0.182523, -0.157582, 5.46803, 5.24941, 0.914457, -0.790742, 0, 0, 0
88090, 9.82449, 9.82098, 10, 0.17551, 0.179017, 5.4842, 5.53772, 0.914457, -0.790742, 0, 0, 0
88100, 9.81748, 9.82098, 10, 0.182523, 0.179017, 5.51233, 5.55986, 0.914457, -0.790742, 0, 0, 0
88111, 10.1576, 9.82098, 10, -0.157582, 0.179017, 5.2239, 5.58201, 0.914457, -0.790742, 0, 0, 0
88121, 9.81748, 9.81046, 10, 0.182523, 0.189535, 5.51541, 5.61378, 0.914457, -0.790742, 0, 0, 0
88130, 9.47036, 10.1716, 10, 0.529641, -0.171608, 5.85542, 5.30698, 0.914457, -0.790742, 0, 0, 0
88140, 9.47737, 9.81748, 10, 0.522629, 0.182523, 5.91453, 5.60958, 0.914457, -0.790742, 0, 0, 0
88151, 9.81046, 9.82449, 10, 0.189535, 0.17551, 5.67459, 5.62575, 0.914457, -0.790742, 0, 0, 0
88161, 10.1541, 9.80345, 10, -0.154077, 0.196548, 5.38382, 5.6667, 0.914457, -0.790742, 0, 0, 0
88170, 9.82449, 9.81748, 10, 0.17551, 0.182523, 5.66615, 5.67819, 0.914457, -0.790742, 0, 0, 0
88180, 10.1611, 9.47387, 10, -0.161089, 0.526134, 5.38006, 6.01499, 0.914457, -0.790742, 0, 0, 0
88190, 10.1541, 10.5047, 10, -0.154077, -0.504701, 5.36654, 5.13743, 0.914457, -0.790742, 0, 0, 0
88201, 10.1786, 10.1751, 10, -0.17862, -0.175114, 5.32503, 5.37638, 0.914457, -0.790742, 0, 0, 0
88210, 10.1576, 10.1506, 10, -0.157582, -0.15057, 5.32218, 5.37716, 0.914457, -0.790742, 0, 0, 0
88220, 10.1856, 10.1962, 10, -0.185633, -0.196151, 5.27703, 5.31685, 0.914457, -0.790742, 0, 0, 0
88230, 10.1576, 10.5082, 10, -0.157582, -0.508206, 5.27971, 5.00722, 0.914457, -0.790742, 0, 0, 0
88241, 10.1611, 10.1541, 10, -0.161089, -0.154077, 5.25701, 5.26819, 0.914457, -0.790742, 0, 0, 0
88250, 10.5117, 9.82098, 10, -0.511713, 0.179017, 4.91645, 5.55373, 0.914457, -0.790742, 0, 0, 0
88260, 10.1716, 10.1751, 10, -0.171608, -0.175114, 5.16416, 5.25204, 0.914457, -0.790742, 0, 0, 0
88270, 9.82449, 10.5257, 10, 0.17551, -0.525738, 5.46035, 4.90974, 0.914457, -0.790742, 0, 0, 0
88281, 10.1576, 10.1576, 10, -0.157582, -0.157582, 5.17747, 5.18136, 0.914457, -0.790742, 0, 0, 0
88291, 9.82098, 9.79644, 10, 0.179017, 0.20356, 5.46578, 5.49212, 0.914457, -0.790742, 0, 0, 0
88300, 10.1611, 9.48088, 10, -0.161089, 0.519122, 5.17691, 5.80587, 0.914457, -0.790742, 0, 0, 0
88310, 10.1681, 10.5222, 10, -0.168101, -0.522232, 5.15057, 4.91782, 0.914457, -0.790742, 0, 0, 0
88321, 9.82449, 10.1541, 10, 0.17551, -0.154077, 5.44399, 5.18987, 0.914457, -0.790742, 0, 0, 0
88331, 9.81046, 9.48088, 10, 0.189535, 0.519122, 5.47853, 5.78642, 0.914457, -0.790742, 0, 0, 0
88340, 9.81046, 9.79995, 10, 0.189535, 0.200054, 5.50198, 5.55887, 0.914457, -0.790742, 0, 0, 0
88350, 9.47387, 9.83501, 10, 0.526134, 0.164991, 5.83323, 5.55156, 0.914457, -0.790742, 0, 0, 0
88360, 10.1576, 10.1541, 10, -0.157582, -0.154077, 5.27309, 5.2802, 0.914457, -0.790742, 0, 0, 0
88371, 9.80696, 9.81046, 10, 0.193042, 0.189535, 5.57423, 5.57535, 0.914457, -0.790742, 0, 0, 0
88380, 9.8315, 9.81046, 10, 0.168498, 0.189535, 5.57567, 5.5988, 0.914457, -0.790742, 0, 0, 0
88390, 9.80696, 10.1611, 10, 0.193042, -0.161089, 5.61896, 5.30162, 0.914457, -0.790742, 0, 0, 0
88400, 10.1681, 9.828, 10, -0.168101, 0.172004, 5.31259, 5.58629, 0.914457, -0.790742, 0, 0, 0
88411, 9.828, 9.828, 10, 0.172004, 0.172004, 5.6028, 5.60757, 0.914457, -0.790742, 0, 0, 0
88421, 10.1541, 9.80696, 10, -0.154077, 0.193042, 5.3259, 5.64809, 0.914457, -0.790742, 0, 0, 0
88430, 9.81748, 10.1541, 10, 0.182523, -0.154077, 5.61464, 5.35454, 0.914457, -0.790742, 0, 0, 0
88440, 10.1681, 10.1751, 10, -0.168101, -0.175114, 5.31659, 5.31624, 0.914457, -0.790742, 0, 0, 0
88451, 9.828, 9.8315, 10, 0.172004, 0.168498, 5.60681, 5.6088, 0.914457, -0.790742, 0, 0, 0
88461, 10.1506, 10.1506, 10, -0.15057, -0.15057, 5.33311, 5.33787, 0.914457, -0.790742, 0, 0, 0
88470, 10.1716, 10.1681, 10, -0.171608, -0.168101, 5.29524, 5.30321, 0.914457, -0.790742, 0, 0, 0
88480, 9.82449, 10.1681, 10, 0.17551, -0.168101, 5.59143, 5.28241, 0.914457, -0.790742, 0, 0, 0
88491, 10.1576, 9.82098, 10, -0.157582, 0.179017, 5.30855, 5.57904, 0.914457, -0.790742, 0, 0, 0
88501, 9.82449, 10.1611, 10, 0.17551, -0.161089, 5.59365, 5.29018, 0.914457, -0.790742, 0, 0, 0
88510, 9.81046, 10.1541, 10, 0.189535, -0.154077, 5.62819, 5.27666, 0.914457, -0.790742, 0, 0, 0
88520, 10.1611, 10.1786, 10, -0.161089, -0.17862, 5.33101, 5.23515, 0.914457, -0.790742, 0, 0, 0
88530, 9.82098, 9.47036, 10, 0.179017, 0.529641, 5.62209, 5.86073, 0.914457, -0.790742, 0, 0, 0
88541, 9.80696, 9.81046, 10, 0.193042, 0.189535, 5.65706, 5.61524, 0.914457, -0.790742, 0, 0, 0
88550, 10.1786, 10.1716, 10, -0.17862, -0.171608, 5.34108, 5.30844, 0.914457, -0.790742, 0, 0, 0
88560, 10.1471, 10.1506, 10, -0.147064, -0.15057, 5.34784, 5.30645, 0.914457, -0.790742, 0, 0, 0
88570, 9.82098, 9.82449, 10, 0.179017, 0.17551, 5.62783, 5.58601, 0.914457, -0.790742, 0, 0, 0
88581, 9.47737, 9.82449, 10, 0.522629, 0.17551, 5.9642, 5.60772, 0.914457, -0.790742, 0, 0, 0
88591, 9.81748, 10.1576, 10, 0.182523, -0.157582, 5.71784, 5.32484, 0.914457, -0.790742, 0, 0, 0
88600, 10.1541, 10.1681, 10, -0.154077, -0.168101, 5.43262, 5.29572, 0.914457, -0.790742, 0, 0, 0
88610, 10.1751, 9.82449, 10, -0.175114, 0.17551, 5.39432, 5.58914, 0.914457, -0.790742, 0, 0, 0
88621, 10.1681, 10.1611, 10, -0.168101, -0.161089, 5.37906, 5.30305, 0.914457, -0.790742, 0, 0, 0
88631, 9.47036, 9.81046, 10, 0.529641, 0.189535, 5.99632, 5.60375, 0.914457, -0.790742, 0, 0, 0
88640, 10.1576, 10.1576, 10, -0.157582, -0.157582, 5.43341, 5.30978, 0.914457, -0.790742, 0, 0, 0
88650, 10.5257, 10.1821, 10, -0.525738, -0.182126, 5.07725, 5.26784, 0.914457, -0.790742, 0, 0, 0
88660, 9.81046, 9.81046, 10, 0.189535, 0.189535, 5.6663, 5.58518, 0.914457, -0.790742, 0, 0, 0
88671, 9.45633, 9.81046, 10, 0.543666, 0.189535, 6.01359, 5.60862, 0.914457, -0.790742, 0, 0, 0
88680, 10.1786, 9.81748, 10, -0.17862, 0.182523, 5.42035, 5.62566, 0.914457, -0.790742, 0, 0, 0
88690, 9.80345, 10.1611, 10, 0.196548, -0.161089, 5.74132, 5.33402, 0.914457, -0.790742, 0, 0, 0
88700, 9.81748, 10.1681, 10, 0.182523, -0.168101, 5.75281, 5.30768, 0.914457, -0.790742, 0, 0, 0
88711, 9.81748, 9.81748, 10, 0.182523, 0.182523, 5.77539, 5.60751, 0.914457, -0.790742, 0, 0, 0
88720, 10.1821, 9.82449, 10, -0.182126, 0.17551, 5.46452, 5.62368, 0.914457, -0.790742, 0, 0, 0
88730, 9.81748, 9.828, 10, 0.182523, 0.172004, 5.77544, 5.64219, 0.914457, -0.790742, 0, 0, 0
88740, 9.80696, 10.1541, 10, 0.193042, -0.154077, 5.80764, 5.36528, 0.914457, -0.790742, 0, 0, 0
88751, 9.82449, 10.1681, 10, 0.17551, -0.168101, 5.81549, 5.3334, 0.914457, -0.790742, 0, 0, 0
88761, 10.1436, 10.1541, 10, -0.143558, -0.154077, 5.54543, 5.32542, 0.914457, -0.790742, 0, 0, 0
88770, 9.8315, 9.828, 10, 0.168498, 0.172004, 5.81303, 5.60455, 0.914457, -0.790742, 0, 0, 0
88780, 9.81046, 9.81046, 10, 0.189535, 0.189535, 5.85312, 5.64186, 0.914457, -0.790742, 0, 0, 0
88791, 9.82098, 10.1751, 10, 0.179017, -0.175114, 5.86695, 5.33185, 0.914457, -0.790742, 0, 0, 0
88801, 9.82098, 9.81748, 10, 0.179017, 0.182523, 5.88909, 5.63723, 0.914457, -0.790742, 0, 0, 0
88810, 10.1611, 9.45633, 10, -0.161089, 0.543666, 5.60023, 5.99006, 0.914457, -0.790742, 0, 0, 0
88820, 9.81748, 9.82449, 10, 0.182523, 0.17551, 5.89452, 5.72066, 0.914457, -0.790742, 0, 0, 0
88830, 9.82449, 10.1716, 10, 0.17551, -0.171608, 5.91069, 5.42495, 0.914457, -0.790742, 0, 0, 0
88841, 10.1506, 10.1436, 10, -0.15057, -0.143558, 5.63421, 5.42937, 0.914457, -0.790742, 0, 0, 0
88850, 10.1821, 9.48438, 10, -0.182126, 0.515615, 5.58673, 6.01439, 0.914457, -0.790742, 0, 0, 0
88860, 9.82098, 9.81748, 10, 0.179017, 0.182523, 5.89445, 5.77358, 0.914457, -0.790742, 0, 0, 0
88870, 9.80345, 10.1611, 10, 0.196548, -0.161089, 5.93262, 5.48195, 0.914457, -0.790742, 0, 0, 0
88881, 10.1541, 9.80696, 10, -0.154077, 0.193042, 5.63631, 5.78586, 0.914457, -0.790742, 0, 0, 0
88891, 9.81748, 9.81046, 10, 0.182523, 0.189535, 5.92505, 5.80653, 0.914457, -0.790742, 0, 0, 0
88900, 9.82449, 9.47387, 10, 0.17551, 0.526134, 5.94122, 6.13779, 0.914457, -0.790742, 0, 0, 0
88910, 9.82449, 10.1751, 10, 0.17551, -0.175114, 5.96293, 5.56161, 0.914457, -0.790742, 0, 0, 0
88921, 10.5082, 10.1576, 10, -0.508206, -0.157582, 5.35942, 5.55598, 0.914457, -0.790742, 0, 0, 0
88931, 10.1786, 10.1681, 10, -0.17862, -0.168101, 5.59794, 5.52687, 0.914457, -0.790742, 0, 0, 0
88940, 9.81748, 9.48088, 10, 0.182523, 0.519122, 5.90609, 6.13451, 0.914457, -0.790742, 0, 0, 0
88950, 9.46685, 10.1576, 10, 0.533147, -0.157582, 6.2493, 5.57991, 0.914457, -0.790742, 0, 0, 0
88961, 10.1716, 10.1751, 10, -0.171608, -0.175114, 5.67079, 5.54439, 0.914457, -0.790742, 0, 0, 0
88971, 10.5047, 9.80696, 10, -0.504701, 0.193042, 5.34496, 5.85939, 0.914457, -0.790742, 0, 0, 0
88980, 10.1681, 9.80696, 10, -0.168101, 0.193042, 5.59033, 5.88327, 0.914457, -0.790742, 0, 0, 0
88990, 9.81046, 10.1576, 10, 0.189535, -0.157582, 5.89658, 5.58652, 0.914457, -0.790742, 0, 0, 0
89000, 9.47737, 10.1786, 10, 0.522629, -0.17862, 6.22462, 5.54779, 0.914457, -0.790742, 0, 0, 0
89011, 9.80345, 9.45283, 10, 0.196548, 0.547172, 5.99109, 6.18939, 0.914457, -0.790742, 0, 0, 0
89020, 10.5328, 9.82449, 10, -0.53275, 0.17551, 5.3485, 5.91722, 0.914457, -0.790742, 0, 0, 0
89030, 10.1541, 10.1716, 10, -0.154077, -0.171608, 5.62887, 5.62151, 0.914457, -0.790742, 0, 0, 0
89040, 9.81046, 10.5117, 10, 0.189535, -0.511713, 5.92403, 5.28926, 0.914457, -0.790742, 0, 0, 0
89051, 9.47036, 9.82098, 10, 0.529641, 0.179017, 6.25849, 5.8576, 0.914457, -0.790742, 0, 0, 0
89061, 9.80696, 9.79644, 10, 0.193042, 0.20356, 6.01621, 5.90219, 0.914457, -0.790742, 0, 0, 0
89070, 10.1751, 9.83501, 10, -0.175114, 0.164991, 5.70343, 5.89211, 0.914457, -0.790742, 0, 0, 0
89080, 10.5187, 10.1576, 10, -0.518725, -0.157582, 5.36754, 5.61754, 0.914457, -0.790742, 0, 0, 0
89091, 9.81748, 9.82449, 10, 0.182523, 0.17551, 5.94463, 5.90264, 0.914457, -0.790742, 0, 0, 0
89101, 9.80345, 10.1541, 10, 0.196548, -0.154077, 5.98004, 5.62296, 0.914457, -0.790742, 0, 0, 0
89110, 9.828, 10.1716, 10, 0.172004, -0.171608, 5.98191, 5.58787, 0.914457, -0.790742, 0, 0, 0
89120, 9.81748, 9.828, 10, 0.182523, 0.172004, 6.01281, 5.88086, 0.914457, -0.790742, 0, 0, 0
89131, 10.1786, 9.47387, 10, -0.17862, 0.526134, 5.70514, 6.22597, 0.914457, -0.790742, 0, 0, 0
89141, 9.80696, 9.79644, 10, 0.193042, 0.20356, 6.02291, 5.99608, 0.914457, -0.790742, 0, 0, 0
89150, 10.1541, 10.5117, 10, -0.154077, -0.511713, 5.72937, 5.36718, 0.914457, -0.790742, 0, 0, 0
89160, 9.828, 10.1821, 10, 0.172004, -0.182126, 6.00849, 5.60527, 0.914457, -0.790742, 0, 0, 0
89170, 10.1681, 9.81046, 10, -0.168101, 0.189535, 5.71876, 5.9226, 0.914457, -0.790742, 0, 0, 0
89181, 10.1506, 9.45633, 10, -0.15057, 0.543666, 5.71399, 6.26989, 0.914457, -0.790742, 0, 0, 0
89190, 9.47737, 10.1576, 10, 0.522629, -0.157582, 6.31098, 5.69589, 0.914457, -0.790742, 0, 0, 0
89200, 9.81748, 10.8764, 10, 0.182523, -0.876362, 6.06462, 5.0191, 0.914457, -0.790742, 0, 0, 0
89210, 10.5187, 10.1786, 10, -0.518725, -0.17862, 5.44594, 5.54873, 0.914457, -0.790742, 0, 0, 0
89221, 10.1681, 9.46685, 10, -0.168101, 0.533147, 5.7024, 6.17752, 0.914457, -0.790742, 0, 0, 0
89231, 9.81046, 9.45984, 10, 0.189535, 0.540159, 6.00864, 6.24989, 0.914457, -0.790742, 0, 0, 0
89240, 9.81046, 9.80696, 10, 0.189535, 0.193042, 6.03209, 5.99929, 0.914457, -0.790742, 0, 0, 0
89250, 9.828, 10.1786, 10, 0.172004, -0.17862, 6.03951, 5.6833, 0.914457, -0.790742, 0, 0, 0
89261, 9.81748, 9.82098, 10, 0.182523, 0.179017, 6.07041, 5.98825, 0.914457, -0.790742, 0, 0, 0
89271, 10.1716, 9.81748, 10, -0.171608, 0.182523, 5.76915, 6.0136, 0.914457, -0.790742, 0, 0, 0
89280, 10.1576, 10.1436, 10, -0.157582, -0.143558, 5.76075, 5.738, 0.914457, -0.790742, 0, 0, 0
89290, 10.1681, 9.83501, 10, -0.168101, 0.164991, 5.73163, 6.00239, 0.914457, -0.790742, 0, 0, 0
89300, 9.828, 9.82449, 10, 0.172004, 0.17551, 6.02185, 6.03242, 0.914457, -0.790742, 0, 0, 0
89311, 9.45633, 10.1576, 10, 0.543666, -0.157582, 6.383, 5.74954, 0.914457, -0.790742, 0, 0, 0
89320, 10.1716, 10.1576, 10, -0.171608, -0.157582, 5.79617, 5.73004, 0.914457, -0.790742, 0, 0, 0
89330, 10.1506, 10.1611, 10, -0.15057, -0.161089, 5.79418, 5.70734, 0.914457, -0.790742, 0, 0, 0
89340, 10.1821, 9.83501, 10, -0.182126, 0.164991, 5.74669, 5.9856, 0.914457, -0.790742, 0, 0, 0
89351, 9.80696, 9.79644, 10, 0.193042, 0.20356, 6.06724, 6.04128, 0.914457, -0.790742, 0, 0, 0
89360, 10.1576, 10.1681, 10, -0.157582, -0.168101, 5.77049, 5.72659, 0.914457, -0.790742, 0, 0, 0
89370, 9.8315, 10.1856, 10, 0.168498, -0.185633, 6.04918, 5.68976, 0.914457, -0.790742, 0, 0, 0
89380, 10.1751, 10.1611, 10, -0.175114, -0.161089, 5.75581, 5.68924, 0.914457, -0.790742, 0, 0, 0
89391, 10.1541, 10.1611, 10, -0.154077, -0.161089, 5.75338, 5.66931, 0.914457, -0.790742, 0, 0, 0
89401, 9.81748, 9.81748, 10, 0.182523, 0.182523, 6.04212, 5.9636, 0.914457, -0.790742, 0, 0, 0
89410, 10.1751, 10.1681, 10, -0.175114, -0.168101, 5.73766, 5.66555, 0.914457, -0.790742, 0, 0, 0
89420, 9.80696, 9.81748, 10, 0.193042, 0.182523, 6.05266, 5.96539, 0.914457, -0.790742, 0, 0, 0
89431, 9.47387, 10.1751, 10, 0.526134, -0.175114, 6.38114, 5.66093, 0.914457, -0.790742, 0, 0, 0
89441, 10.1506, 10.1436, 10, -0.15057, -0.143558, 5.82741, 5.66812, 0.914457, -0.790742, 0, 0, 0
89450, 10.5328, 10.1751, 10, -0.53275, -0.175114, 5.4593, 5.6215, 0.914457, -0.790742, 0, 0, 0
89460, 10.5187, 9.83501, 10, -0.518725, 0.164991, 5.40621, 5.91085, 0.914457, -0.790742, 0, 0, 0
89470, 9.81748, 9.80345, 10, 0.182523, 0.196548, 5.9833, 5.96012, 0.914457, -0.790742, 0, 0, 0
89481, 9.80696, 10.1576, 10, 0.193042, -0.157582, 6.0155, 5.6606, 0.914457, -0.790742, 0, 0, 0
89490, 10.1611, 9.80345, 10, -0.161089, 0.196548, 5.71555, 5.96494, 0.914457, -0.790742, 0, 0, 0
89500, 9.82098, 9.48438, 10, 0.179017, 0.515615, 6.00663, 6.28103, 0.914457, -0.790742, 0, 0, 0
89510, 9.81046, 9.81046, 10, 0.189535, 0.189535, 6.0384, 6.04663, 0.914457, -0.790742, 0, 0, 0
89521, 9.82098, 10.1716, 10, 0.179017, -0.171608, 6.05223, 5.73983, 0.914457, -0.790742, 0, 0, 0
89530, 10.1716, 10.1576, 10, -0.171608, -0.157582, 5.75374, 5.73142, 0.914457, -0.790742, 0, 0, 0
89540, 10.1611, 9.47387, 10, -0.161089, 0.526134, 5.74213, 6.33716, 0.914457, -0.790742, 0, 0, 0
89550, 10.1611, 9.81748, 10, -0.161089, 0.182523, 5.7222, 6.08803, 0.914457, -0.790742, 0, 0, 0
89561, 9.828, 10.1611, 10, 0.172004, -0.161089, 6.00687, 5.79639, 0.914457, -0.790742, 0, 0, 0
89571, 9.79644, 10.1506, 10, 0.20356, -0.15057, 6.05701, 5.78608, 0.914457, -0.790742, 0, 0, 0
89580, 10.1681, 9.828, 10, -0.168101, 0.172004, 5.74232, 6.06244, 0.914457, -0.790742, 0, 0, 0
89590, 10.1821, 9.828, 10, -0.182126, 0.172004, 5.7087, 6.08372, 0.914457, -0.790742, 0, 0, 0
89601, 9.80345, 10.1541, 10, 0.196548, -0.154077, 6.03245, 5.80681, 0.914457, -0.790742, 0, 0, 0
89611, 9.828, 9.82098, 10, 0.172004, 0.179017, 6.03432, 6.09235, 0.914457, -0.790742, 0, 0, 0
89620, 10.1506, 9.45283, 10, -0.15057, 0.547172, 5.76062, 6.45116, 0.914457, -0.790742, 0, 0, 0
89630, 10.1751, 9.8315, 10, -0.175114, 0.168498, 5.71955, 6.17257, 0.914457, -0.790742, 0, 0, 0
89640, 10.1611, 10.5082, 10, -0.161089, -0.508206, 5.71071, 5.5746, 0.914457, -0.790742, 0, 0, 0
89651, 9.81748, 10.5117, 10, 0.182523, -0.511713, 6.005, 5.50852, 0.914457, -0.790742, 0, 0, 0
89660, 9.82098, 9.47036, 10, 0.179017, 0.529641, 6.02437, 6.39748, 0.914457, -0.790742, 0, 0, 0
89670, 9.47737, 9.82449, 10, 0.522629, 0.17551, 6.36074, 6.13917, 0.914457, -0.790742, 0, 0, 0
89680, 10.1541, 10.1541, 10, -0.154077, -0.154077, 5.80658, 5.85949, 0.914457, -0.790742, 0, 0, 0
89691, 9.82098, 10.1786, 10, 0.179017, -0.17862, 6.09212, 5.81799, 0.914457, -0.790742, 0, 0, 0
89700, 9.11973, 9.82098, 0, -9.11973, -9.82098, -2.38905, -3.02164, 0.914457, -0.790742, 0, 0, 0
89710, 10.1716, 9.82449, 0, -10.1716, -9.82449, -4.47919, -4.23985, 0.914457, -0.790742, 0, 0, 0
89720, 4.90874, 4.55461, 0, -4.90874, -4.55461, -0.924902, -0.636207, 0.914457, -0.790742, 0, 0, 0
89731, -2.10024, -1.39899, 0, 2.10024, 1.39899, 4.87722, 4.24463, 0.914457, -0.790742, 0, 0, 0
89741, -2.80149, -1.04837, 0, 2.80149, 1.04837, 5.77832, 4.09708, 0.914457, -0.790742, 0, 0, 0
89750, 2.10374, 3.50975, 0, -2.10374, -3.50975, 1.63928, 0.0585747, 0.914457, -0.790742, 0, 0, 0
89760, 6.30773, 4.90523, 0, -6.30773, -4.90523, -2.46535, -1.65175, 0.914457, -0.790742, 0, 0, 0
89771, 5.25936, 3.15562, 0, -5.25936, -3.15562, -2.28703, -0.658648, 0.914457, -0.790742, 0, 0, 0
89781, 0.697742, -0.697742, 0, -0.697742, 0.697742, 1.23372, 2.47469, 0.914457, -0.790742, 0, 0, 0
89790, -2.10374, -0.701248, 0, 2.10374, 0.701248, 3.70924, 2.56422, 0.914457, -0.790742, 0, 0, 0
89800, -0.701248, 1.4025, 0, 0.701248, -1.4025, 2.68698, 0.727186, 0.914457, -0.790742, 0, 0, 0
89810, 2.10374, 2.45086, 0, -2.10374, -2.45086, 0.208689, -0.405011, 0.914457, -0.790742, 0, 0, 0
89821, 3.15211, 1.04837, 0, -3.15211, -1.04837, -1.01026, 0.574304, 0.914457, -0.790742, 0, 0, 0
89830, 1.75312, 0, 0, -1.75312, 0, -0.120909, 1.40329, 0.914457, -0.790742, 0, 0, 0
89840, -0.701248, -0.350624, 0, 0.701248, 0.350624, 1.90662, 1.72392, 0.914457, -0.790742, 0, 0, 0
89850, -1.05187, 0.350624, 0, 1.05187, -0.350624, 2.31401, 1.12604, 0.914457, -0.790742, 0, 0, 0
89861, 0.350624, 0.701248, 0, -0.350624, -0.701248, 1.16161, 0.76203, 0.914457, -0.790742, 0, 0, 0
89871, 1.74961, 0.347118, 0, -1.74961, -0.347118, -0.16108, 0.999112, 0.914457, -0.790742, 0, 0, 0
89880, 1.05187, 0, 0, -1.05187, 0, 0.260522, 1.27359, 0.914457, -0.790742, 0, 0, 0
89890, 0.347118, 0.347118, 0, -0.347118, -0.347118, 0.774857, 0.956169, 0.914457, -0.790742, 0, 0, 0
89901, -0.350624, 0.350624, 0, 0.350624, -0.350624, 1.36997, 0.910019, 0.914457, -0.790742, 0, 0, 0
89911, 0, 0.350624, 0, 0, -0.350624, 1.09272, 0.866641, 0.914457, -0.790742, 0, 0, 0
89920, 0.350624, 0, 0, -0.350624, 0, 0.772085, 1.14389, 0.914457, -0.790742, 0, 0, 0
89930, 0.350624, 0.350624, 0, -0.350624, -0.350624, 0.728707, 0.823264, 0.914457, -0.790742, 0, 0, 0
89940, 0, 0, 0, 0, 0, 1.00596, 1.10052, 0.914457, -0.790742, 0, 0, 0
89951, 0, 0.347118, 0, 0, -0.347118, 1.00596, 0.783092, 0.914457, -0.790742, 0, 0, 0
89960, 0, 0, 0, 0, 0, 1.00596, 1.05757, 0.914457, -0.790742, 0, 0, 0
89970, 0.347118, 0.347118, 0, -0.347118, -0.347118, 0.688536, 0.740149, 0.914457, -0.790742, 0, 0, 0
89980, 0, 0, 0, 0, 0, 0.963017, 1.01463, 0.914457, -0.790742, 0, 0, 0
89991, 0, 0, 0, 0, 0, 0.963017, 1.01463, 0.914457, -0.790742, 0, 0, 0
90000, 0, 0, 0, 0, 0, 0.963017, 1.01463, 0.914457, -0.790742, 0, 0, 0
90010, 0, 0, 0, 0, 0, 0.963017, 1.01463, 0.914457, -0.790742, 0, 0, 0
90020, 0, 0, 0, 0, 0, 0.963017, 1.01463, 0.914457, -0.790742, 0, 0, 0
90031, 0, 0, 0, 0, 0, 0.963017, 1.01463, 0.914457, -0.790742, 0, 0, 0
90040, 0, 0, 0, 0, 0, 0.963017, 1.01463, 0.914457, -0.790742, 0, 0, 0
90050, 0, 0, 0, 0, 0, 0.963017, 1.01463, 0.914457, -0.790742, 0, 0, 0
90060, 0, 0, 0, 0, 0, 0.963017, 1.01463, 0.914457, -0.790742, 0, 0, 0
90071, 0, 0, 0, 0, 0, 0.963017, 1.01463, 0.914457, -0.790742, 0, 0, 0
90080, 0, 0, 0, 0, 0, 0.963017, 1.01463, 0.914457, -0.790742, 0, 0, 0
90090, 0, 0.350624, 0, 0, -0.350624, 0.963017, 0.693999, 0.914457, -0.790742, 0, 0, 0
90100, 0, 0, 0, 0, 0, 0.963017, 0.971252, 0.914457, -0.790742, 0, 0, 0
90110, 0, 0, 0, 0, 0, 0.963017, 0.971252, 0.914457, -0.790742, 0, 0, 0
90121, 0, 0, 0, 0, 0, 0.963017, 0.971252, 0.914457, -0.790742, 0, 0, 0
90130, 0, 0, 0, 0, 0, 0.963017, 0.971252, 0.914457, -0.790742, 0, 0, 0
90140, 0, 0, 0, 0, 0, 0.963017, 0.971252, 0.914457, -0.790742, 0, 0, 0
90150, 0, 0, 0, 0, 0, 0.963017, 0.971252, 0.914457, -0.790742, 0, 0, 0
90161, 0, 0, 0, 0, 0, 0.963017, 0.971252, 0.914457, -0.790742, 0, 0, 0
90170, 0, 0, 0, 0, 0, 0.963017, 0.971252, 0.914457, -0.790742, 0, 0, 0
90180, 0, 0, 0, 0, 0, 0.963017, 0.971252, 0.914457, -0.790742, 0, 0, 0
90190, 0, 0, 0, 0, 0, 0.963017, 0.971252, 0.914457, -0.790742, 0, 0, 0
90201, 0, 0, 0, 0, 0, 0.963017, 0.971252, 0.914457, -0.790742, 0, 0, 0
90210, 0, 0, 0, 0, 0, 0.963017, 0.971252, 0.914457, -0.790742, 0, 0, 0
90220, 0, 0, 0, 0, 0, 0.963017, 0.971252, 0.914457, -0.790742, 0, 0, 0
90230, 0, 0, 0, 0, 0, 0.963017, 0.971252, 0.914457, -0.790742, 0, 0, 0
90241, 0, 0, 0, 0, 0, 0.963017, 0.971252, 0.914457, -0.790742, 0, 0, 0
90250, 0, 0, 0, 0, 0, 0.963017, 0.971252, 0.914457, -0.790742, 0, 0, 0
90260, 0, 0, 0, 0, 0, 0.963017, 0.971252, 0.914457, -0.790742, 0, 0, 0
90270, 0, 0, 0, 0, 0, 0.963017, 0.971252, 0.914457, -0.790742, 0, 0, 0
90280, 0, 0, 0, 0, 0, 0.963017, 0.971252, 0.914457, -0.790742, 0, 0, 0
90291, 0, 0, 0, 0, 0, 0.963017, 0.971252, 0.914457, -0.790742, 0, 0, 0
90300, 0, 0, 0, 0, 0, 0.963017, 0.971252, 0.914457, -0.790742, 0, 0, 0
90310, 0, 0, 0, 0, 0, 0.963017, 0.971252, 0.914457, -0.790742, 0, 0, 0
90320, 0, 0, 0, 0, 0, 0.963017, 0.971252, 0.914457, -0.790742, 0, 0, 0
90331, 0, 0, 0, 0, 0, 0.963017, 0.971252, 0.914457, -0.790742, 0, 0, 0
90340, 0, 0, 0, 0, 0, 0.963017, 0.971252, 0.914457, -0.790742, 0, 0, 0
90350, 0, 0, 0, 0, 0, 0.963017, 0.971252, 0.914457, -0.790742, 0, 0, 0
90360, 0, 0, 0, 0, 0, 0.963017, 0.971252, 0.914457, -0.790742, 0, 0, 0
90371, 0, 0, 0, 0, 0, 0.963017, 0.971252, 0.914457, -0.790742, 0, 0, 0
90380, 0, 0, 0, 0, 0, 0.963017, 0.971252, 0.914457, -0.790742, 0, 0, 0
90390, 0, 0, 0, 0, 0, 0.963017, 0.971252, 0.914457, -0.790742, 0, 0, 0
90400, 0, 0, 0, 0, 0, 0.963017, 0.971252, 0.914457, -0.790742, 0, 0, 0
90411, 0, 0, 0, 0, 0, 0.963017, 0.971252, 0.914457, -0.790742, 0, 0, 0
90421, 0, 0, 0, 0, 0, 0.963017, 0.971252, 0.914457, -0.790742, 0, 0, 0
90430, 0, 0, 0, 0, 0, 0.963017, 0.971252, 0.914457, -0.790742, 0, 0, 0
90440, 0, 0, 0, 0, 0, 0.963017, 0.971252, 0.914457, -0.790742, 0, 0, 0
90450, 0, 0, 0, 0, 0, 0.963017, 0.971252, 0.914457, -0.790742, 0, 0, 0
90461, 0, 0, 0, 0, 0, 0.963017, 0.971252, 0.914457, -0.790742, 0, 0, 0
90470, 0, 0, 0, 0, 0, 0.963017, 0.971252, 0.914457, -0.790742, 0, 0, 0
90480, 0, 0, 0, 0, 0, 0.963017, 0.971252, 0.914457, -0.790742, 0, 0, 0
90490, 0, 0, 0, 0, 0, 0.963017, 0.971252, 0.914457, -0.790742, 0, 0, 0
90501, 0, 0, 0, 0, 0, 0.963017, 0.971252, 0.914457, -0.790742, 0, 0, 0
90510, 0, 0, 0, 0, 0, 0.963017, 0.971252, 0.914457, -0.790742, 0, 0, 0
90520, 0, 0, 0, 0, 0, 0.963017, 0.971252, 0.914457, -0.790742, 0, 0, 0
90530, 0, 0, 0, 0, 0, 0.963017, 0.971252, 0.914457, -0.790742, 0, 0, 0
90541, 0, 0, 0, 0, 0, 0.963017, 0.971252, 0.914457, -0.790742, 0, 0, 0
90550, 0, 0, 0, 0, 0, 0.963017, 0.971252, 0.914457, -0.790742, 0, 0, 0
90560, 0, 0, 0, 0, 0, 0.963017, 0.971252, 0.914457, -0.790742, 0, 0, 0
90570, 0, 0, 0, 0, 0, 0.963017, 0.971252, 0.914457, -0.790742, 0, 0, 0
90580, 0, 0, 0, 0, 0, 0.963017, 0.971252, 0.914457, -0.790742, 0, 0, 0
90591, 0, 0, 0, 0, 0, 0.963017, 0.971252, 0.914457, -0.790742, 0, 0, 0
90600, 0, 0, 0, 0, 0, 0.963017, 0.971252, 0.914457, -0.790742, 0, 0, 0
90610, 0, 0, 0, 0, 0, 0.963017, 0.971252, 0.914457, -0.790742, 0, 0, 0
90620, 0, 0, 0, 0, 0, 0.963017, 0.971252, 0.914457, -0.790742, 0, 0, 0
90631, 0, 0, 0, 0, 0, 0.963017, 0.971252, 0.914457, -0.790742, 0, 0, 0
90640, 0, 0, 0, 0, 0, 0.963017, 0.971252, 0.914457, -0.790742, 0, 0, 0
90650, 0, 0, 0, 0, 0, 0.963017, 0.971252, 0.914457, -0.790742, 0, 0, 0
90660, 0, 0, 0, 0, 0, 0.963017, 0.971252, 0.914457, -0.790742, 0, 0, 0
90671, 0, 0, 0, 0, 0, 0.963017, 0.971252, 0.914457, -0.790742, 0, 0, 0
90680, 0, 0, 0, 0, 0, 0.963017, 0.971252, 0.914457, -0.790742, 0, 0, 0
90690, 0, 0, 0, 0, 0, 0.963017, 0.971252, 0.914457, -0.790742, 0, 0, 0
90700, 0, 0, 0, 0, 0, 0.963017, 0.971252, 0.914457, -0.790742, 0, 0, 0
90711, 0, 0, 0, 0, 0, 0.963017, 0.971252, 0.914457, -0.790742, 0, 0, 0
90720, 0, 0, 0, 0, 0, 0.963017, 0.971252, 0.914457, -0.790742, 0, 0, 0
90730, 0, 0, 0, 0, 0, 0.963017, 0.971252, 0.914457, -0.790742, 0, 0, 0
90740, 0, 0, 0, 0, 0, 0.963017, 0.971252, 0.914457, -0.790742, 0, 0, 0
90750, 0, 0, 0, 0, 0, 0.963017, 0.971252, 0.914457, -0.790742, 0, 0, 0
90761, 0, 0, 0, 0, 0, 0.963017, 0.971252, 0.914457, -0.790742, 0, 0, 0
90770, 0, 0, 0, 0, 0, 0.963017, 0.971252, 0.914457, -0.790742, 0, 0, 0
90780, 0, 0, 0, 0, 0, 0.963017, 0.971252, 0.914457, -0.790742, 0, 0, 0
90790, 0, 0, 0, 0, 0, 0.963017, 0.971252, 0.914457, -0.790742, 0, 0, 0
90801, 0, 0, 0, 0, 0, 0.963017, 0.971252, 0.914457, -0.790742, 0, 0, 0
90810, 0, 0, 0, 0, 0, 0.963017, 0.971252, 0.914457, -0.790742, 0, 0, 0
90820, 0, 0, 0, 0, 0, 0.963017, 0.971252, 0.914457, -0.790742, 0, 0, 0
90830, 0, 0, 0, 0, 0, 0.963017, 0.971252, 0.914457, -0.790742, 0, 0, 0
90841, 0, 0, 0, 0, 0, 0.963017, 0.971252, 0.914457, -0.790742, 0, 0, 0
90850, 0, 0, 0, 0, 0, 0.963017, 0.971252, 0.914457, -0.790742, 0, 0, 0
90860, 0, 0, 0, 0, 0, 0.963017, 0.971252, 0.914457, -0.790742, 0, 0, 0
90870, 0, 0, 0, 0, 0, 0.963017, 0.971252, 0.914457, -0.790742, 0, 0, 0
90881, 0, 0, 0, 0, 0, 0.963017, 0.971252, 0.914457, -0.790742, 0, 0, 0
90890, 0, 0, 0, 0, 0, 0.963017, 0.971252, 0.914457, -0.790742, 0, 0, 0
90900, 0, 0, 0, 0, 0, 0.963017, 0.971252, 0.914457, -0.790742, 0, 0, 0
90910, 0, 0, 0, 0, 0, 0.963017, 0.971252, 0.914457, -0.790742, 0, 0, 0
90920, 0, 0, 0, 0, 0, 0.963017, 0.971252, 0.914457, -0.790742, 0, 0, 0
90931, 0, 0, 0, 0, 0, 0.963017, 0.971252, 0.914457, -0.790742, 0, 0, 0
90940, 0, 0, 0, 0, 0, 0.963017, 0.971252, 0.914457, -0.790742, 0, 0, 0
90950, 0, 0, 0, 0, 0, 0.963017, 0.971252, 0.914457, -0.790742, 0, 0, 0
90960, 0, 0, 0, 0, 0, 0.963017, 0.971252, 0.914457, -0.790742, 0, 0, 0
90971, 0, 0, 0, 0, 0, 0.963017, 0.971252, 0.914457, -0.790742, 0, 0, 0
90980, 0, 0, 0, 0, 0, 0.963017, 0.971252, 0.914457, -0.790742, 0, 0, 0
90990, 0, 0, 0, 0, 0, 0.963017, 0.971252, 0.914457, -0.790742, 0, 0, 0
91000, 0, 0, 0, 0, 0, 0.963017, 0.971252, 0.914457, -0.790742, 0, 0, 0
91011, 0, 0, 0, 0, 0, 0.963017, 0.971252, 0.914457, -0.790742, 0, 0, 0
91020, 0, 0, 0, 0, 0, 0.963017, 0.971252, 0.914457, -0.790742, 0, 0, 0
91030, 0, 0, 0, 0, 0, 0.963017, 0.971252, 0.914457, -0.790742, 0, 0, 0
91040, 0, 0, 0, 0, 0, 0.963017, 0.971252, 0.914457, -0.790742, 0, 0, 0
91051, 0, 0, 0, 0, 0, 0.963017, 0.971252, 0.914457, -0.790742, 0, 0, 0
91061, 0, 0, 0, 0, 0, 0.963017, 0.971252, 0.914457, -0.790742, 0, 0, 0
91070, 0, 0, 0, 0, 0, 0.963017, 0.971252, 0.914457, -0.790742, 0, 0, 0
91080, 0, 0, 0, 0, 0, 0.963017, 0.971252, 0.914457, -0.790742, 0, 0, 0
91090, 0, 0, 0, 0, 0, 0.963017, 0.971252, 0.914457, -0.790742, 0, 0, 0
91101, 0, 0, 0, 0, 0, 0.963017, 0.971252, 0.914457, -0.790742, 0, 0, 0
91110, 0, 0, 0, 0, 0, 0.963017, 0.971252, 0.914457, -0.790742, 0, 0, 0
91120, 0, 0, 0, 0, 0, 0.963017, 0.971252, 0.914457, -0.790742, 0, 0, 0
91130, 0, 0, 0, 0, 0, 0.963017, 0.971252, 0.914457, -0.790742, 0, 0, 0
91141, 0, 0, 0, 0, 0, 0.963017, 0.971252, 0.914457, -0.790742, 0, 0, 0
91150, 0, 0, 0, 0, 0, 0.963017, 0.971252, 0.914457, -0.790742, 0, 0, 0
91160, 0, 0, 0, 0, 0, 0.963017, 0.971252, 0.914457, -0.790742, 0, 0, 0
91170, 0, 0, 0, 0, 0, 0.963017, 0.971252, 0.914457, -0.790742, 0, 0, 0
91181, 0, 0, 0, 0, 0, 0.963017, 0.971252, 0.914457, -0.790742, 0, 0, 0
91190, 0, 0, 0, 0, 0, 0.963017, 0.971252, 0.914457, -0.790742, 0, 0, 0
91200, 0, 0, 0, 0, 0, 0.963017, 0.971252, 0.914457, -0.790742, 0, 0, 0
91210, 0, 0, 0, 0, 0, 0.963017, 0.971252, 0.914457, -0.790742, 0, 0, 0
91220, 0, 0, 0, 0, 0, 0.963017, 0.971252, 0.914457, -0.790742, 0, 0, 0
91231, 0, 0, 0, 0, 0, 0.963017, 0.971252, 0.914457, -0.790742, 0, 0, 0
91240, 0, 0, 0, 0, 0, 0.963017, 0.971252, 0.914457, -0.790742, 0, 0, 0
91250, 0, 0, 0, 0, 0, 0.963017, 0.971252, 0.914457, -0.790742, 0, 0, 0
91260, 0, 0, 0, 0, 0, 0.963017, 0.971252, 0.914457, -0.790742, 0, 0, 0
91271, 0, 0, 0, 0, 0, 0.963017, 0.971252, 0.914457, -0.790742, 0, 0, 0
91280, 0, 0, 0, 0, 0, 0.963017, 0.971252, 0.914457, -0.790742, 0, 0, 0
91290, 0, 0, 0, 0, 0, 0.963017, 0.971252, 0.914457, -0.790742, 0, 0, 0
91300, 0, 0, 0, 0, 0, 0.963017, 0.971252, 0.914457, -0.790742, 0, 0, 0
91311, 0, 0, 0, 0, 0, 0.963017, 0.971252, 0.914457, -0.790742, 0, 0, 0
91320, 0, 0, 0, 0, 0, 0.963017, 0.971252, 0.914457, -0.790742, 0, 0, 0
91330, 0, 0, 0, 0, 0, 0.963017, 0.971252, 0.914457, -0.790742, 0, 0, 0
91340, 0, 0, 0, 0, 0, 0.963017, 0.971252, 0.914457, -0.790742, 0, 0, 0
91351, 0, 0, 0, 0, 0, 0.963017, 0.971252, 0.914457, -0.790742, 0, 0, 0
91360, 0, 0, 0, 0, 0, 0.963017, 0.971252, 0.914457, -0.790742, 0, 0, 0
91370, 0, 0, 0, 0, 0, 0.963017, 0.971252, 0.914457, -0.790742, 0, 0, 0
91380, 0, 0, 0, 0, 0, 0.963017, 0.971252, 0.914457, -0.790742, 0, 0, 0
91390, 0, 0, 0, 0, 0, 0.963017, 0.971252, 0.914457, -0.790742, 0, 0, 0
91401, 0, 0, 0, 0, 0, 0.963017, 0.971252, 0.914457, -0.790742, 0, 0, 0
91410, 0, 0, 0, 0, 0, 0.963017, 0.971252, 0.914457, -0.790742, 0, 0, 0
91420, 0, 0, 0, 0, 0, 0.963017, 0.971252, 0.914457, -0.790742, 0, 0, 0
91430, 0, 0, 0, 0, 0, 0.963017, 0.971252, 0.914457, -0.790742, 0, 0, 0
91441, 0, 0, 0, 0, 0, 0.963017, 0.971252, 0.914457, -0.790742, 0, 0, 0
91450, 0, 0, 0, 0, 0, 0.963017, 0.971252, 0.914457, -0.790742, 0, 0, 0
91460, 0, 0, 0, 0, 0, 0.963017, 0.971252, 0.914457, -0.790742, 0, 0, 0
91470, 0, 0, 0, 0, 0, 0.963017, 0.971252, 0.914457, -0.790742, 0, 0, 0
