QGPIORecord, QRC v6.1.0, 08-12-2021 @ 11:41:04, Windows 10 Version 2009, 10.0.19042, x86_64
Time, VoltA, voltB, desired_velocity, xA, xB, vA, vB, Front Distance, xhat(0), Phat(0), nu(0), S(0)
44060, 0, 0, 0, -1.89337, -1.84779, 0, 0, 0.292402, -0.292402, 9.68575e-08, 0.00316259, 0.1
44070, 0, 0, 0, -1.89337, -1.84779, 0, 0, 0.292402, -0.292402, 9.68575e-08, 0, 0.1
44082, 0, 0, 0, -1.89337, -1.84779, 0, 0, 0.292402, -0.292402, 9.68575e-08, 0, 0.1
44090, 0, 0, 0, -1.89337, -1.84779, 0, 0, 0.292402, -0.292402, 9.68575e-08, 0, 0.1
44100, 0, 0, 0, -1.89337, -1.84779, 0, 0, 0.289239, -0.289239, 9.68575e-08, -0.00316259, 0.1
44110, 0, 0, 0, -1.89337, -1.84779, 0, 0, 0.292402, -0.292402, 9.68575e-08, 0.00316259, 0.1
44121, 0, 0, 0, -1.89337, -1.84779, 0, 0, 0.292402, -0.292402, 9.68575e-08, 0, 0.1
44131, 0, 0, 0, -1.89337, -1.84779, 0, 0, 0.292402, -0.292402, 9.68575e-08, 0, 0.1
44140, 0, 0, 0, -1.89337, -1.84779, 0, 0, 0.289239, -0.289239, 9.68575e-08, -0.00316259, 0.1
44150, 0, 0, 0, -1.89337, -1.84779, 0, 0, 0.292402, -0.292402, 9.68575e-08, 0.00316259, 0.1
44161, 0, 0, 0, -1.89337, -1.84779, 0, 0, 0.292402, -0.292402, 9.68575e-08, 0, 0.1
44171, 0, 0, 0, -1.89337, -1.84779, 0, 0, 0.292402, -0.292402, 9.68575e-08, 0, 0.1
44180, 0, 0, 0, -1.89337, -1.84779, 0, 0, 0.289239, -0.289239, 9.68575e-08, -0.00316259, 0.1
44190, 0, 0, 0, -1.89337, -1.84779, 0, 0, 0.292402, -0.292402, 9.68575e-08, 0.00316259, 0.1
44200, 0, 0, 0, -1.89337, -1.84779, 0, 0, 0.289239, -0.289239, 9.68575e-08, -0.00316259, 0.1
44211, 0, 0, 0, -1.89337, -1.84779, 0, 0, 0.295637, -0.295637, 9.68575e-08, 0.00639787, 0.1
44220, 0, 0, 0, -1.89337, -1.84779, 0, 0, 0.292402, -0.292402, 9.68575e-08, -0.00323528, 0.1
44230, 0, 0, 0, -1.89337, -1.84779, 0, 0, 0.302336, -0.302336, 9.68575e-08, 0.00993425, 0.1
44240, 0, 0, 0, -1.89337, -1.84779, 0, 0, 0.305805, -0.305805, 9.68575e-08, 0.00346911, 0.1
44251, 0, 0, 0, -1.89337, -1.84779, 0, 0, 0.289239, -0.289239, 9.68575e-08, -0.0165659, 0.1
44261, 0, 0, 0, -1.89337, -1.84779, 0, 0, 0.292402, -0.292402, 9.68575e-08, 0.00316256, 0.1
44270, 0, 0, 0, -1.89337, -1.84779, 0, 0, 0.305805, -0.305805, 9.68575e-08, 0.0134034, 0.1
44280, 0, 0, 0, -1.89337, -1.84779, 0, 0, 0.292402, -0.292402, 9.68575e-08, -0.0134034, 0.1
44291, 0, 0, 0, -1.89337, -1.84779, 0, 0, 0.292402, -0.292402, 9.68575e-08, 0, 0.1
44301, 0, 0, 0, -1.89337, -1.84779, 0, 0, 0.292402, -0.292402, 9.68575e-08, 0, 0.1
44310, 0, 0, 0, -1.89337, -1.84779, 0, 0, 0.292402, -0.292402, 9.68575e-08, 0, 0.1
44320, 0, 0, 0, -1.89337, -1.84779, 0, 0, 0.24683, -0.24683, 9.68575e-08, -0.0455714, 0.1
44331, 0, 0, 0, -1.89337, -1.84779, 0, 0, 0.292402, -0.292401, 9.68575e-08, 0.0455714, 0.1
44341, 0, 0, 0, -1.89337, -1.84779, 0, 0, 0.292402, -0.292402, 9.68575e-08, 5.96046e-08, 0.1
44350, 0, 0, 0, -1.89337, -1.84779, 0, 0, 0.302336, -0.302336, 9.68575e-08, 0.00993425, 0.1
44360, 0, 0, 0, -1.89337, -1.84779, 0, 0, 0.292402, -0.292402, 9.68575e-08, -0.00993425, 0.1
44370, 0, 0, 0, -1.89337, -1.84779, 0, 0, 0.292402, -0.292402, 9.68575e-08, 0, 0.1
44381, 0, 0, 0, -1.89337, -1.84779, 0, 0, 0.292402, -0.292402, 9.68575e-08, 0, 0.1
44390, 0, 0, 0, -1.89337, -1.84779, 0, 0, 0.292402, -0.292402, 9.68575e-08, 0, 0.1
44400, 0, 0, 0, -1.89337, -1.84779, 0, 0, 0.305805, -0.305805, 9.68575e-08, 0.0134034, 0.1
44410, 0, 0, 0, -1.89337, -1.84779, 0, 0, 0.289239, -0.289239, 9.68575e-08, -0.0165659, 0.1
44421, 0, 0, 0, -1.89337, -1.84779, 0, 0, 0.292402, -0.292402, 9.68575e-08, 0.00316256, 0.1
44431, 0, 0, 0, -1.89337, -1.84779, 0, 0, 0.292402, -0.292402, 9.68575e-08, 0, 0.1
44440, 0, 0, 0, -1.89337, -1.84779, 0, 0, 0.292402, -0.292402, 9.68575e-08, 0, 0.1
44450, 0, 0, 0, -1.89337, -1.84779, 0, 0, 0.292402, -0.292402, 9.68575e-08, 0, 0.1
44461, 0, 0, 0, -1.89337, -1.84779, 0, 0, 0.289239, -0.289239, 9.68575e-08, -0.00316259, 0.1
44471, 0, 0, 0, -1.89337, -1.84779, 0, 0, 0.292402, -0.292402, 9.68575e-08, 0.00316259, 0.1
44480, 0, 0, 0, -1.89337, -1.84779, 0, 0, 0.302336, -0.302336, 9.68575e-08, 0.00993425, 0.1
44490, 0, 0, 0, -1.89337, -1.84779, 0, 0, 0.305805, -0.305805, 9.68575e-08, 0.00346911, 0.1
44500, 0, 0, 0, -1.89337, -1.84779, 0, 0, 0.289239, -0.289239, 9.68575e-08, -0.0165659, 0.1
44511, 0, 0, 0, -1.89337, -1.84779, 0, 0, 0.302336, -0.302336, 9.68575e-08, 0.0130968, 0.1
44520, 0, 0, 0, -1.89337, -1.84779, 0, 0, 0.305805, -0.305805, 9.68575e-08, 0.00346911, 0.1
44530, 0, 0, 0, -1.89337, -1.84779, 0, 0, 0.292402, -0.292402, 9.68575e-08, -0.0134034, 0.1
44540, 0, 0, 0, -1.89337, -1.84779, 0, 0, 0.292402, -0.292402, 9.68575e-08, 0, 0.1
44551, 0, 0, 0, -1.89337, -1.84779, 0, 0, 0.292402, -0.292402, 9.68575e-08, 0, 0.1
44560, 0, 0, 0, -1.89337, -1.84779, 0, 0, 0.292402, -0.292402, 9.68575e-08, 0, 0.1
44570, 0, 0, 0, -1.89337, -1.84779, 0, 0, 0.292402, -0.292402, 9.68575e-08, 0, 0.1
44580, 0, 0, 0, -1.89337, -1.84779, 0, 0, 0.289239, -0.289239, 9.68575e-08, -0.00316259, 0.1
44591, 0, 0, 0, -1.89337, -1.84779, 0, 0, 0.292402, -0.292402, 9.68575e-08, 0.00316259, 0.1
44601, 0, 0, 0, -1.89337, -1.84779, 0, 0, 0.292402, -0.292402, 9.68575e-08, 0, 0.1
44610, 0, 0, 0, -1.89337, -1.84779, 0, 0, 0.292402, -0.292402, 9.68575e-08, 0, 0.1
44620, 0, 0, 0, -1.89337, -1.84779, 0, 0, 0.292402, -0.292402, 9.68575e-08, 0, 0.1
44631, 0, 0, 0, -1.89337, -1.84779, 0, 0, 0.292402, -0.292402, 9.68575e-08, 0, 0.1
44641, 0, 0, 0, -1.89337, -1.84779, 0, 0, 0.289239, -0.289239, 9.68575e-08, -0.00316259, 0.1
44650, 0, 0, 0, -1.89337, -1.84779, 0, 0, 0.292402, -0.292402, 9.68575e-08, 0.00316259, 0.1
44660, 0, 0, 0, -1.89337, -1.84779, 0, 0, 0.292402, -0.292402, 9.68575e-08, 0, 0.1
44670, 0, 0, 0, -1.89337, -1.84779, 0, 0, 0.292402, -0.292402, 9.68575e-08, 0, 0.1
44681, 0, 0, 0, -1.89337, -1.84779, 0, 0, 0.295637, -0.295637, 9.68575e-08, 0.00323528, 0.1
44690, 0, 0, 0, -1.89337, -1.84779, 0, 0, 0.289239, -0.289239, 9.68575e-08, -0.00639787, 0.1
44700, 0, 0, 0, -1.89337, -1.84779, 0, 0, 0.292402, -0.292402, 9.68575e-08, 0.00316259, 0.1
44710, 0, 0, 0, -1.89337, -1.84779, 0, 0, 0.292402, -0.292402, 9.68575e-08, 0, 0.1
44721, 0, 0, 0, -1.89337, -1.84779, 0, 0, 0.286147, -0.286147, 9.68575e-08, -0.00625488, 0.1
44731, 0, 0, 0, -1.89337, -1.84779, 0, 0, 0.292402, -0.292402, 9.68575e-08, 0.00625488, 0.1
44740, 0, 0, 0, -1.89337, -1.84779, 0, 0, 0.292402, -0.292402, 9.68575e-08, 0, 0.1
44750, 0, 0, 0, -1.89337, -1.84779, 0, 0, 0.292402, -0.292402, 9.68575e-08, 0, 0.1
44761, 0, 0, 0, -1.89337, -1.84779, 0, 0, 0.289239, -0.289239, 9.68575e-08, -0.00316259, 0.1
44771, 0, 0, 0, -1.89337, -1.84779, 0, 0, 0.292402, -0.292402, 9.68575e-08, 0.00316259, 0.1
44780, 0, 0, 0, -1.89337, -1.84779, 0, 0, 0.305805, -0.305805, 9.68575e-08, 0.0134034, 0.1
44790, 0, 0, 0, -1.89337, -1.84779, 0, 0, 0.305805, -0.305805, 9.68575e-08, 0, 0.1
44801, 0, 0, 0, -1.89337, -1.84779, 0, 0, 0.305805, -0.305805, 9.68575e-08, 0, 0.1
44811, 0, 0, 0, -1.89337, -1.84779, 0, 0, 0.289239, -0.289239, 9.68575e-08, -0.0165659, 0.1
44820, 0, 0, 0, -1.89337, -1.84779, 0, 0, 0.292402, -0.292402, 9.68575e-08, 0.00316256, 0.1
44830, 0, 0, 0, -1.89337, -1.84779, 0, 0, 0.292402, -0.292402, 9.68575e-08, 0, 0.1
44840, 0, 0, 0, -1.89337, -1.84779, 0, 0, 0.292402, -0.292402, 9.68575e-08, 0, 0.1
44851, 0, 0, 0, -1.89337, -1.84779, 0, 0, 0.292402, -0.292402, 9.68575e-08, 0, 0.1
44860, 0, 0, 0, -1.89337, -1.84779, 0, 0, 0.289239, -0.289239, 9.68575e-08, -0.00316259, 0.1
44870, 0, 0, 0, -1.89337, -1.84779, 0, 0, 0.292402, -0.292402, 9.68575e-08, 0.00316259, 0.1
44880, 0, 0, 0, -1.89337, -1.84779, 0, 0, 0.292402, -0.292402, 9.68575e-08, 0, 0.1
44891, 0, 0, 0, -1.89337, -1.84779, 0, 0, 0.305805, -0.305805, 9.68575e-08, 0.0134034, 0.1
44901, 0, 0, 0, -1.89337, -1.84779, 0, 0, 0.298947, -0.298947, 9.68575e-08, -0.00685751, 0.1
44910, 0, 0, 0, -1.89337, -1.84779, 0, 0, 0.289239, -0.289239, 9.68575e-08, -0.00970843, 0.1
44920, 0, 0, 0, -1.89337, -1.84779, 0, 0, 0.292402, -0.292402, 9.68575e-08, 0.00316259, 0.1
44931, 0, 0, 0, -1.89337, -1.84779, 0, 0, 0.295637, -0.295637, 9.68575e-08, 0.00323528, 0.1
44941, 0, 0, 0, -1.89337, -1.84779, 0, 0, 0.289239, -0.289239, 9.68575e-08, -0.00639787, 0.1
44950, 0, 0, 0, -1.89337, -1.84779, 0, 0, 0.292402, -0.292402, 9.68575e-08, 0.00316259, 0.1
44960, 0, 0, 0, -1.89337, -1.84779, 0, 0, 0.292402, -0.292402, 9.68575e-08, 0, 0.1
44971, 0, 0, 0, -1.89337, -1.84779, 0, 0, 0.295637, -0.295637, 9.68575e-08, 0.00323528, 0.1
44981, 0, 0, 0, -1.89337, -1.84779, 0, 0, 0.292402, -0.292402, 9.68575e-08, -0.00323528, 0.1
44990, 0, 0, 0, -1.89337, -1.84779, 0, 0, 0.292402, -0.292402, 9.68575e-08, 0, 0.1
45000, 0, 0, 0, -1.89337, -1.84779, 0, 0, 0.292402, -0.292402, 9.68575e-08, 0, 0.1
45010, 0, 0, 0, -1.89337, -1.84779, 0, 0, 0.292402, -0.292402, 9.68575e-08, 0, 0.1
45021, 0, 0, 0, -1.89337, -1.84779, 0, 0, 0.305805, -0.305805, 9.68575e-08, 0.0134034, 0.1
45030, 0, 0, 0, -1.89337, -1.84779, 0, 0, 0.305805, -0.305805, 9.68575e-08, 0, 0.1
45040, 0, 0, 0, -1.89337, -1.84779, 0, 0, 0.289239, -0.289239, 9.68575e-08, -0.0165659, 0.1
45050, 0, 0, 0, -1.89337, -1.84779, 0, 0, 0.292402, -0.292402, 9.68575e-08, 0.00316256, 0.1
45061, 0, 0, 0, -1.89337, -1.84779, 0, 0, 0.292402, -0.292402, 9.68575e-08, 0, 0.1
45071, 0, 0, 0, -1.89337, -1.84779, 0, 0, 0.289239, -0.289239, 9.68575e-08, -0.00316259, 0.1
45080, 0, 0, 0, -1.89337, -1.84779, 0, 0, 0.286147, -0.286147, 9.68575e-08, -0.00309229, 0.1
45090, 0, 0, 0, -1.89337, -1.84779, 0, 0, 0.305805, -0.305805, 9.68575e-08, 0.0196582, 0.1
45101, 0, 0, 0, -1.89337, -1.84779, 0, 0, 0.305805, -0.305805, 9.68575e-08, 2.98023e-08, 0.1
45111, 0, 0, 0, -1.89337, -1.84779, 0, 0, 0.292402, -0.292402, 9.68575e-08, -0.0134034, 0.1
45120, 0, 0, 0, -1.89337, -1.84779, 0, 0, 0.292402, -0.292402, 9.68575e-08, 0, 0.1
45130, 0, 0, 0, -1.89337, -1.84779, 0, 0, 0.292402, -0.292402, 9.68575e-08, 0, 0.1
45140, 0, 0, 0, -1.89337, -1.84779, 0, 0, 0.292402, -0.292402, 9.68575e-08, 0, 0.1
45151, 0, 0, 0, -1.89337, -1.84779, 0, 0, 0.292402, -0.292402, 9.68575e-08, 0, 0.1
45160, 0, 0, 0, -1.89337, -1.84779, 0, 0, 0.292402, -0.292402, 9.68575e-08, 0, 0.1
45170, 0, 0, 0, -1.89337, -1.84779, 0, 0, 0.289239, -0.289239, 9.68575e-08, -0.00316259, 0.1
45180, 0, 0, 0, -1.89337, -1.84779, 0, 0, 0.292402, -0.292402, 9.68575e-08, 0.00316259, 0.1
45191, 0, 0, 0, -1.89337, -1.84779, 0, 0, 0.305805, -0.305805, 9.68575e-08, 0.0134034, 0.1
45201, 0, 0, 0, -1.89337, -1.84779, 0, 0, 0.305805, -0.305805, 9.68575e-08, 0, 0.1
45210, 0.20849, 0.232578, 15.5805, -1.89337, -1.84779, 0, 0, 0.305805, -0.305805, 9.68575e-08, 0, 0.1
45220, 0.607535, 0.677725, 14.2402, -1.89337, -1.84779, 0, 0, 0.292402, -0.292402, 9.68575e-08, -0.0083397, 0.1
45231, 0.988645, 1.10287, 14.2402, -1.89337, -1.84779, 0, 0, 0.292402, -0.292402, 9.68575e-08, 0.00462806, 0.1
45241, 1.38769, 1.54283, 15.5805, -1.89337, -1.84428, 0, 0.347118, 0.305805, -0.305805, 9.68575e-08, 0.0180314, 0.1
45251, 1.77735, 1.9672, 14.2402, -1.88636, -1.83376, 0.701248, 1.04486, 0.292402, -0.292402, 9.68575e-08, -0.00833967, 0.1
45260, 2.13969, 2.36104, 14.2402, -1.87935, -1.82325, 0.701248, 1.05187, 0.292402, -0.292402, 9.68575e-08, 0.00462806, 0.1
45271, 2.49311, 2.73964, 13.9239, -1.86883, -1.80922, 1.05187, 1.74961, 0.289239, -0.289239, 9.68575e-08, 0.00146547, 0.1
45281, 2.82362, 3.09792, 13.9239, -1.84779, -1.78468, 2.09673, 2.09673, 0.289239, -0.289239, 9.68575e-08, 0.00452527, 0.1
45291, 3.14429, 3.44517, 14.2402, -1.82675, -1.76013, 2.10374, 2.80499, 0.292402, -0.292402, 9.68575e-08, 0.00768787, 0.1
45300, 3.45079, 3.77656, 13.9239, -1.7952, -1.72507, 3.15562, 3.15912, 0.289239, -0.289239, 9.68575e-08, 0.00146547, 0.1
45310, 3.73862, 4.08722, 14.2402, -1.76013, -1.683, 3.49923, 4.19347, 0.292402, -0.292402, 9.68575e-08, 0.00768787, 0.1
45321, 4.00772, 4.377, 13.9239, -1.71806, -1.63741, 4.55461, 4.55811, 0.289239, -0.289239, 9.68575e-08, 0.00146547, 0.1
45331, 4.25833, 4.6461, 13.9239, -1.66897, -1.58482, 4.56513, 5.26287, 0.289239, -0.289239, 9.68575e-08, 0.00452527, 0.1
45340, 4.49914, 4.8938, 14.2402, -1.61287, -1.52171, 5.60297, 6.30773, 0.292402, -0.292402, 9.68575e-08, 0.00768787, 0.1
45350, 4.72128, 5.12061, 13.9239, -1.55327, -1.45509, 5.96061, 6.66186, 0.289239, -0.289239, 9.68575e-08, 0.00146547, 0.1
45361, 4.92985, 5.32711, 13.9239, -1.49015, -1.38146, 6.30072, 7.35259, 0.289239, -0.289239, 9.68575e-08, 0.00452527, 0.1
45371, 5.11225, 5.50441, 13.0164, -1.42003, -1.30432, 7.00898, 7.71023, 0.280164, -0.280164, 9.68575e-08, -0.00454998, 0.1
45381, 5.26418, 5.64793, 12.7269, -1.3464, -1.22368, 7.38064, 8.41849, 0.277269, -0.277269, 9.68575e-08, 0.00133535, 0.1
45390, 5.40217, 5.77564, 13.0164, -1.26575, -1.13602, 8.05033, 8.76911, 0.280164, -0.280164, 9.68575e-08, 0.0070312, 0.1
45401, 5.51519, 5.88047, 11.8946, -1.1816, -1.04135, 8.41498, 9.11973, 0.268946, -0.268946, 9.68575e-08, -0.00698769, 0.1
45411, 5.59681, 5.94561, 11.368, -1.09395, -0.943179, 8.74807, 9.77891, 0.26368, -0.26368, 9.68575e-08, -0.00139987, 0.1
45421, 5.66994, 6.00113, 11.6286, -1.00629, -0.848511, 8.78314, 9.49841, 0.266286, -0.266286, 9.68575e-08, 0.00630027, 0.1
45430, 5.72332, 6.03963, 10.6173, -0.911623, -0.750336, 9.47387, 10.1681, 0.256173, -0.256173, 9.68575e-08, -0.00633377, 0.1
45441, 5.7527, 6.05136, 10.8625, -0.813448, -0.641642, 9.81046, 10.5257, 0.258625, -0.258625, 9.68575e-08, 0.00590301, 0.1
45451, 5.77297, 6.05289, 10.6173, -0.711767, -0.532949, 10.1541, 10.8518, 0.256173, -0.256173, 9.68575e-08, 0.00107792, 0.1
45461, 5.78495, 6.0405, 10.6173, -0.610086, -0.424255, 10.1856, 11.213, 0.256173, -0.256173, 9.68575e-08, 0.0034506, 0.1
45470, 5.77949, 6.01348, 9.68301, -0.504899, -0.312056, 10.5222, 10.8974, 0.24683, -0.24683, 9.68575e-08, -0.00589193, 0.1
45480, 5.74564, 5.95964, 8.81733, -0.403218, -0.199856, 10.5082, 11.2095, 0.238173, -0.238173, 9.68575e-08, -0.00550987, 0.1
45491, 5.70034, 5.88304, 8.81733, -0.294524, -0.087656, 10.5117, 11.5566, 0.238173, -0.238173, 9.68575e-08, 0.00286563, 0.1
45501, 5.64409, 5.79449, 8.01293, -0.189337, 0.0245437, 10.5222, 11.2059, 0.230129, -0.230129, 9.68575e-08, -0.00517835, 0.1
45510, 5.575, 5.70156, 8.20865, -0.0806436, 0.14025, 10.8623, 11.241, 0.232086, -0.232086, 9.68575e-08, 0.00456133, 0.1
45520, 5.49114, 5.592, 7.26354, 0.0280499, 0.252449, 10.8764, 11.5706, 0.222635, -0.222635, 9.68575e-08, -0.00678328, 0.1
45531, 5.39469, 5.46859, 7.26354, 0.136743, 0.364649, 10.8588, 11.2235, 0.222635, -0.222635, 9.68575e-08, 0.00236066, 0.1
45541, 5.29626, 5.36388, 7.44604, 0.245437, 0.473343, 11.2059, 10.5012, 0.22446, -0.22446, 9.68575e-08, 0.00418569, 0.1
45551, 5.18805, 5.24845, 6.56369, 0.357637, 0.585542, 10.8904, 11.241, 0.215637, -0.215637, 9.68575e-08, -0.00640357, 0.1
45560, 5.07737, 5.10944, 6.56369, 0.462824, 0.694236, 10.5082, 11.1989, 0.215637, -0.215637, 9.68575e-08, 0.00213319, 0.1
45571, 4.9628, 4.97111, 5.90863, 0.568011, 0.802929, 10.5257, 10.5398, 0.209086, -0.209086, 9.68575e-08, -0.00441739, 0.1
45581, 4.83326, 4.82654, 5.4442, 0.673198, 0.908117, 10.5082, 10.4977, 0.204442, -0.204442, 9.68575e-08, -0.00272396, 0.1
45591, 4.69768, 4.68054, 5.4442, 0.778386, 1.0098, 10.5117, 10.1716, 0.204442, -0.204442, 9.68575e-08, 0.00176936, 0.1
45600, 4.55692, 4.52854, 4.71672, 0.880067, 1.11148, 10.1681, 10.1716, 0.197167, -0.197167, 9.68575e-08, -0.00550549, 0.1
45611, 4.41581, 4.37637, 4.71672, 0.978241, 1.20615, 9.81046, 9.45633, 0.197167, -0.197167, 9.68575e-08, 0.00153293, 0.1
45621, 4.27676, 4.22157, 4.17296, 1.07291, 1.30082, 9.47036, 9.80345, 0.19173, -0.19173, 9.68575e-08, -0.00390463, 0.1
45631, 4.12192, 4.05417, 3.53635, 1.16758, 1.39548, 9.81046, 9.11973, 0.185364, -0.185364, 9.68575e-08, -0.00500992, 0.1
45640, 3.96315, 3.8925, 3.53635, 1.26225, 1.48314, 9.12675, 8.78314, 0.185364, -0.185364, 9.68575e-08, 0.00114931, 0.1
45650, 3.81057, 3.72737, 2.94304, 1.3499, 1.5708, 8.75509, 8.75859, 0.17943, -0.17943, 9.68575e-08, -0.00478376, 0.1
45661, 3.65033, 3.55908, 2.60604, 1.43756, 1.65144, 8.76911, 8.06436, 0.17606, -0.17606, 9.68575e-08, -0.0024135, 0.1
45671, 3.49482, 3.39623, 2.60604, 1.5182, 1.73208, 8.06436, 8.05734, 0.17606, -0.17606, 9.68575e-08, 0.000846967, 0.1
45680, 3.34165, 3.23076, 2.07337, 1.59885, 1.80922, 8.06085, 7.70672, 0.170734, -0.170734, 9.68575e-08, -0.0044798, 0.1
45690, 3.18876, 3.07062, 2.28226, 1.67598, 1.87935, 7.72074, 7.37713, 0.172823, -0.172823, 9.68575e-08, 0.00276278, 0.1
45701, 3.04583, 2.91641, 1.76995, 1.74611, 1.94947, 7.01248, 7.00547, 0.167699, -0.167699, 9.68575e-08, -0.00438142, 0.1
45711, 2.90044, 2.76469, 1.38286, 1.81623, 2.01609, 7.00547, 6.31124, 0.163829, -0.163829, 9.68575e-08, -0.0032956, 0.1
45721, 2.75583, 2.61379, 1.47783, 1.88285, 2.0792, 6.66186, 6.65835, 0.164778, -0.164778, 9.68575e-08, 0.00139911, 0.1
45730, 2.61558, 2.46252, 1.01444, 1.94596, 2.13881, 6.31124, 5.96762, 0.160144, -0.160144, 9.68575e-08, -0.00415365, 0.1
45741, 2.47851, 2.32008, 1.01444, 2.00557, 2.19491, 5.96061, 5.60297, 0.160144, -0.160144, 9.68575e-08, 0.000329688, 0.1
45751, 2.34158, 2.18826, 0.663345, 2.06518, 2.2475, 5.95009, 4.90523, 0.156633, -0.156633, 9.68575e-08, -0.00318122, 0.1
45761, 2.20476, 2.05647, 0.328396, 2.11777, 2.29659, 5.26638, 4.91575, 0.153284, -0.153284, 9.68575e-08, -0.00313389, 0.1
45770, 2.07279, 1.91972, 0.328396, 2.17036, 2.34568, 5.25235, 4.90173, 0.153284, -0.153284, 9.68575e-08, 0.000106722, 0.1
45780, 1.94552, 1.79349, 0.328396, 2.21945, 2.38775, 4.91575, 4.211, 0.153284, -0.153284, 9.68575e-08, 0.000106722, 0.1
45791, 1.83227, 1.68292, 0.328396, 2.26153, 2.42632, 4.20398, 3.85336, 0.153284, -0.153284, 9.68575e-08, 0.000106722, 0.1
45801, 1.72058, 1.57408, 0.0871211, 2.30711, 2.46489, 4.55811, 3.85336, 0.150871, -0.150871, 9.68575e-08, -0.00230603, 0.1
45810, 1.60516, 1.4559, -0.29733, 2.34568, 2.49995, 3.85687, 3.85336, 0.147027, -0.147027, 9.68575e-08, -0.0038162, 0.1
45820, 1.49398, 1.34234, -0.29733, 2.38424, 2.53501, 3.85687, 3.15912, 0.147027, -0.147027, 9.68575e-08, -9.6634e-05, 0.1
45831, 1.38754, 1.23931, -0.29733, 2.41931, 2.56657, 3.50274, 3.14861, 0.147027, -0.147027, 9.68575e-08, -9.6634e-05, 0.1
45841, 1.29049, 1.14156, -0.29733, 2.45086, 2.59462, 3.15562, 2.80499, 0.147027, -0.147027, 9.68575e-08, -9.6634e-05, 0.1
45850, 1.19885, 1.0498, -0.590008, 2.47891, 2.61916, 2.80499, 2.45437, 0.1441, -0.1441, 9.68575e-08, -0.00302342, 0.1
45860, 1.10704, 0.95785, -0.661223, 2.50696, 2.64371, 2.80499, 2.45437, 0.143388, -0.143388, 9.68575e-08, -0.00090389, 0.1
45871, 1.02088, 0.866972, -0.518025, 2.53151, 2.66825, 2.45437, 2.45437, 0.14482, -0.14482, 9.68575e-08, 0.00121707, 0.1
45881, 0.941352, 0.778258, -0.870363, 2.55254, 2.68578, 2.10024, 2.10024, 0.141296, -0.141296, 9.68575e-08, -0.00369173, 0.1
45891, 0.861803, 0.699986, -0.870363, 2.57358, 2.70331, 2.10374, 1.4025, 0.141296, -0.141296, 9.68575e-08, -0.000282869, 0.1
45900, 0.787822, 0.627926, -0.801387, 2.59111, 2.72084, 1.75312, 1.75312, 0.141986, -0.141986, 9.68575e-08, 0.000406891, 0.1
45911, 0.714983, 0.551905, -1.13916, 2.60864, 2.73487, 1.74961, 1.39899, 0.138608, -0.138608, 9.68575e-08, -0.00363816, 0.1
45921, 0.642362, 0.481363, -1.13916, 2.62267, 2.74539, 1.39899, 1.04837, 0.138608, -0.138608, 9.68575e-08, -0.000370219, 0.1
45931, 0.574387, 0.421236, -1.13916, 2.63669, 2.7524, 1.4025, 0.701248, 0.138608, -0.138608, 9.68575e-08, -0.000370219, 0.1
45940, 0.511056, 0.36629, -1.13916, 2.64721, 2.75941, 1.05187, 0.701248, 0.138608, -0.138608, 9.68575e-08, -0.000370219, 0.1
45950, 0.458042, 0.317566, -1.073, 2.65423, 2.76292, 0.697742, 0.350624, 0.13927, -0.13927, 9.68575e-08, 0.000291318, 0.1
45961, 0.405074, 0.274129, -1.13916, 2.66474, 2.76642, 1.04837, 0.347118, 0.138608, -0.138608, 9.68575e-08, -0.00101027, 0.1
45971, 0.356752, 0.235925, -1.073, 2.66825, 2.76642, 0.350624, 0, 0.13927, -0.13927, 9.68575e-08, 0.000291318, 0.1
45980, 0.31689, 0.201926, -1.20463, 2.67176, 2.76642, 0.350624, 0, 0.137954, -0.137954, 9.68575e-08, -0.00166503, 0.1
45990, 0.276142, 0.166939, -1.13916, 2.67526, 2.76642, 0.350624, 0, 0.138608, -0.138608, 9.68575e-08, 0.000263244, 0.1
46001, 0.240963, 0.132929, -1.13916, 2.67526, 2.76642, 0, 0, 0.138608, -0.138608, 9.68575e-08, -0.000370219, 0.1
46011, 0.210476, 0.0989196, -1.13916, 2.67526, 2.76642, 0, 0, 0.138608, -0.138608, 9.68575e-08, -0.000370219, 0.1
46020, 0.179989, 0.0649101, -1.13916, 2.67526, 2.76642, 0, 0, 0.138608, -0.138608, 9.68575e-08, -0.000370219, 0.1
46030, 0.149501, 0.0309005, -1.13916, 2.67526, 2.76642, 0, 0, 0.138608, -0.138608, 9.68575e-08, -0.000370219, 0.1
46041, 0.119014, -0.00310905, -1.13916, 2.67526, 2.76642, 0, 0, 0.138608, -0.138608, 9.68575e-08, -0.000370219, 0.1
46051, 0.0876507, -0.038096, -1.20463, 2.67526, 2.76642, 0, 0, 0.137954, -0.137954, 9.68575e-08, -0.00102498, 0.1
46060, 0.0562873, -0.073083, -1.13916, 2.67526, 2.76642, 0, 0, 0.138608, -0.138608, 9.68575e-08, 0.000263244, 0.1
46070, 0.0266852, -0.106105, -1.073, 2.67526, 2.76642, 0, 0, 0.13927, -0.13927, 9.68575e-08, 0.000291318, 0.1
46081, -0.00203159, -0.13814, -1.073, 2.67526, 2.76642, 0, 0, 0.13927, -0.13927, 9.68575e-08, -0.000348732, 0.1
46091, -0.0316336, -0.171162, -1.13916, 2.67526, 2.76642, 0, 0, 0.138608, -0.138608, 9.68575e-08, -0.00101027, 0.1
46101, -0.0621209, -0.205171, -1.13916, 2.67526, 2.76642, 0, 0, 0.138608, -0.138608, 9.68575e-08, -0.000370219, 0.1
46110, -0.0926082, -0.239181, -1.13916, 2.67526, 2.76642, 0, 0, 0.138608, -0.138608, 9.68575e-08, -0.000370219, 0.1
46120, -0.12221, -0.272203, -1.073, 2.67526, 2.76642, 0, 0, 0.13927, -0.13927, 9.68575e-08, 0.000291318, 0.1
46131, -0.151812, -0.305225, -1.13916, 2.67526, 2.76642, 0, 0, 0.138608, -0.138608, 9.68575e-08, -0.00101027, 0.1
46141, -0.1823, -0.339234, -1.13916, 2.67526, 2.76642, 0, 0, 0.138608, -0.138608, 9.68575e-08, -0.000370219, 0.1
46150, -0.211902, -0.372256, -1.073, 2.67526, 2.76642, 0, 0, 0.13927, -0.13927, 9.68575e-08, 0.000291318, 0.1
46160, -0.241504, -0.405278, -1.13916, 2.67526, 2.76642, 0, 0, 0.138608, -0.138608, 9.68575e-08, -0.00101027, 0.1
46171, -0.271991, -0.439288, -1.13916, 2.67526, 2.76642, 0, 0, 0.138608, -0.138608, 9.68575e-08, -0.000370219, 0.1
46181, -0.301593, -0.47231, -1.073, 2.67526, 2.76642, 0, 0, 0.13927, -0.13927, 9.68575e-08, 0.000291318, 0.1
46190, -0.326503, -0.505332, -1.13916, 2.67176, 2.76642, -0.350624, 0, 0.138608, -0.138608, 9.68575e-08, -0.00101027, 0.1
46200, -0.352299, -0.539342, -1.13916, 2.67176, 2.76642, 0, 0, 0.138608, -0.138608, 9.68575e-08, -0.000370219, 0.1
46211, -0.382786, -0.573351, -1.13916, 2.67176, 2.76642, 0, 0, 0.138608, -0.138608, 9.68575e-08, -0.000370219, 0.1
46221, -0.408628, -0.607361, -1.13916, 2.66825, 2.76642, -0.347118, 0, 0.138608, -0.138608, 9.68575e-08, -0.000370219, 0.1
46230, -0.435347, -0.642348, -1.20463, 2.66825, 2.76642, 0, 0, 0.137954, -0.137954, 9.68575e-08, -0.00102498, 0.1
46240, -0.462018, -0.677335, -1.13916, 2.66474, 2.76642, -0.350624, 0, 0.138608, -0.138608, 9.68575e-08, 0.000263244, 0.1
46251, -0.483169, -0.711344, -1.13916, 2.66124, 2.76642, -0.347118, 0, 0.138608, -0.138608, 9.68575e-08, -0.000370219, 0.1
46261, -0.503481, -0.739185, -1.073, 2.65773, 2.76292, -0.347118, -0.347118, 0.13927, -0.13927, 9.68575e-08, 0.000291318, 0.1
46271, -0.528438, -0.767025, -1.13916, 2.65773, 2.76292, 0, 0, 0.138608, -0.138608, 9.68575e-08, -0.00101027, 0.1
46280, -0.554233, -0.795853, -1.13916, 2.65423, 2.75941, -0.350624, -0.347118, 0.138608, -0.138608, 9.68575e-08, -0.000370219, 0.1
46290, -0.575384, -0.8195, -1.13916, 2.65072, 2.75591, -0.347118, -0.347118, 0.138608, -0.138608, 9.68575e-08, -0.000370219, 0.1
46301, -0.595696, -0.842158, -1.073, 2.64721, 2.7524, -0.347118, -0.347118, 0.13927, -0.13927, 9.68575e-08, 0.000291318, 0.1
46311, -0.615076, -0.863777, -1.073, 2.64371, 2.74889, -0.350624, -0.350624, 0.13927, -0.13927, 9.68575e-08, -0.000348732, 0.1
46320, -0.630649, -0.886384, -1.13916, 2.63669, 2.74539, -0.697742, -0.347118, 0.138608, -0.138608, 9.68575e-08, -0.00101027, 0.1
46330, -0.646223, -0.90899, -1.073, 2.63319, 2.74188, -0.350624, -0.350624, 0.13927, -0.13927, 9.68575e-08, 0.000291318, 0.1
46341, -0.666441, -0.931545, -1.13916, 2.62968, 2.73837, -0.350624, -0.350624, 0.138608, -0.138608, 9.68575e-08, -0.00101027, 0.1
46351, -0.682899, -0.949905, -1.13916, 2.62267, 2.73136, -0.697742, -0.697742, 0.138608, -0.138608, 9.68575e-08, -0.000370219, 0.1
46361, -0.69852, -0.962096, -1.073, 2.61916, 2.72435, -0.347118, -0.697742, 0.13927, -0.13927, 9.68575e-08, 0.000291318, 0.1
46370, -0.714093, -0.979468, -1.13916, 2.61215, 2.72084, -0.701248, -0.350624, 0.138608, -0.138608, 9.68575e-08, -0.00101027, 0.1
46381, -0.724928, -0.996788, -1.073, 2.60514, 2.71383, -0.701248, -0.701248, 0.13927, -0.13927, 9.68575e-08, 0.000291318, 0.1
46391, -0.732212, -0.999681, -0.870363, 2.59813, 2.70331, -0.697742, -1.04837, 0.141296, -0.141296, 9.68575e-08, 0.00167768, 0.1
46401, -0.736785, -0.999548, -0.870363, 2.59111, 2.6963, -0.701248, -0.701248, 0.141296, -0.141296, 9.68575e-08, -0.000282869, 0.1
46410, -0.740435, -0.998386, -0.801387, 2.5841, 2.68578, -0.697742, -1.04837, 0.141986, -0.141986, 9.68575e-08, 0.000406891, 0.1
46420, -0.744085, -0.991989, -0.870363, 2.57709, 2.67526, -0.701248, -1.05187, 0.141296, -0.141296, 9.68575e-08, -0.000950217, 0.1
46431, -0.743919, -0.98657, -0.870363, 2.56657, 2.66474, -1.05187, -1.05187, 0.141296, -0.141296, 9.68575e-08, -0.000282869, 0.1
46441, -0.744713, -0.982223, -0.938618, 2.55956, 2.65423, -0.697742, -1.04837, 0.140614, -0.140614, 9.68575e-08, -0.000965416, 0.1
46450, -0.7502, -0.983109, -0.870363, 2.55254, 2.64721, -0.701248, -0.701248, 0.141296, -0.141296, 9.68575e-08, 0.000377491, 0.1
46460, -0.750034, -0.97769, -0.870363, 2.54203, 2.63319, -1.05187, -1.4025, 0.141296, -0.141296, 9.68575e-08, -0.000282869, 0.1
46471, -0.741472, -0.962904, -0.590008, 2.53151, 2.62267, -1.04837, -1.04837, 0.1441, -0.1441, 9.68575e-08, 0.00252068, 0.1
46481, -0.732886, -0.948093, -0.518025, 2.52449, 2.61215, -0.701248, -1.05187, 0.14482, -0.14482, 9.68575e-08, 0.000528082, 0.1
46490, -0.724254, -0.93323, -0.590008, 2.51398, 2.60163, -1.05187, -1.05187, 0.1441, -0.1441, 9.68575e-08, -0.000888184, 0.1
46500, -0.711893, -0.919441, -0.590008, 2.50346, 2.59111, -1.05187, -1.05187, 0.1441, -0.1441, 9.68575e-08, -0.000191748, 0.1
46511, -0.704224, -0.905652, -0.590008, 2.49644, 2.58059, -0.701248, -1.05187, 0.1441, -0.1441, 9.68575e-08, -0.000191748, 0.1
46521, -0.696602, -0.886681, -0.590008, 2.48593, 2.56657, -1.04837, -1.39899, 0.1441, -0.1441, 9.68575e-08, -0.000191748, 0.1
46531, -0.684288, -0.867711, -0.590008, 2.47541, 2.55605, -1.05187, -1.05187, 0.1441, -0.1441, 9.68575e-08, -0.000191748, 0.1
46540, -0.676619, -0.853922, -0.590008, 2.46839, 2.54553, -0.701248, -1.05187, 0.1441, -0.1441, 9.68575e-08, -0.000191748, 0.1
46551, -0.665081, -0.835816, -0.29733, 2.45788, 2.53501, -1.04837, -1.04837, 0.147027, -0.147027, 9.68575e-08, 0.00273503, 0.1
46561, -0.644934, -0.818628, -0.29733, 2.44736, 2.528, -1.05187, -0.697742, 0.147027, -0.147027, 9.68575e-08, -9.6634e-05, 0.1
46571, -0.629432, -0.80144, -0.29733, 2.44034, 2.51748, -0.701248, -1.04837, 0.147027, -0.147027, 9.68575e-08, -9.6634e-05, 0.1
46580, -0.617616, -0.777843, -0.222139, 2.43333, 2.50696, -0.701248, -1.05187, 0.147779, -0.147779, 9.68575e-08, 0.000655279, 0.1
46590, -0.600101, -0.753123, -0.222139, 2.42281, 2.49644, -1.05187, -1.04837, 0.147779, -0.147779, 9.68575e-08, -7.21961e-05, 0.1
46601, -0.58364, -0.734813, -0.29733, 2.4158, 2.48943, -0.697742, -0.697742, 0.147027, -0.147027, 9.68575e-08, -0.000824109, 0.1
46611, -0.572877, -0.717572, -0.29733, 2.40879, 2.47891, -0.701248, -1.05187, 0.147027, -0.147027, 9.68575e-08, -9.6634e-05, 0.1
46620, -0.562067, -0.700279, -0.29733, 2.40178, 2.4719, -0.701248, -0.701248, 0.147027, -0.147027, 9.68575e-08, -9.6634e-05, 0.1
46630, -0.551257, -0.68822, -0.29733, 2.39476, 2.46489, -0.701248, -0.701248, 0.147027, -0.147027, 9.68575e-08, -9.6634e-05, 0.1
46641, -0.540447, -0.670927, -0.29733, 2.38775, 2.45437, -0.701248, -1.05187, 0.147027, -0.147027, 9.68575e-08, -9.6634e-05, 0.1
46651, -0.529683, -0.653687, -0.29733, 2.38074, 2.44736, -0.697742, -0.697742, 0.147027, -0.147027, 9.68575e-08, -9.6634e-05, 0.1
46660, -0.522606, -0.640558, -0.222139, 2.37723, 2.44034, -0.350624, -0.701248, 0.147779, -0.147779, 9.68575e-08, 0.000655279, 0.1
46670, -0.511436, -0.628097, 0.0085026, 2.37022, 2.43684, -0.697742, -0.347118, 0.150085, -0.150085, 9.68575e-08, 0.00223422, 0.1
46681, -0.492488, -0.612194, 0.0085026, 2.36321, 2.42983, -0.701248, -0.701248, 0.150085, -0.150085, 9.68575e-08, 2.75671e-06, 0.1
46691, -0.47718, -0.589883, 0.0871211, 2.3597, 2.42281, -0.347118, -0.697742, 0.150871, -0.150871, 9.68575e-08, 0.000788942, 0.1
46701, -0.461871, -0.567572, 0.0085026, 2.35269, 2.4158, -0.701248, -0.701248, 0.150085, -0.150085, 9.68575e-08, -0.000757873, 0.1
46710, -0.447568, -0.551617, 0.0085026, 2.34918, 2.41229, -0.350624, -0.350624, 0.150085, -0.150085, 9.68575e-08, 2.75671e-06, 0.1
46721, -0.437957, -0.540895, 0.0085026, 2.34568, 2.40879, -0.350624, -0.350624, 0.150085, -0.150085, 9.68575e-08, 2.75671e-06, 0.1
46731, -0.428392, -0.530225, 0.0085026, 2.34217, 2.40528, -0.347118, -0.347118, 0.150085, -0.150085, 9.68575e-08, 2.75671e-06, 0.1
46741, -0.42352, -0.514322, 0.0085026, 2.34217, 2.39827, 0, -0.701248, 0.150085, -0.150085, 9.68575e-08, 2.75671e-06, 0.1
46750, -0.418601, -0.5036, 0.0085026, 2.33866, 2.39827, -0.350624, 0, 0.150085, -0.150085, 9.68575e-08, 2.75671e-06, 0.1
46760, -0.408989, -0.498113, 0.0085026, 2.33516, 2.39476, -0.350624, -0.350624, 0.150085, -0.150085, 9.68575e-08, 2.75671e-06, 0.1
46771, -0.40511, -0.488551, -0.0692368, 2.33516, 2.39126, 0, -0.350624, 0.149308, -0.149308, 9.68575e-08, -0.000774637, 0.1
46781, -0.405923, -0.47899, 0.0085026, 2.33516, 2.38775, 0, -0.350624, 0.150085, -0.150085, 9.68575e-08, 0.000754893, 0.1
46790, -0.399998, -0.467147, 0.0871211, 2.33165, 2.38424, -0.347118, -0.347118, 0.150871, -0.150871, 9.68575e-08, 0.000788942, 0.1
46800, -0.394074, -0.460538, 0.0085026, 2.33165, 2.38424, 0, 0, 0.150085, -0.150085, 9.68575e-08, -0.000757873, 0.1
46811, -0.392794, -0.459111, 0.0871211, 2.33165, 2.38424, 0, 0, 0.150871, -0.150871, 9.68575e-08, 0.000788942, 0.1
46821, -0.38687, -0.452502, 0.0085026, 2.32814, 2.38074, -0.347118, -0.347118, 0.150085, -0.150085, 9.68575e-08, -0.000757873, 0.1
46830, -0.381997, -0.447066, 0.0085026, 2.32814, 2.38074, 0, 0, 0.150085, -0.150085, 9.68575e-08, 2.75671e-06, 0.1
46840, -0.38281, -0.447973, -0.0692368, 2.32814, 2.38074, 0, 0, 0.149308, -0.149308, 9.68575e-08, -0.000774637, 0.1
46851, -0.383622, -0.448879, 0.0085026, 2.32814, 2.38074, 0, 0, 0.150085, -0.150085, 9.68575e-08, 0.000754893, 0.1
46861, -0.382343, -0.447452, 0.0871211, 2.32814, 2.38074, 0, 0, 0.150871, -0.150871, 9.68575e-08, 0.000788942, 0.1
46870, -0.380011, -0.444851, 0.0871211, 2.32814, 2.38074, 0, 0, 0.150871, -0.150871, 9.68575e-08, 2.83122e-05, 0.1
46880, -0.378732, -0.443424, 0.0085026, 2.32814, 2.38074, 0, 0, 0.150085, -0.150085, 9.68575e-08, -0.000757873, 0.1
46891, -0.378504, -0.44317, 0.0085026, 2.32814, 2.38074, 0, 0, 0.150085, -0.150085, 9.68575e-08, 2.75671e-06, 0.1
46901, -0.378277, -0.442916, 0.0085026, 2.32814, 2.38074, 0, 0, 0.150085, -0.150085, 9.68575e-08, 2.75671e-06, 0.1
46911, -0.373357, -0.442662, 0.0085026, 2.32464, 2.38074, -0.350624, 0, 0.150085, -0.150085, 9.68575e-08, 2.75671e-06, 0.1
46920, -0.368438, -0.442408, 0.0085026, 2.32464, 2.38074, 0, 0, 0.150085, -0.150085, 9.68575e-08, 2.75671e-06, 0.1
46930, -0.36821, -0.442154, 0.0085026, 2.32464, 2.38074, 0, 0, 0.150085, -0.150085, 9.68575e-08, 2.75671e-06, 0.1
46941, -0.366931, -0.440727, 0.0871211, 2.32464, 2.38074, 0, 0, 0.150871, -0.150871, 9.68575e-08, 0.000788942, 0.1
46951, -0.365651, -0.439299, 0.0085026, 2.32464, 2.38074, 0, 0, 0.150085, -0.150085, 9.68575e-08, -0.000757873, 0.1
46960, -0.365423, -0.439046, 0.0085026, 2.32464, 2.38074, 0, 0, 0.150085, -0.150085, 9.68575e-08, 2.75671e-06, 0.1
46970, -0.365196, -0.438792, 0.0085026, 2.32464, 2.38074, 0, 0, 0.150085, -0.150085, 9.68575e-08, 2.75671e-06, 0.1
46981, -0.364968, -0.438538, 0.0085026, 2.32464, 2.38074, 0, 0, 0.150085, -0.150085, 9.68575e-08, 2.75671e-06, 0.1
46991, -0.363689, -0.43711, 0.0871211, 2.32464, 2.38074, 0, 0, 0.150871, -0.150871, 9.68575e-08, 0.000788942, 0.1
47000, -0.362409, -0.435683, 0.0085026, 2.32464, 2.38074, 0, 0, 0.150085, -0.150085, 9.68575e-08, -0.000757873, 0.1
47010, -0.362182, -0.435429, 0.0085026, 2.32464, 2.38074, 0, 0, 0.150085, -0.150085, 9.68575e-08, 2.75671e-06, 0.1
47021, -0.362994, -0.436336, -0.0692368, 2.32464, 2.38074, 0, 0, 0.149308, -0.149308, 9.68575e-08, -0.000774637, 0.1
47031, -0.363807, -0.437242, 0.0085026, 2.32464, 2.38074, 0, 0, 0.150085, -0.150085, 9.68575e-08, 0.000754893, 0.1
47041, -0.36358, -0.436989, 0.0085026, 2.32464, 2.38074, 0, 0, 0.150085, -0.150085, 9.68575e-08, 2.75671e-06, 0.1
47050, -0.3623, -0.435561, 0.0871211, 2.32464, 2.38074, 0, 0, 0.150871, -0.150871, 9.68575e-08, 0.000788942, 0.1
47060, -0.36102, -0.434134, 0.0085026, 2.32464, 2.38074, 0, 0, 0.150085, -0.150085, 9.68575e-08, -0.000757873, 0.1
47071, -0.360793, -0.43388, 0.0085026, 2.32464, 2.38074, 0, 0, 0.150085, -0.150085, 9.68575e-08, 2.75671e-06, 0.1
47081, -0.360565, -0.433626, 0.0085026, 2.32464, 2.38074, 0, 0, 0.150085, -0.150085, 9.68575e-08, 2.75671e-06, 0.1
47090, -0.359286, -0.432199, 0.0871211, 2.32464, 2.38074, 0, 0, 0.150871, -0.150871, 9.68575e-08, 0.000788942, 0.1
47100, -0.358006, -0.430771, 0.0085026, 2.32464, 2.38074, 0, 0, 0.150085, -0.150085, 9.68575e-08, -0.000757873, 0.1
47111, -0.357779, -0.430517, 0.0085026, 2.32464, 2.38074, 0, 0, 0.150085, -0.150085, 9.68575e-08, 2.75671e-06, 0.1
47121, -0.356499, -0.42909, 0.0871211, 2.32464, 2.38074, 0, 0, 0.150871, -0.150871, 9.68575e-08, 0.000788942, 0.1
47130, -0.355219, -0.427663, 0.0085026, 2.32464, 2.38074, 0, 0, 0.150085, -0.150085, 9.68575e-08, -0.000757873, 0.1
47140, -0.35394, -0.426235, 0.0871211, 2.32464, 2.38074, 0, 0, 0.150871, -0.150871, 9.68575e-08, 0.000788942, 0.1
47151, -0.35266, -0.424808, 0.0085026, 2.32464, 2.38074, 0, 0, 0.150085, -0.150085, 9.68575e-08, -0.000757873, 0.1
47161, -0.352433, -0.424554, 0.0085026, 2.32464, 2.38074, 0, 0, 0.150085, -0.150085, 9.68575e-08, 2.75671e-06, 0.1
47170, -0.352205, -0.4243, 0.0085026, 2.32464, 2.38074, 0, 0, 0.150085, -0.150085, 9.68575e-08, 2.75671e-06, 0.1
47180, -0.351978, -0.424046, 0.0085026, 2.32464, 2.38074, 0, 0, 0.150085, -0.150085, 9.68575e-08, 2.75671e-06, 0.1
47191, -0.35175, -0.423792, 0.0085026, 2.32464, 2.38074, 0, 0, 0.150085, -0.150085, 9.68575e-08, 2.75671e-06, 0.1
47201, -0.352563, -0.424699, -0.0692368, 2.32464, 2.38074, 0, 0, 0.149308, -0.149308, 9.68575e-08, -0.000774637, 0.1
47211, -0.353375, -0.425606, 0.0085026, 2.32464, 2.38074, 0, 0, 0.150085, -0.150085, 9.68575e-08, 0.000754893, 0.1
47220, -0.352096, -0.424178, 0.0871211, 2.32464, 2.38074, 0, 0, 0.150871, -0.150871, 9.68575e-08, 0.000788942, 0.1
47230, -0.350816, -0.422751, 0.0085026, 2.32464, 2.38074, 0, 0, 0.150085, -0.150085, 9.68575e-08, -0.000757873, 0.1
47241, -0.350589, -0.422497, 0.0085026, 2.32464, 2.38074, 0, 0, 0.150085, -0.150085, 9.68575e-08, 2.75671e-06, 0.1
47251, -0.350361, -0.422243, 0.0085026, 2.32464, 2.38074, 0, 0, 0.150085, -0.150085, 9.68575e-08, 2.75671e-06, 0.1
47260, -0.350134, -0.421989, 0.0085026, 2.32464, 2.38074, 0, 0, 0.150085, -0.150085, 9.68575e-08, 2.75671e-06, 0.1
47270, -0.348854, -0.420562, 0.0871211, 2.32464, 2.38074, 0, 0, 0.150871, -0.150871, 9.68575e-08, 0.000788942, 0.1
47281, -0.347574, -0.419134, 0.0085026, 2.32464, 2.38074, 0, 0, 0.150085, -0.150085, 9.68575e-08, -0.000757873, 0.1
47291, -0.347347, -0.41888, 0.0085026, 2.32464, 2.38074, 0, 0, 0.150085, -0.150085, 9.68575e-08, 2.75671e-06, 0.1
47300, -0.346067, -0.417453, 0.0871211, 2.32464, 2.38074, 0, 0, 0.150871, -0.150871, 9.68575e-08, 0.000788942, 0.1
47310, -0.344788, -0.416026, 0.0085026, 2.32464, 2.38074, 0, 0, 0.150085, -0.150085, 9.68575e-08, -0.000757873, 0.1
47321, -0.34456, -0.415772, 0.0085026, 2.32464, 2.38074, 0, 0, 0.150085, -0.150085, 9.68575e-08, 2.75671e-06, 0.1
47331, -0.344333, -0.415518, 0.0085026, 2.32464, 2.38074, 0, 0, 0.150085, -0.150085, 9.68575e-08, 2.75671e-06, 0.1
47340, -0.344105, -0.415264, 0.0085026, 2.32464, 2.38074, 0, 0, 0.150085, -0.150085, 9.68575e-08, 2.75671e-06, 0.1
47350, -0.343878, -0.41501, 0.0085026, 2.32464, 2.38074, 0, 0, 0.150085, -0.150085, 9.68575e-08, 2.75671e-06, 0.1
47361, -0.34365, -0.414756, 0.0085026, 2.32464, 2.38074, 0, 0, 0.150085, -0.150085, 9.68575e-08, 2.75671e-06, 0.1
47371, -0.34237, -0.413329, 0.0871211, 2.32464, 2.38074, 0, 0, 0.150871, -0.150871, 9.68575e-08, 0.000788942, 0.1
47381, -0.342131, -0.413062, -0.0692368, 2.32464, 2.38074, 0, 0, 0.149308, -0.149308, 9.68575e-08, -0.00153527, 0.1
47390, -0.342944, -0.413969, 0.0085026, 2.32464, 2.38074, 0, 0, 0.150085, -0.150085, 9.68575e-08, 0.000754893, 0.1
47400, -0.342716, -0.413715, 0.0085026, 2.32464, 2.38074, 0, 0, 0.150085, -0.150085, 9.68575e-08, 2.75671e-06, 0.1
47411, -0.342489, -0.413461, 0.0085026, 2.32464, 2.38074, 0, 0, 0.150085, -0.150085, 9.68575e-08, 2.75671e-06, 0.1
47421, -0.342261, -0.413207, 0.0085026, 2.32464, 2.38074, 0, 0, 0.150085, -0.150085, 9.68575e-08, 2.75671e-06, 0.1
47430, -0.342034, -0.412953, 0.0085026, 2.32464, 2.38074, 0, 0, 0.150085, -0.150085, 9.68575e-08, 2.75671e-06, 0.1
47440, -0.341806, -0.412699, 0.0085026, 2.32464, 2.38074, 0, 0, 0.150085, -0.150085, 9.68575e-08, 2.75671e-06, 0.1
47451, -0.340526, -0.411272, 0.0871211, 2.32464, 2.38074, 0, 0, 0.150871, -0.150871, 9.68575e-08, 0.000788942, 0.1
47461, -0.339247, -0.409844, 0.0085026, 2.32464, 2.38074, 0, 0, 0.150085, -0.150085, 9.68575e-08, -0.000757873, 0.1
47470, -0.339019, -0.409591, 0.0085026, 2.32464, 2.38074, 0, 0, 0.150085, -0.150085, 9.68575e-08, 2.75671e-06, 0.1
47480, -0.33774, -0.408163, 0.0871211, 2.32464, 2.38074, 0, 0, 0.150871, -0.150871, 9.68575e-08, 0.000788942, 0.1
47491, -0.33646, -0.406736, 0.0085026, 2.32464, 2.38074, 0, 0, 0.150085, -0.150085, 9.68575e-08, -0.000757873, 0.1
47501, -0.336233, -0.406482, 0.0085026, 2.32464, 2.38074, 0, 0, 0.150085, -0.150085, 9.68575e-08, 2.75671e-06, 0.1
47511, -0.336005, -0.406228, 0.0085026, 2.32464, 2.38074, 0, 0, 0.150085, -0.150085, 9.68575e-08, 2.75671e-06, 0.1
47520, -0.335778, -0.405974, 0.0085026, 2.32464, 2.38074, 0, 0, 0.150085, -0.150085, 9.68575e-08, 2.75671e-06, 0.1
47531, -0.33555, -0.40572, 0.0085026, 2.32464, 2.38074, 0, 0, 0.150085, -0.150085, 9.68575e-08, 2.75671e-06, 0.1
47541, -0.335322, -0.405467, 0.0085026, 2.32464, 2.38074, 0, 0, 0.150085, -0.150085, 9.68575e-08, 2.75671e-06, 0.1
47551, -0.334043, -0.404039, 0.0871211, 2.32464, 2.38074, 0, 0, 0.150871, -0.150871, 9.68575e-08, 0.000788942, 0.1
47560, -0.333804, -0.403772, -0.0692368, 2.32464, 2.38074, 0, 0, 0.149308, -0.149308, 9.68575e-08, -0.00153527, 0.1
47570, -0.334616, -0.404679, 0.0085026, 2.32464, 2.38074, 0, 0, 0.150085, -0.150085, 9.68575e-08, 0.000754893, 0.1
47581, -0.333337, -0.403251, 0.0871211, 2.32464, 2.38074, 0, 0, 0.150871, -0.150871, 9.68575e-08, 0.000788942, 0.1
47591, -0.332057, -0.401824, 0.0085026, 2.32464, 2.38074, 0, 0, 0.150085, -0.150085, 9.68575e-08, -0.000757873, 0.1
47600, -0.330777, -0.400397, 0.0871211, 2.32464, 2.38074, 0, 0, 0.150871, -0.150871, 9.68575e-08, 0.000788942, 0.1
47610, -0.329498, -0.398969, 0.0085026, 2.32464, 2.38074, 0, 0, 0.150085, -0.150085, 9.68575e-08, -0.000757873, 0.1
47621, -0.32927, -0.398715, 0.0085026, 2.32464, 2.38074, 0, 0, 0.150085, -0.150085, 9.68575e-08, 2.75671e-06, 0.1
47631, -0.327991, -0.397288, 0.0871211, 2.32464, 2.38074, 0, 0, 0.150871, -0.150871, 9.68575e-08, 0.000788942, 0.1
47640, -0.326711, -0.39586, 0.0085026, 2.32464, 2.38074, 0, 0, 0.150085, -0.150085, 9.68575e-08, -0.000757873, 0.1
47650, -0.326484, -0.395607, 0.0085026, 2.32464, 2.38074, 0, 0, 0.150085, -0.150085, 9.68575e-08, 2.75671e-06, 0.1
47661, -0.325204, -0.394179, 0.0871211, 2.32464, 2.38074, 0, 0, 0.150871, -0.150871, 9.68575e-08, 0.000788942, 0.1
47671, -0.323924, -0.392752, 0.0085026, 2.32464, 2.38074, 0, 0, 0.150085, -0.150085, 9.68575e-08, -0.000757873, 0.1
47681, -0.323697, -0.392498, 0.0085026, 2.32464, 2.38074, 0, 0, 0.150085, -0.150085, 9.68575e-08, 2.75671e-06, 0.1
47690, -0.323469, -0.392244, 0.0085026, 2.32464, 2.38074, 0, 0, 0.150085, -0.150085, 9.68575e-08, 2.75671e-06, 0.1
47700, -0.323242, -0.39199, 0.0085026, 2.32464, 2.38074, 0, 0, 0.150085, -0.150085, 9.68575e-08, 2.75671e-06, 0.1
47711, -0.323014, -0.391736, 0.0085026, 2.32464, 2.38074, 0, 0, 0.150085, -0.150085, 9.68575e-08, 2.75671e-06, 0.1
47721, -0.322787, -0.391482, 0.0085026, 2.32464, 2.38074, 0, 0, 0.150085, -0.150085, 9.68575e-08, 2.75671e-06, 0.1
47730, -0.321507, -0.390055, 0.0871211, 2.32464, 2.38074, 0, 0, 0.150871, -0.150871, 9.68575e-08, 0.000788942, 0.1
47740, -0.320228, -0.388628, 0.0085026, 2.32464, 2.38074, 0, 0, 0.150085, -0.150085, 9.68575e-08, -0.000757873, 0.1
47751, -0.32, -0.388374, 0.0085026, 2.32464, 2.38074, 0, 0, 0.150085, -0.150085, 9.68575e-08, 2.75671e-06, 0.1
47761, -0.31872, -0.386946, 0.0871211, 2.32464, 2.38074, 0, 0, 0.150871, -0.150871, 9.68575e-08, 0.000788942, 0.1
47770, -0.317441, -0.385519, 0.0085026, 2.32464, 2.38074, 0, 0, 0.150085, -0.150085, 9.68575e-08, -0.000757873, 0.1
47780, -0.316161, -0.384092, 0.0871211, 2.32464, 2.38074, 0, 0, 0.150871, -0.150871, 9.68575e-08, 0.000788942, 0.1
47791, -0.314882, -0.382664, 0.0085026, 2.32464, 2.38074, 0, 0, 0.150085, -0.150085, 9.68575e-08, -0.000757873, 0.1
47801, -0.314654, -0.38241, 0.0085026, 2.32464, 2.38074, 0, 0, 0.150085, -0.150085, 9.68575e-08, 2.75671e-06, 0.1
47810, -0.313375, -0.380983, 0.0871211, 2.32464, 2.38074, 0, 0, 0.150871, -0.150871, 9.68575e-08, 0.000788942, 0.1
47820, -0.312095, -0.379555, 0.0085026, 2.32464, 2.38074, 0, 0, 0.150085, -0.150085, 9.68575e-08, -0.000757873, 0.1
47831, -0.310815, -0.378128, 0.0871211, 2.32464, 2.38074, 0, 0, 0.150871, -0.150871, 9.68575e-08, 0.000788942, 0.1
47841, -0.309536, -0.376701, 0.0085026, 2.32464, 2.38074, 0, 0, 0.150085, -0.150085, 9.68575e-08, -0.000757873, 0.1
47851, -0.309308, -0.376447, 0.0085026, 2.32464, 2.38074, 0, 0, 0.150085, -0.150085, 9.68575e-08, 2.75671e-06, 0.1
47860, -0.309081, -0.376193, 0.0085026, 2.32464, 2.38074, 0, 0, 0.150085, -0.150085, 9.68575e-08, 2.75671e-06, 0.1
47870, -0.308853, -0.375939, 0.0085026, 2.32464, 2.38074, 0, 0, 0.150085, -0.150085, 9.68575e-08, 2.75671e-06, 0.1
47881, -0.307574, -0.374512, 0.0871211, 2.32464, 2.38074, 0, 0, 0.150871, -0.150871, 9.68575e-08, 0.000788942, 0.1
47891, -0.306294, -0.373084, 0.0085026, 2.32464, 2.38074, 0, 0, 0.150085, -0.150085, 9.68575e-08, -0.000757873, 0.1
47900, -0.306066, -0.37283, 0.0085026, 2.32464, 2.38074, 0, 0, 0.150085, -0.150085, 9.68575e-08, 2.75671e-06, 0.1
47910, -0.304787, -0.371403, 0.0871211, 2.32464, 2.38074, 0, 0, 0.150871, -0.150871, 9.68575e-08, 0.000788942, 0.1
47921, -0.303507, -0.369976, 0.0085026, 2.32464, 2.38074, 0, 0, 0.150085, -0.150085, 9.68575e-08, -0.000757873, 0.1
47931, -0.302228, -0.368548, 0.0871211, 2.32464, 2.38074, 0, 0, 0.150871, -0.150871, 9.68575e-08, 0.000788942, 0.1
47940, -0.300948, -0.367121, 0.0085026, 2.32464, 2.38074, 0, 0, 0.150085, -0.150085, 9.68575e-08, -0.000757873, 0.1
47950, -0.30072, -0.366867, 0.0085026, 2.32464, 2.38074, 0, 0, 0.150085, -0.150085, 9.68575e-08, 2.75671e-06, 0.1
47961, -0.300493, -0.366613, 0.0085026, 2.32464, 2.38074, 0, 0, 0.150085, -0.150085, 9.68575e-08, 2.75671e-06, 0.1
47971, -0.300265, -0.366359, 0.0085026, 2.32464, 2.38074, 0, 0, 0.150085, -0.150085, 9.68575e-08, 2.75671e-06, 0.1
47980, -0.300038, -0.366105, 0.0085026, 2.32464, 2.38074, 0, 0, 0.150085, -0.150085, 9.68575e-08, 2.75671e-06, 0.1
47990, -0.298758, -0.364678, 0.0871211, 2.32464, 2.38074, 0, 0, 0.150871, -0.150871, 9.68575e-08, 0.000788942, 0.1
48001, -0.297479, -0.36325, 0.0085026, 2.32464, 2.38074, 0, 0, 0.150085, -0.150085, 9.68575e-08, -0.000757873, 0.1
48011, -0.297251, -0.362997, 0.0085026, 2.32464, 2.38074, 0, 0, 0.150085, -0.150085, 9.68575e-08, 2.75671e-06, 0.1
48021, -0.297024, -0.362743, 0.0085026, 2.32464, 2.38074, 0, 0, 0.150085, -0.150085, 9.68575e-08, 2.75671e-06, 0.1
48030, -0.296796, -0.362489, 0.0085026, 2.32464, 2.38074, 0, 0, 0.150085, -0.150085, 9.68575e-08, 2.75671e-06, 0.1
48040, -0.296569, -0.362235, 0.0085026, 2.32464, 2.38074, 0, 0, 0.150085, -0.150085, 9.68575e-08, 2.75671e-06, 0.1
48051, -0.296341, -0.361981, 0.0085026, 2.32464, 2.38074, 0, 0, 0.150085, -0.150085, 9.68575e-08, 2.75671e-06, 0.1
48061, -0.295061, -0.360554, 0.0871211, 2.32464, 2.38074, 0, 0, 0.150871, -0.150871, 9.68575e-08, 0.000788942, 0.1
48070, -0.293782, -0.359126, 0.0085026, 2.32464, 2.38074, 0, 0, 0.150085, -0.150085, 9.68575e-08, -0.000757873, 0.1
48080, -0.293554, -0.358873, 0.0085026, 2.32464, 2.38074, 0, 0, 0.150085, -0.150085, 9.68575e-08, 2.75671e-06, 0.1
48091, -0.292275, -0.357445, 0.0871211, 2.32464, 2.38074, 0, 0, 0.150871, -0.150871, 9.68575e-08, 0.000788942, 0.1
48101, -0.290995, -0.356018, 0.0085026, 2.32464, 2.38074, 0, 0, 0.150085, -0.150085, 9.68575e-08, -0.000757873, 0.1
48110, -0.290768, -0.355764, 0.0085026, 2.32464, 2.38074, 0, 0, 0.150085, -0.150085, 9.68575e-08, 2.75671e-06, 0.1
48120, -0.29054, -0.35551, 0.0085026, 2.32464, 2.38074, 0, 0, 0.150085, -0.150085, 9.68575e-08, 2.75671e-06, 0.1
48131, -0.290312, -0.355256, 0.0085026, 2.32464, 2.38074, 0, 0, 0.150085, -0.150085, 9.68575e-08, 2.75671e-06, 0.1
48141, -0.290085, -0.355002, 0.0085026, 2.32464, 2.38074, 0, 0, 0.150085, -0.150085, 9.68575e-08, 2.75671e-06, 0.1
48150, -0.289857, -0.354748, 0.0085026, 2.32464, 2.38074, 0, 0, 0.150085, -0.150085, 9.68575e-08, 2.75671e-06, 0.1
48160, -0.288578, -0.353321, 0.0871211, 2.32464, 2.38074, 0, 0, 0.150871, -0.150871, 9.68575e-08, 0.000788942, 0.1
48171, -0.285182, -0.349533, 0.166632, 2.32464, 2.38074, 0, 0, 0.151666, -0.151666, 9.68575e-08, 0.000823423, 0.1
48181, -0.282839, -0.346919, 0.0085026, 2.32464, 2.38074, 0, 0, 0.150085, -0.150085, 9.68575e-08, -0.00152715, 0.1
48191, -0.281559, -0.345491, 0.0871211, 2.32464, 2.38074, 0, 0, 0.150871, -0.150871, 9.68575e-08, 0.000788942, 0.1
48200, -0.280279, -0.344064, 0.0085026, 2.32464, 2.38074, 0, 0, 0.150085, -0.150085, 9.68575e-08, -0.000757873, 0.1
48210, -0.280052, -0.34381, 0.0085026, 2.32464, 2.38074, 0, 0, 0.150085, -0.150085, 9.68575e-08, 2.75671e-06, 0.1
48221, -0.279824, -0.343556, 0.0085026, 2.32464, 2.38074, 0, 0, 0.150085, -0.150085, 9.68575e-08, 2.75671e-06, 0.1
48231, -0.279597, -0.343302, 0.0085026, 2.32464, 2.38074, 0, 0, 0.150085, -0.150085, 9.68575e-08, 2.75671e-06, 0.1
48240, -0.278317, -0.341875, 0.0871211, 2.32464, 2.38074, 0, 0, 0.150871, -0.150871, 9.68575e-08, 0.000788942, 0.1
48250, -0.277038, -0.340448, 0.0085026, 2.32464, 2.38074, 0, 0, 0.150085, -0.150085, 9.68575e-08, -0.000757873, 0.1
48261, -0.27681, -0.340194, 0.0085026, 2.32464, 2.38074, 0, 0, 0.150085, -0.150085, 9.68575e-08, 2.75671e-06, 0.1
48271, -0.27553, -0.338766, 0.0871211, 2.32464, 2.38074, 0, 0, 0.150871, -0.150871, 9.68575e-08, 0.000788942, 0.1
48280, -0.274251, -0.337339, 0.0085026, 2.32464, 2.38074, 0, 0, 0.150085, -0.150085, 9.68575e-08, -0.000757873, 0.1
48290, -0.272971, -0.335911, 0.0871211, 2.32464, 2.38074, 0, 0, 0.150871, -0.150871, 9.68575e-08, 0.000788942, 0.1
48301, -0.271692, -0.334484, 0.0085026, 2.32464, 2.38074, 0, 0, 0.150085, -0.150085, 9.68575e-08, -0.000757873, 0.1
48311, -0.271464, -0.33423, 0.0085026, 2.32464, 2.38074, 0, 0, 0.150085, -0.150085, 9.68575e-08, 2.75671e-06, 0.1
48321, -0.271237, -0.333976, 0.0085026, 2.32464, 2.38074, 0, 0, 0.150085, -0.150085, 9.68575e-08, 2.75671e-06, 0.1
48330, -0.271009, -0.333723, 0.0085026, 2.32464, 2.38074, 0, 0, 0.150085, -0.150085, 9.68575e-08, 2.75671e-06, 0.1
48340, -0.269729, -0.332295, 0.0871211, 2.32464, 2.38074, 0, 0, 0.150871, -0.150871, 9.68575e-08, 0.000788942, 0.1
48351, -0.267398, -0.329694, 0.0871211, 2.32464, 2.38074, 0, 0, 0.150871, -0.150871, 9.68575e-08, 2.83122e-05, 0.1
48361, -0.266118, -0.328267, 0.0085026, 2.32464, 2.38074, 0, 0, 0.150085, -0.150085, 9.68575e-08, -0.000757873, 0.1
48370, -0.265891, -0.328013, 0.0085026, 2.32464, 2.38074, 0, 0, 0.150085, -0.150085, 9.68575e-08, 2.75671e-06, 0.1
48380, -0.265663, -0.327759, 0.0085026, 2.32464, 2.38074, 0, 0, 0.150085, -0.150085, 9.68575e-08, 2.75671e-06, 0.1
48391, -0.266476, -0.328666, -0.0692368, 2.32464, 2.38074, 0, 0, 0.149308, -0.149308, 9.68575e-08, -0.000774637, 0.1
48401, -0.267289, -0.329572, 0.0085026, 2.32464, 2.38074, 0, 0, 0.150085, -0.150085, 9.68575e-08, 0.000754893, 0.1
48410, -0.267061, -0.329318, 0.0085026, 2.32464, 2.38074, 0, 0, 0.150085, -0.150085, 9.68575e-08, 2.75671e-06, 0.1
48420, -0.265781, -0.327891, 0.0871211, 2.32464, 2.38074, 0, 0, 0.150871, -0.150871, 9.68575e-08, 0.000788942, 0.1
48431, -0.264502, -0.326464, 0.0085026, 2.32464, 2.38074, 0, 0, 0.150085, -0.150085, 9.68575e-08, -0.000757873, 0.1
48441, -0.264274, -0.32621, 0.0085026, 2.32464, 2.38074, 0, 0, 0.150085, -0.150085, 9.68575e-08, 2.75671e-06, 0.1
48450, -0.262995, -0.324782, 0.0871211, 2.32464, 2.38074, 0, 0, 0.150871, -0.150871, 9.68575e-08, 0.000788942, 0.1
48460, -0.261715, -0.323355, 0.0085026, 2.32464, 2.38074, 0, 0, 0.150085, -0.150085, 9.68575e-08, -0.000757873, 0.1
48471, -0.261488, -0.323101, 0.0085026, 2.32464, 2.38074, 0, 0, 0.150085, -0.150085, 9.68575e-08, 2.75671e-06, 0.1
48481, -0.26126, -0.322847, 0.0085026, 2.32464, 2.38074, 0, 0, 0.150085, -0.150085, 9.68575e-08, 2.75671e-06, 0.1
48491, -0.261033, -0.322593, 0.0085026, 2.32464, 2.38074, 0, 0, 0.150085, -0.150085, 9.68575e-08, 2.75671e-06, 0.1
48500, -0.260805, -0.322339, 0.0085026, 2.32464, 2.38074, 0, 0, 0.150085, -0.150085, 9.68575e-08, 2.75671e-06, 0.1
48510, -0.260577, -0.322086, 0.0085026, 2.32464, 2.38074, 0, 0, 0.150085, -0.150085, 9.68575e-08, 2.75671e-06, 0.1
48521, -0.259298, -0.320658, 0.0871211, 2.32464, 2.38074, 0, 0, 0.150871, -0.150871, 9.68575e-08, 0.000788942, 0.1
48531, -0.258018, -0.319231, 0.0085026, 2.32464, 2.38074, 0, 0, 0.150085, -0.150085, 9.68575e-08, -0.000757873, 0.1
48540, -0.257791, -0.318977, 0.0085026, 2.32464, 2.38074, 0, 0, 0.150085, -0.150085, 9.68575e-08, 2.75671e-06, 0.1
48550, -0.257563, -0.318723, 0.0085026, 2.32464, 2.38074, 0, 0, 0.150085, -0.150085, 9.68575e-08, 2.75671e-06, 0.1
48561, -0.257336, -0.318469, 0.0085026, 2.32464, 2.38074, 0, 0, 0.150085, -0.150085, 9.68575e-08, 2.75671e-06, 0.1
48571, -0.258148, -0.319376, -0.0692368, 2.32464, 2.38074, 0, 0, 0.149308, -0.149308, 9.68575e-08, -0.000774637, 0.1
48580, -0.258961, -0.320282, 0.0085026, 2.32464, 2.38074, 0, 0, 0.150085, -0.150085, 9.68575e-08, 0.000754893, 0.1
48590, -0.258734, -0.320029, 0.0085026, 2.32464, 2.38074, 0, 0, 0.150085, -0.150085, 9.68575e-08, 2.75671e-06, 0.1
48601, -0.257454, -0.318601, 0.0871211, 2.32464, 2.38074, 0, 0, 0.150871, -0.150871, 9.68575e-08, 0.000788942, 0.1
48611, -0.256174, -0.317174, 0.0085026, 2.32464, 2.38074, 0, 0, 0.150085, -0.150085, 9.68575e-08, -0.000757873, 0.1
48620, -0.255947, -0.31692, 0.0085026, 2.32464, 2.38074, 0, 0, 0.150085, -0.150085, 9.68575e-08, 2.75671e-06, 0.1
48630, -0.255719, -0.316666, 0.0085026, 2.32464, 2.38074, 0, 0, 0.150085, -0.150085, 9.68575e-08, 2.75671e-06, 0.1
48641, -0.255492, -0.316412, 0.0085026, 2.32464, 2.38074, 0, 0, 0.150085, -0.150085, 9.68575e-08, 2.75671e-06, 0.1
48651, -0.255264, -0.316158, 0.0085026, 2.32464, 2.38074, 0, 0, 0.150085, -0.150085, 9.68575e-08, 2.75671e-06, 0.1
48661, -0.255037, -0.315904, 0.0085026, 2.32464, 2.38074, 0, 0, 0.150085, -0.150085, 9.68575e-08, 2.75671e-06, 0.1
48670, -0.253757, -0.314477, 0.0871211, 2.32464, 2.38074, 0, 0, 0.150871, -0.150871, 9.68575e-08, 0.000788942, 0.1
48680, -0.252477, -0.31305, 0.0085026, 2.32464, 2.38074, 0, 0, 0.150085, -0.150085, 9.68575e-08, -0.000757873, 0.1
48691, -0.25225, -0.312796, 0.0085026, 2.32464, 2.38074, 0, 0, 0.150085, -0.150085, 9.68575e-08, 2.75671e-06, 0.1
48701, -0.25097, -0.311368, 0.0871211, 2.32464, 2.38074, 0, 0, 0.150871, -0.150871, 9.68575e-08, 0.000788942, 0.1
48710, -0.249691, -0.309941, 0.0085026, 2.32464, 2.38074, 0, 0, 0.150085, -0.150085, 9.68575e-08, -0.000757873, 0.1
48720, -0.249463, -0.309687, 0.0085026, 2.32464, 2.38074, 0, 0, 0.150085, -0.150085, 9.68575e-08, 2.75671e-06, 0.1
48731, -0.249236, -0.309433, 0.0085026, 2.32464, 2.38074, 0, 0, 0.150085, -0.150085, 9.68575e-08, 2.75671e-06, 0.1
48741, -0.249008, -0.309179, 0.0085026, 2.32464, 2.38074, 0, 0, 0.150085, -0.150085, 9.68575e-08, 2.75671e-06, 0.1
48750, -0.249821, -0.310086, -0.0692368, 2.32464, 2.38074, 0, 0, 0.149308, -0.149308, 9.68575e-08, -0.000774637, 0.1
48760, -0.250634, -0.310993, 0.0085026, 2.32464, 2.38074, 0, 0, 0.150085, -0.150085, 9.68575e-08, 0.000754893, 0.1
48771, -0.250406, -0.310739, 0.0085026, 2.32464, 2.38074, 0, 0, 0.150085, -0.150085, 9.68575e-08, 2.75671e-06, 0.1
48781, -0.249126, -0.309311, 0.0871211, 2.32464, 2.38074, 0, 0, 0.150871, -0.150871, 9.68575e-08, 0.000788942, 0.1
48790, -0.247847, -0.307884, 0.0085026, 2.32464, 2.38074, 0, 0, 0.150085, -0.150085, 9.68575e-08, -0.000757873, 0.1
48800, -0.247619, -0.30763, 0.0085026, 2.32464, 2.38074, 0, 0, 0.150085, -0.150085, 9.68575e-08, 2.75671e-06, 0.1
48811, -0.247392, -0.307376, 0.0085026, 2.32464, 2.38074, 0, 0, 0.150085, -0.150085, 9.68575e-08, 2.75671e-06, 0.1
48821, -0.247164, -0.307122, 0.0085026, 2.32464, 2.38074, 0, 0, 0.150085, -0.150085, 9.68575e-08, 2.75671e-06, 0.1
48831, -0.246937, -0.306868, 0.0085026, 2.32464, 2.38074, 0, 0, 0.150085, -0.150085, 9.68575e-08, 2.75671e-06, 0.1
48840, -0.246709, -0.306615, 0.0085026, 2.32464, 2.38074, 0, 0, 0.150085, -0.150085, 9.68575e-08, 2.75671e-06, 0.1
48850, -0.245429, -0.305187, 0.0871211, 2.32464, 2.38074, 0, 0, 0.150871, -0.150871, 9.68575e-08, 0.000788942, 0.1
48861, -0.24415, -0.30376, 0.0085026, 2.32464, 2.38074, 0, 0, 0.150085, -0.150085, 9.68575e-08, -0.000757873, 0.1
48871, -0.243922, -0.303506, 0.0085026, 2.32464, 2.38074, 0, 0, 0.150085, -0.150085, 9.68575e-08, 2.75671e-06, 0.1
48880, -0.243695, -0.303252, 0.0085026, 2.32464, 2.38074, 0, 0, 0.150085, -0.150085, 9.68575e-08, 2.75671e-06, 0.1
48890, -0.243467, -0.302998, 0.0085026, 2.32464, 2.38074, 0, 0, 0.150085, -0.150085, 9.68575e-08, 2.75671e-06, 0.1
48901, -0.24324, -0.302744, 0.0085026, 2.32464, 2.38074, 0, 0, 0.150085, -0.150085, 9.68575e-08, 2.75671e-06, 0.1
48911, -0.243012, -0.302491, 0.0085026, 2.32464, 2.38074, 0, 0, 0.150085, -0.150085, 9.68575e-08, 2.75671e-06, 0.1
48920, -0.242784, -0.302237, 0.0085026, 2.32464, 2.38074, 0, 0, 0.150085, -0.150085, 9.68575e-08, 2.75671e-06, 0.1
48930, -0.245643, -0.305426, -0.222139, 2.32464, 2.38074, 0, 0, 0.147779, -0.147779, 9.68575e-08, -0.00230366, 0.1
48941, -0.248502, -0.308615, 0.0085026, 2.32464, 2.38074, 0, 0, 0.150085, -0.150085, 9.68575e-08, 0.00223422, 0.1
48951, -0.247222, -0.307187, 0.0871211, 2.32464, 2.38074, 0, 0, 0.150871, -0.150871, 9.68575e-08, 0.000788942, 0.1
48961, -0.244891, -0.304586, 0.0871211, 2.32464, 2.38074, 0, 0, 0.150871, -0.150871, 9.68575e-08, 2.83122e-05, 0.1
48970, -0.243611, -0.303159, 0.0085026, 2.32464, 2.38074, 0, 0, 0.150085, -0.150085, 9.68575e-08, -0.000757873, 0.1
48980, -0.243384, -0.302905, 0.0085026, 2.32464, 2.38074, 0, 0, 0.150085, -0.150085, 9.68575e-08, 2.75671e-06, 0.1
48991, -0.243156, -0.302651, 0.0085026, 2.32464, 2.38074, 0, 0, 0.150085, -0.150085, 9.68575e-08, 2.75671e-06, 0.1
49001, -0.242929, -0.302397, 0.0085026, 2.32464, 2.38074, 0, 0, 0.150085, -0.150085, 9.68575e-08, 2.75671e-06, 0.1
49010, -0.242701, -0.302144, 0.0085026, 2.32464, 2.38074, 0, 0, 0.150085, -0.150085, 9.68575e-08, 2.75671e-06, 0.1
49020, -0.242473, -0.30189, 0.0085026, 2.32464, 2.38074, 0, 0, 0.150085, -0.150085, 9.68575e-08, 2.75671e-06, 0.1
49031, -0.241194, -0.300462, 0.0871211, 2.32464, 2.38074, 0, 0, 0.150871, -0.150871, 9.68575e-08, 0.000788942, 0.1
49041, -0.239914, -0.299035, 0.0085026, 2.32464, 2.38074, 0, 0, 0.150085, -0.150085, 9.68575e-08, -0.000757873, 0.1
49050, -0.239687, -0.298781, 0.0085026, 2.32464, 2.38074, 0, 0, 0.150085, -0.150085, 9.68575e-08, 2.75671e-06, 0.1
49060, -0.238407, -0.297354, 0.0871211, 2.32464, 2.38074, 0, 0, 0.150871, -0.150871, 9.68575e-08, 0.000788942, 0.1
49071, -0.237128, -0.295926, 0.0085026, 2.32464, 2.38074, 0, 0, 0.150085, -0.150085, 9.68575e-08, -0.000757873, 0.1
49081, -0.2369, -0.295672, 0.0085026, 2.32464, 2.38074, 0, 0, 0.150085, -0.150085, 9.68575e-08, 2.75671e-06, 0.1
49090, -0.236672, -0.295418, 0.0085026, 2.32464, 2.38074, 0, 0, 0.150085, -0.150085, 9.68575e-08, 2.75671e-06, 0.1
49100, -0.236445, -0.295165, 0.0085026, 2.32464, 2.38074, 0, 0, 0.150085, -0.150085, 9.68575e-08, 2.75671e-06, 0.1
49111, -0.238286, -0.297219, -0.146112, 2.32464, 2.38074, 0, 0, 0.148539, -0.148539, 9.68575e-08, -0.00154339, 0.1
49121, -0.240128, -0.299273, 0.0085026, 2.32464, 2.38074, 0, 0, 0.150085, -0.150085, 9.68575e-08, 0.00149865, 0.1
49131, -0.2399, -0.299019, 0.0085026, 2.32464, 2.38074, 0, 0, 0.150085, -0.150085, 9.68575e-08, 2.75671e-06, 0.1
49140, -0.238621, -0.297592, 0.0871211, 2.32464, 2.38074, 0, 0, 0.150871, -0.150871, 9.68575e-08, 0.000788942, 0.1
49150, -0.237341, -0.296164, 0.0085026, 2.32464, 2.38074, 0, 0, 0.150085, -0.150085, 9.68575e-08, -0.000757873, 0.1
49161, -0.236061, -0.294737, 0.0871211, 2.32464, 2.38074, 0, 0, 0.150871, -0.150871, 9.68575e-08, 0.000788942, 0.1
49171, -0.234782, -0.293309, 0.0085026, 2.32464, 2.38074, 0, 0, 0.150085, -0.150085, 9.68575e-08, -0.000757873, 0.1
49180, -0.235594, -0.294216, -0.0692368, 2.32464, 2.38074, 0, 0, 0.149308, -0.149308, 9.68575e-08, -0.000774637, 0.1
49190, -0.236407, -0.295123, 0.0085026, 2.32464, 2.38074, 0, 0, 0.150085, -0.150085, 9.68575e-08, 0.000754893, 0.1
49201, -0.23618, -0.294869, 0.0085026, 2.32464, 2.38074, 0, 0, 0.150085, -0.150085, 9.68575e-08, 2.75671e-06, 0.1
49211, -0.239545, -0.293441, 0.0871211, 2.32814, 2.38074, 0.347118, 0, 0.150871, -0.150871, 9.68575e-08, 0.000788942, 0.1
49220, -0.24291, -0.292014, 0.0085026, 2.32814, 2.38074, 0, 0, 0.150085, -0.150085, 9.68575e-08, -0.000757873, 0.1
49230, -0.242683, -0.29176, 0.0085026, 2.32814, 2.38074, 0, 0, 0.150085, -0.150085, 9.68575e-08, 2.75671e-06, 0.1
49241, -0.241403, -0.290333, 0.0871211, 2.32814, 2.38074, 0, 0, 0.150871, -0.150871, 9.68575e-08, 0.000788942, 0.1
49251, -0.240124, -0.288905, 0.0085026, 2.32814, 2.38074, 0, 0, 0.150085, -0.150085, 9.68575e-08, -0.000757873, 0.1
49260, -0.239896, -0.288651, 0.0085026, 2.32814, 2.38074, 0, 0, 0.150085, -0.150085, 9.68575e-08, 2.75671e-06, 0.1
49270, -0.239668, -0.288398, 0.0085026, 2.32814, 2.38074, 0, 0, 0.150085, -0.150085, 9.68575e-08, 2.75671e-06, 0.1
49281, -0.239441, -0.288144, 0.0085026, 2.32814, 2.38074, 0, 0, 0.150085, -0.150085, 9.68575e-08, 2.75671e-06, 0.1
49291, -0.2423, -0.291333, -0.222139, 2.32814, 2.38074, 0, 0, 0.147779, -0.147779, 9.68575e-08, -0.00230366, 0.1
49301, -0.245158, -0.294522, 0.0085026, 2.32814, 2.38074, 0, 0, 0.150085, -0.150085, 9.68575e-08, 0.00223422, 0.1
49310, -0.243879, -0.293094, 0.0871211, 2.32814, 2.38074, 0, 0, 0.150871, -0.150871, 9.68575e-08, 0.000788942, 0.1
49320, -0.242599, -0.291667, 0.0085026, 2.32814, 2.38074, 0, 0, 0.150085, -0.150085, 9.68575e-08, -0.000757873, 0.1
49331, -0.242372, -0.291413, 0.0085026, 2.32814, 2.38074, 0, 0, 0.150085, -0.150085, 9.68575e-08, 2.75671e-06, 0.1
49341, -0.242144, -0.291159, 0.0085026, 2.32814, 2.38074, 0, 0, 0.150085, -0.150085, 9.68575e-08, 2.75671e-06, 0.1
49350, -0.241917, -0.290905, 0.0085026, 2.32814, 2.38074, 0, 0, 0.150085, -0.150085, 9.68575e-08, 2.75671e-06, 0.1
49360, -0.242729, -0.291812, -0.0692368, 2.32814, 2.38074, 0, 0, 0.149308, -0.149308, 9.68575e-08, -0.000774637, 0.1
49371, -0.243542, -0.292719, 0.0085026, 2.32814, 2.38074, 0, 0, 0.150085, -0.150085, 9.68575e-08, 0.000754893, 0.1
49381, -0.243314, -0.292465, 0.0085026, 2.32814, 2.38074, 0, 0, 0.150085, -0.150085, 9.68575e-08, 2.75671e-06, 0.1
49390, -0.242035, -0.291037, 0.0871211, 2.32814, 2.38074, 0, 0, 0.150871, -0.150871, 9.68575e-08, 0.000788942, 0.1
49400, -0.240755, -0.28961, 0.0085026, 2.32814, 2.38074, 0, 0, 0.150085, -0.150085, 9.68575e-08, -0.000757873, 0.1
49411, -0.240528, -0.289356, 0.0085026, 2.32814, 2.38074, 0, 0, 0.150085, -0.150085, 9.68575e-08, 2.75671e-06, 0.1
49421, -0.2403, -0.289102, 0.0085026, 2.32814, 2.38074, 0, 0, 0.150085, -0.150085, 9.68575e-08, 2.75671e-06, 0.1
49430, -0.240073, -0.288848, 0.0085026, 2.32814, 2.38074, 0, 0, 0.150085, -0.150085, 9.68575e-08, 2.75671e-06, 0.1
49440, -0.239845, -0.288595, 0.0085026, 2.32814, 2.38074, 0, 0, 0.150085, -0.150085, 9.68575e-08, 2.75671e-06, 0.1
49451, -0.239618, -0.288341, 0.0085026, 2.32814, 2.38074, 0, 0, 0.150085, -0.150085, 9.68575e-08, 2.75671e-06, 0.1
49461, -0.238338, -0.286913, 0.0871211, 2.32814, 2.38074, 0, 0, 0.150871, -0.150871, 9.68575e-08, 0.000788942, 0.1
49471, -0.239127, -0.287794, -0.146112, 2.32814, 2.38074, 0, 0, 0.148539, -0.148539, 9.68575e-08, -0.00230402, 0.1
49480, -0.240969, -0.289848, 0.0085026, 2.32814, 2.38074, 0, 0, 0.150085, -0.150085, 9.68575e-08, 0.00149865, 0.1
49490, -0.239689, -0.288421, 0.0871211, 2.32814, 2.38074, 0, 0, 0.150871, -0.150871, 9.68575e-08, 0.000788942, 0.1
49501, -0.23841, -0.286993, 0.0085026, 2.32814, 2.38074, 0, 0, 0.150085, -0.150085, 9.68575e-08, -0.000757873, 0.1
49511, -0.238182, -0.286739, 0.0085026, 2.32814, 2.38074, 0, 0, 0.150085, -0.150085, 9.68575e-08, 2.75671e-06, 0.1
49520, -0.237954, -0.286485, 0.0085026, 2.32814, 2.38074, 0, 0, 0.150085, -0.150085, 9.68575e-08, 2.75671e-06, 0.1
49530, -0.237727, -0.286232, 0.0085026, 2.32814, 2.38074, 0, 0, 0.150085, -0.150085, 9.68575e-08, 2.75671e-06, 0.1
49541, -0.23854, -0.287138, -0.0692368, 2.32814, 2.38074, 0, 0, 0.149308, -0.149308, 9.68575e-08, -0.000774637, 0.1
49551, -0.239352, -0.288045, 0.0085026, 2.32814, 2.38074, 0, 0, 0.150085, -0.150085, 9.68575e-08, 0.000754893, 0.1
49560, -0.239125, -0.287791, 0.0085026, 2.32814, 2.38074, 0, 0, 0.150085, -0.150085, 9.68575e-08, 2.75671e-06, 0.1
49570, -0.237845, -0.286364, 0.0871211, 2.32814, 2.38074, 0, 0, 0.150871, -0.150871, 9.68575e-08, 0.000788942, 0.1
49581, -0.236566, -0.284936, 0.0085026, 2.32814, 2.38074, 0, 0, 0.150085, -0.150085, 9.68575e-08, -0.000757873, 0.1
49591, -0.235286, -0.283509, 0.0871211, 2.32814, 2.38074, 0, 0, 0.150871, -0.150871, 9.68575e-08, 0.000788942, 0.1
49601, -0.234006, -0.282081, 0.0085026, 2.32814, 2.38074, 0, 0, 0.150085, -0.150085, 9.68575e-08, -0.000757873, 0.1
49610, -0.233779, -0.281828, 0.0085026, 2.32814, 2.38074, 0, 0, 0.150085, -0.150085, 9.68575e-08, 2.75671e-06, 0.1
49620, -0.233551, -0.281574, 0.0085026, 2.32814, 2.38074, 0, 0, 0.150085, -0.150085, 9.68575e-08, 2.75671e-06, 0.1
49631, -0.233324, -0.28132, 0.0085026, 2.32814, 2.38074, 0, 0, 0.150085, -0.150085, 9.68575e-08, 2.75671e-06, 0.1
49641, -0.232044, -0.279892, 0.0871211, 2.32814, 2.38074, 0, 0, 0.150871, -0.150871, 9.68575e-08, 0.000788942, 0.1
49650, -0.230765, -0.278465, 0.0085026, 2.32814, 2.38074, 0, 0, 0.150085, -0.150085, 9.68575e-08, -0.000757873, 0.1
49660, -0.230537, -0.278211, 0.0085026, 2.32814, 2.38074, 0, 0, 0.150085, -0.150085, 9.68575e-08, 2.75671e-06, 0.1
49671, -0.230309, -0.277957, 0.0085026, 2.32814, 2.38074, 0, 0, 0.150085, -0.150085, 9.68575e-08, 2.75671e-06, 0.1
49681, -0.230082, -0.277703, 0.0085026, 2.32814, 2.38074, 0, 0, 0.150085, -0.150085, 9.68575e-08, 2.75671e-06, 0.1
49690, -0.229854, -0.27745, 0.0085026, 2.32814, 2.38074, 0, 0, 0.150085, -0.150085, 9.68575e-08, 2.75671e-06, 0.1
49700, -0.229627, -0.277196, 0.0085026, 2.32814, 2.38074, 0, 0, 0.150085, -0.150085, 9.68575e-08, 2.75671e-06, 0.1
49711, -0.229399, -0.276942, 0.0085026, 2.32814, 2.38074, 0, 0, 0.150085, -0.150085, 9.68575e-08, 2.75671e-06, 0.1
49721, -0.230212, -0.277848, -0.0692368, 2.32814, 2.38074, 0, 0, 0.149308, -0.149308, 9.68575e-08, -0.000774637, 0.1
49730, -0.231025, -0.278755, 0.0085026, 2.32814, 2.38074, 0, 0, 0.150085, -0.150085, 9.68575e-08, 0.000754893, 0.1
49740, -0.230797, -0.278501, 0.0085026, 2.32814, 2.38074, 0, 0, 0.150085, -0.150085, 9.68575e-08, 2.75671e-06, 0.1
49751, -0.229517, -0.277074, 0.0871211, 2.32814, 2.38074, 0, 0, 0.150871, -0.150871, 9.68575e-08, 0.000788942, 0.1
49761, -0.228238, -0.275646, 0.0085026, 2.32814, 2.38074, 0, 0, 0.150085, -0.150085, 9.68575e-08, -0.000757873, 0.1
49771, -0.22801, -0.275393, 0.0085026, 2.32814, 2.38074, 0, 0, 0.150085, -0.150085, 9.68575e-08, 2.75671e-06, 0.1
49780, -0.227783, -0.275139, 0.0085026, 2.32814, 2.38074, 0, 0, 0.150085, -0.150085, 9.68575e-08, 2.75671e-06, 0.1
49790, -0.227555, -0.274885, 0.0085026, 2.32814, 2.38074, 0, 0, 0.150085, -0.150085, 9.68575e-08, 2.75671e-06, 0.1
49801, -0.227328, -0.274631, 0.0085026, 2.32814, 2.38074, 0, 0, 0.150085, -0.150085, 9.68575e-08, 2.75671e-06, 0.1
49811, -0.2271, -0.274377, 0.0085026, 2.32814, 2.38074, 0, 0, 0.150085, -0.150085, 9.68575e-08, 2.75671e-06, 0.1
49820, -0.22582, -0.27295, 0.0871211, 2.32814, 2.38074, 0, 0, 0.150871, -0.150871, 9.68575e-08, 0.000788942, 0.1
49830, -0.224541, -0.271522, 0.0085026, 2.32814, 2.38074, 0, 0, 0.150085, -0.150085, 9.68575e-08, -0.000757873, 0.1
49841, -0.224313, -0.271268, 0.0085026, 2.32814, 2.38074, 0, 0, 0.150085, -0.150085, 9.68575e-08, 2.75671e-06, 0.1
49851, -0.223034, -0.269841, 0.0871211, 2.32814, 2.38074, 0, 0, 0.150871, -0.150871, 9.68575e-08, 0.000788942, 0.1
49860, -0.221754, -0.268414, 0.0085026, 2.32814, 2.38074, 0, 0, 0.150085, -0.150085, 9.68575e-08, -0.000757873, 0.1
49870, -0.221527, -0.26816, 0.0085026, 2.32814, 2.38074, 0, 0, 0.150085, -0.150085, 9.68575e-08, 2.75671e-06, 0.1
49881, -0.221299, -0.267906, 0.0085026, 2.32814, 2.38074, 0, 0, 0.150085, -0.150085, 9.68575e-08, 2.75671e-06, 0.1
49891, -0.221071, -0.267652, 0.0085026, 2.32814, 2.38074, 0, 0, 0.150085, -0.150085, 9.68575e-08, 2.75671e-06, 0.1
49900, -0.221884, -0.268559, -0.0692368, 2.32814, 2.38074, 0, 0, 0.149308, -0.149308, 9.68575e-08, -0.000774637, 0.1
49910, -0.222697, -0.269465, 0.0085026, 2.32814, 2.38074, 0, 0, 0.150085, -0.150085, 9.68575e-08, 0.000754893, 0.1
49921, -0.222469, -0.269211, 0.0085026, 2.32814, 2.38074, 0, 0, 0.150085, -0.150085, 9.68575e-08, 2.75671e-06, 0.1
49931, -0.22119, -0.267784, 0.0871211, 2.32814, 2.38074, 0, 0, 0.150871, -0.150871, 9.68575e-08, 0.000788942, 0.1
49941, -0.21991, -0.266357, 0.0085026, 2.32814, 2.38074, 0, 0, 0.150085, -0.150085, 9.68575e-08, -0.000757873, 0.1
49950, -0.219683, -0.266103, 0.0085026, 2.32814, 2.38074, 0, 0, 0.150085, -0.150085, 9.68575e-08, 2.75671e-06, 0.1
49960, -0.219455, -0.265849, 0.0085026, 2.32814, 2.38074, 0, 0, 0.150085, -0.150085, 9.68575e-08, 2.75671e-06, 0.1
49971, -0.220268, -0.266755, -0.0692368, 2.32814, 2.38074, 0, 0, 0.149308, -0.149308, 9.68575e-08, -0.000774637, 0.1
49981, -0.22108, -0.267662, 0.0085026, 2.32814, 2.38074, 0, 0, 0.150085, -0.150085, 9.68575e-08, 0.000754893, 0.1
49990, -0.220853, -0.267408, 0.0085026, 2.32814, 2.38074, 0, 0, 0.150085, -0.150085, 9.68575e-08, 2.75671e-06, 0.1
50000, -0.219573, -0.265981, 0.0871211, 2.32814, 2.38074, 0, 0, 0.150871, -0.150871, 9.68575e-08, 0.000788942, 0.1
50011, -0.218294, -0.264553, 0.0085026, 2.32814, 2.38074, 0, 0, 0.150085, -0.150085, 9.68575e-08, -0.000757873, 0.1
50021, -0.218066, -0.2643, 0.0085026, 2.32814, 2.38074, 0, 0, 0.150085, -0.150085, 9.68575e-08, 2.75671e-06, 0.1
50030, -0.221931, -0.268611, -0.29733, 2.32814, 2.38074, 0, 0, 0.147027, -0.147027, 9.68575e-08, -0.00305557, 0.1
50040, -0.229889, -0.277488, -0.29733, 2.32814, 2.38074, 0, 0, 0.147027, -0.147027, 9.68575e-08, -9.6634e-05, 0.1
50051, -0.237846, -0.286365, -0.29733, 2.32814, 2.38074, 0, 0, 0.147027, -0.147027, 9.68575e-08, -9.6634e-05, 0.1
50061, -0.245804, -0.295241, -0.29733, 2.32814, 2.38074, 0, 0, 0.147027, -0.147027, 9.68575e-08, -9.6634e-05, 0.1
50070, -0.253761, -0.304118, -0.29733, 2.32814, 2.38074, 0, 0, 0.147027, -0.147027, 9.68575e-08, -9.6634e-05, 0.1
50080, -0.262714, -0.314105, -0.371699, 2.32814, 2.38074, 0, 0, 0.146283, -0.146283, 9.68575e-08, -0.000840321, 0.1
50091, -0.271666, -0.324092, -0.29733, 2.32814, 2.38074, 0, 0, 0.147027, -0.147027, 9.68575e-08, 0.000622883, 0.1
50101, -0.279624, -0.332969, -0.29733, 2.32814, 2.38074, 0, 0, 0.147027, -0.147027, 9.68575e-08, -9.6634e-05, 0.1
50111, -0.287581, -0.341846, -0.29733, 2.32814, 2.38074, 0, 0, 0.147027, -0.147027, 9.68575e-08, -9.6634e-05, 0.1
50120, -0.295539, -0.350723, -0.29733, 2.32814, 2.38074, 0, 0, 0.147027, -0.147027, 9.68575e-08, -9.6634e-05, 0.1
50130, -0.303496, -0.359599, -0.29733, 2.32814, 2.38074, 0, 0, 0.147027, -0.147027, 9.68575e-08, -9.6634e-05, 0.1
50141, -0.311453, -0.368476, -0.29733, 2.32814, 2.38074, 0, 0, 0.147027, -0.147027, 9.68575e-08, -9.6634e-05, 0.1
50151, -0.320406, -0.378463, -0.371699, 2.32814, 2.38074, 0, 0, 0.146283, -0.146283, 9.68575e-08, -0.000840321, 0.1
50160, -0.329359, -0.38845, -0.29733, 2.32814, 2.38074, 0, 0, 0.147027, -0.147027, 9.68575e-08, 0.000622883, 0.1
50170, -0.337316, -0.397327, -0.29733, 2.32814, 2.38074, 0, 0, 0.147027, -0.147027, 9.68575e-08, -9.6634e-05, 0.1
50181, -0.344267, -0.405081, -0.222139, 2.32814, 2.38074, 0, 0, 0.147779, -0.147779, 9.68575e-08, 0.000655279, 0.1
50191, -0.351219, -0.412836, -0.29733, 2.32814, 2.38074, 0, 0, 0.147027, -0.147027, 9.68575e-08, -0.000824109, 0.1
50200, -0.359176, -0.421712, -0.29733, 2.32814, 2.38074, 0, 0, 0.147027, -0.147027, 9.68575e-08, -9.6634e-05, 0.1
50210, -0.367134, -0.430589, -0.29733, 2.32814, 2.38074, 0, 0, 0.147027, -0.147027, 9.68575e-08, -9.6634e-05, 0.1
50221, -0.375091, -0.439466, -0.29733, 2.32814, 2.38074, 0, 0, 0.147027, -0.147027, 9.68575e-08, -9.6634e-05, 0.1
50231, -0.383049, -0.448343, -0.29733, 2.32814, 2.38074, 0, 0, 0.147027, -0.147027, 9.68575e-08, -9.6634e-05, 0.1
50240, -0.391006, -0.45722, -0.29733, 2.32814, 2.38074, 0, 0, 0.147027, -0.147027, 9.68575e-08, -9.6634e-05, 0.1
50250, -0.397957, -0.464974, -0.222139, 2.32814, 2.38074, 0, 0, 0.147779, -0.147779, 9.68575e-08, 0.000655279, 0.1
50260, -0.405904, -0.473838, -0.371699, 2.32814, 2.38074, 0, 0, 0.146283, -0.146283, 9.68575e-08, -0.0015678, 0.1
50271, -0.414856, -0.483825, -0.29733, 2.32814, 2.38074, 0, 0, 0.147027, -0.147027, 9.68575e-08, 0.000622883, 0.1
50281, -0.421808, -0.49158, -0.222139, 2.32814, 2.38074, 0, 0, 0.147779, -0.147779, 9.68575e-08, 0.000655279, 0.1
50290, -0.424114, -0.494153, -0.29733, 2.32464, 2.37723, -0.347118, -0.347118, 0.147027, -0.147027, 9.68575e-08, -0.000824109, 0.1
50300, -0.427426, -0.497848, -0.29733, 2.32464, 2.37723, 0, 0, 0.147027, -0.147027, 9.68575e-08, -9.6634e-05, 0.1
50311, -0.435384, -0.506725, -0.29733, 2.32464, 2.37723, 0, 0, 0.147027, -0.147027, 9.68575e-08, -9.6634e-05, 0.1
50321, -0.439249, -0.511036, 0.0085026, 2.32464, 2.37723, 0, 0, 0.150085, -0.150085, 9.68575e-08, 0.0029617, 0.1
50330, -0.440062, -0.511943, -0.0692368, 2.32464, 2.37723, 0, 0, 0.149308, -0.149308, 9.68575e-08, -0.000774637, 0.1
50340, -0.436182, -0.512849, 0.0085026, 2.32113, 2.37723, -0.350624, 0, 0.150085, -0.150085, 9.68575e-08, 0.000754893, 0.1
50351, -0.431263, -0.512595, 0.0085026, 2.32113, 2.37723, 0, 0, 0.150085, -0.150085, 9.68575e-08, 2.75671e-06, 0.1
50361, -0.429983, -0.511168, 0.0871211, 2.32113, 2.37723, 0, 0, 0.150871, -0.150871, 9.68575e-08, 0.000788942, 0.1
50370, -0.432796, -0.509072, -0.29733, 2.32113, 2.37373, 0, -0.350624, 0.147027, -0.147027, 9.68575e-08, -0.0038162, 0.1
50380, -0.436109, -0.512715, -0.29733, 2.31763, 2.37373, -0.347118, 0, 0.147027, -0.147027, 9.68575e-08, -9.6634e-05, 0.1
50391, -0.439421, -0.521592, -0.29733, 2.31763, 2.37373, 0, 0, 0.147027, -0.147027, 9.68575e-08, -9.6634e-05, 0.1
50401, -0.447379, -0.525287, -0.29733, 2.31763, 2.37022, 0, -0.347118, 0.147027, -0.147027, 9.68575e-08, -9.6634e-05, 0.1
50411, -0.450644, -0.528982, -0.29733, 2.31412, 2.37022, -0.350624, 0, 0.147027, -0.147027, 9.68575e-08, -9.6634e-05, 0.1
50420, -0.45391, -0.537859, -0.29733, 2.31412, 2.37022, 0, 0, 0.147027, -0.147027, 9.68575e-08, -9.6634e-05, 0.1
50430, -0.456169, -0.545613, -0.222139, 2.31061, 2.37022, -0.350624, 0, 0.147779, -0.147779, 9.68575e-08, 0.000655279, 0.1
50441, -0.460408, -0.550342, -0.44526, 2.31061, 2.36671, 0, -0.350624, 0.145547, -0.145547, 9.68575e-08, -0.00230341, 0.1
50451, -0.465653, -0.556193, -0.29733, 2.30711, 2.36671, -0.350624, 0, 0.147027, -0.147027, 9.68575e-08, 0.00133459, 0.1
50460, -0.468919, -0.559836, -0.29733, 2.30711, 2.36321, 0, -0.350624, 0.147027, -0.147027, 9.68575e-08, -9.6634e-05, 0.1
50470, -0.476876, -0.563479, -0.29733, 2.30711, 2.36321, 0, 0, 0.147027, -0.147027, 9.68575e-08, -9.6634e-05, 0.1
50481, -0.481137, -0.568284, -0.371699, 2.3036, 2.3597, -0.350624, -0.347118, 0.146283, -0.146283, 9.68575e-08, -0.000840321, 0.1
50491, -0.480753, -0.567908, -0.29733, 2.30009, 2.35619, -0.347118, -0.347118, 0.147027, -0.147027, 9.68575e-08, 0.000622883, 0.1
50500, -0.484065, -0.571603, -0.29733, 2.30009, 2.35619, 0, 0, 0.147027, -0.147027, 9.68575e-08, -9.6634e-05, 0.1
50510, -0.486372, -0.574176, -0.222139, 2.29659, 2.35269, -0.347118, -0.347118, 0.147779, -0.147779, 9.68575e-08, 0.000655279, 0.1
50521, -0.483986, -0.571514, -0.29733, 2.29308, 2.34918, -0.350624, -0.350624, 0.147027, -0.147027, 9.68575e-08, -0.000824109, 0.1
50531, -0.481554, -0.568853, -0.222139, 2.28958, 2.34568, -0.350624, -0.347118, 0.147779, -0.147779, 9.68575e-08, 0.000655279, 0.1
50541, -0.478115, -0.56507, -0.222139, 2.28607, 2.34217, -0.350624, -0.350624, 0.147779, -0.147779, 9.68575e-08, -7.21961e-05, 0.1
50550, -0.475682, -0.562356, -0.29733, 2.28256, 2.33866, -0.350624, -0.350624, 0.147027, -0.147027, 9.68575e-08, -0.000824109, 0.1
50561, -0.474256, -0.560765, -0.29733, 2.27906, 2.33516, -0.350624, -0.350624, 0.147027, -0.147027, 9.68575e-08, -9.6634e-05, 0.1
50571, -0.472877, -0.559226, -0.29733, 2.27555, 2.33516, -0.347118, -0.347118, 0.147027, -0.147027, 9.68575e-08, -9.6634e-05, 0.1
50581, -0.471497, -0.557688, -0.29733, 2.27204, 2.32814, -0.350624, -0.350624, 0.147027, -0.147027, 9.68575e-08, -9.6634e-05, 0.1
50591, -0.474763, -0.56133, -0.29733, 2.27204, 2.32814, 0, 0, 0.147027, -0.147027, 9.68575e-08, -9.6634e-05, 0.1
50600, 0, 0, 0, 2.26854, 2.32464, -0.350624, -0.347118, 0.147027, -0.147027, 9.68575e-08, -9.6634e-05, 0.1
50611, 0, 0, 0, 2.26503, 2.32113, -0.350624, -0.350624, 0.147027, -0.147027, 9.68575e-08, 0, 0.1
50620, 0, 0, 0, 2.26503, 2.32113, 0, 0, 0.147027, -0.147027, 9.68575e-08, 0, 0.1
50630, 0, 0, 0, 2.26503, 2.32113, 0, 0, 0.147027, -0.147027, 9.68575e-08, 0, 0.1
50640, 0, 0, 0, 2.26503, 2.32113, 0, 0, 0.150871, -0.150871, 9.68575e-08, 0.00384451, 0.1
50651, 0, 0, 0, 2.26503, 2.32113, 0, 0, 0.150085, -0.150085, 9.68575e-08, -0.000786185, 0.1
50661, 0, 0, 0, 2.26854, 2.32113, 0.350624, 0, 0.150085, -0.150085, 9.68575e-08, 0, 0.1
50670, 0, 0, 0, 2.26854, 2.32113, 0, 0, 0.147027, -0.147027, 9.68575e-08, -0.00305833, 0.1
50680, 0, 0, 0, 2.26854, 2.32113, 0, 0, 0.147027, -0.147027, 9.68575e-08, 0, 0.1
50691, 0, 0, 0, 2.26854, 2.32113, 0, 0, 0.146283, -0.146283, 9.68575e-08, -0.000743687, 0.1
50701, 0, 0, 0, 2.26854, 2.32113, 0, 0, 0.147027, -0.147027, 9.68575e-08, 0.000743687, 0.1
50710, 0, 0, 0, 2.26854, 2.32113, 0, 0, 0.147027, -0.147027, 9.68575e-08, 0, 0.1
50720, 0, 0, 0, 2.26854, 2.32113, 0, 0, 0.147779, -0.147779, 9.68575e-08, 0.000751913, 0.1
50731, 0, 0, 0, 2.26854, 2.32113, 0, 0, 0.147027, -0.147027, 9.68575e-08, -0.000751913, 0.1
50741, 0, 0, 0, 2.26854, 2.32113, 0, 0, 0.147027, -0.147027, 9.68575e-08, 0, 0.1
50750, 0, 0, 0, 2.26854, 2.32113, 0, 0, 0.147027, -0.147027, 9.68575e-08, 0, 0.1
50760, 0, 0, 0, 2.26854, 2.32113, 0, 0, 0.146283, -0.146283, 9.68575e-08, -0.000743687, 0.1
50770, 0, 0, 0, 2.26854, 2.32113, 0, 0, 0.147027, -0.147027, 9.68575e-08, 0.000743687, 0.1
50781, 0, 0, 0, 2.26854, 2.32113, 0, 0, 0.147027, -0.147027, 9.68575e-08, 0, 0.1
50790, 0, 0, 0, 2.26854, 2.32113, 0, 0, 0.147779, -0.147779, 9.68575e-08, 0.000751913, 0.1
50800, 0, 0, 0, 2.26854, 2.32113, 0, 0, 0.147027, -0.147027, 9.68575e-08, -0.000751913, 0.1
50810, 0, 0, 0, 2.26854, 2.32113, 0, 0, 0.147027, -0.147027, 9.68575e-08, 0, 0.1
50821, 0, 0, 0, 2.26854, 2.32113, 0, 0, 0.147027, -0.147027, 9.68575e-08, 0, 0.1
50831, 0, 0, 0, 2.26854, 2.32113, 0, 0, 0.147027, -0.147027, 9.68575e-08, 0, 0.1
50840, 0, 0, 0, 2.26854, 2.32113, 0, 0, 0.147027, -0.147027, 9.68575e-08, 0, 0.1
50850, 0, 0, 0, 2.26854, 2.32113, 0, 0, 0.147027, -0.147027, 9.68575e-08, 0, 0.1
50861, 0, 0, 0, 2.26854, 2.32113, 0, 0, 0.147027, -0.147027, 9.68575e-08, 0, 0.1
50871, 0, 0, 0, 2.26854, 2.32113, 0, 0, 0.146283, -0.146283, 9.68575e-08, -0.000743687, 0.1
50880, 0, 0, 0, 2.26854, 2.32113, 0, 0, 0.147027, -0.147027, 9.68575e-08, 0.000743687, 0.1
50890, 0, 0, 0, 2.26854, 2.32113, 0, 0, 0.148539, -0.148539, 9.68575e-08, 0.00151218, 0.1
50900, 0, 0, 0, 2.26854, 2.32113, 0, 0, 0.147027, -0.147027, 9.68575e-08, -0.00151218, 0.1
50911, 0, 0, 0, 2.26854, 2.32113, 0, 0, 0.147027, -0.147027, 9.68575e-08, 0, 0.1
50920, 0, 0, 0, 2.26854, 2.32113, 0, 0, 0.147027, -0.147027, 9.68575e-08, 0, 0.1
50930, 0, 0, 0, 2.26854, 2.32113, 0, 0, 0.147027, -0.147027, 9.68575e-08, 0, 0.1
50940, 0, 0, 0, 2.26854, 2.32113, 0, 0, 0.146283, -0.146283, 9.68575e-08, -0.000743687, 0.1
50951, 0, 0, 0, 2.26854, 2.32113, 0, 0, 0.147027, -0.147027, 9.68575e-08, 0.000743687, 0.1
50960, 0, 0, 0, 2.26854, 2.32113, 0, 0, 0.147027, -0.147027, 9.68575e-08, 0, 0.1
50970, 0, 0, 0, 2.26854, 2.32113, 0, 0, 0.147779, -0.147779, 9.68575e-08, 0.000751913, 0.1
50980, 0, 0, 0, 2.26854, 2.32113, 0, 0, 0.147027, -0.147027, 9.68575e-08, -0.000751913, 0.1
50991, 0, 0, 0, 2.26854, 2.32113, 0, 0, 0.147779, -0.147779, 9.68575e-08, 0.000751913, 0.1
51001, 0, 0, 0, 2.26854, 2.32113, 0, 0, 0.147027, -0.147027, 9.68575e-08, -0.000751913, 0.1
51010, 0, 0, 0, 2.26854, 2.32113, 0, 0, 0.147027, -0.147027, 9.68575e-08, 0, 0.1
51020, 0, 0, 0, 2.26854, 2.32113, 0, 0, 0.147027, -0.147027, 9.68575e-08, 0, 0.1
51031, 0, 0, 0, 2.26854, 2.32113, 0, 0, 0.147027, -0.147027, 9.68575e-08, 0, 0.1
51041, 0, 0, 0, 2.26854, 2.32113, 0, 0, 0.147779, -0.147779, 9.68575e-08, 0.000751913, 0.1
51050, 0, 0, 0, 2.26854, 2.32113, 0, 0, 0.146283, -0.146283, 9.68575e-08, -0.0014956, 0.1
51060, 0, 0, 0, 2.26854, 2.32113, 0, 0, 0.150085, -0.150085, 9.68575e-08, 0.00380202, 0.1
51070, 0, 0, 0, 2.26854, 2.32113, 0, 0, 0.150085, -0.150085, 9.68575e-08, 0, 0.1
51081, 0, 0, 0, 2.26854, 2.32113, 0, 0, 0.150085, -0.150085, 9.68575e-08, 0, 0.1
51090, 0, 0, 0, 2.26854, 2.32113, 0, 0, 0.150085, -0.150085, 9.68575e-08, 0, 0.1
51100, 0, 0, 0, 2.26854, 2.32113, 0, 0, 0.150085, -0.150085, 9.68575e-08, 0, 0.1
51110, 0, 0, 0, 2.26854, 2.32113, 0, 0, 0.147027, -0.147027, 9.68575e-08, -0.00305833, 0.1
51121, 0, 0, 0, 2.26854, 2.32113, 0, 0, 0.146283, -0.146283, 9.68575e-08, -0.000743687, 0.1
51131, 0, 0, 0, 2.26854, 2.32113, 0, 0, 0.147027, -0.147027, 9.68575e-08, 0.000743687, 0.1
51140, 0, 0, 0, 2.26854, 2.32113, 0, 0, 0.147027, -0.147027, 9.68575e-08, 0, 0.1
51150, 0, 0, 0, 2.26854, 2.32113, 0, 0, 0.147779, -0.147779, 9.68575e-08, 0.000751913, 0.1
51161, 0, 0, 0, 2.26854, 2.32113, 0, 0, 0.147027, -0.147027, 9.68575e-08, -0.000751913, 0.1
51171, 0, 0, 0, 2.26854, 2.32113, 0, 0, 0.147027, -0.147027, 9.68575e-08, 0, 0.1
51180, 0, 0, 0, 2.26854, 2.32113, 0, 0, 0.147027, -0.147027, 9.68575e-08, 0, 0.1
51190, 0, 0, 0, 2.26854, 2.32113, 0, 0, 0.147027, -0.147027, 9.68575e-08, 0, 0.1
51201, 0, 0, 0, 2.26854, 2.32113, 0, 0, 0.147027, -0.147027, 9.68575e-08, 0, 0.1
51211, 0, 0, 0, 2.26854, 2.32113, 0, 0, 0.147027, -0.147027, 9.68575e-08, 0, 0.1
51220, 0, 0, 0, 2.26854, 2.32113, 0, 0, 0.147779, -0.147779, 9.68575e-08, 0.000751913, 0.1
51230, 0, 0, 0, 2.26854, 2.32113, 0, 0, 0.145547, -0.145547, 9.68575e-08, -0.00223121, 0.1
51240, 0, 0, 0, 2.26854, 2.32113, 0, 0, 0.147027, -0.147027, 9.68575e-08, 0.0014793, 0.1
51251, 0, 0, 0, 2.26854, 2.32113, 0, 0, 0.147027, -0.147027, 9.68575e-08, 0, 0.1
51260, 0, 0, 0, 2.26854, 2.32113, 0, 0, 0.147027, -0.147027, 9.68575e-08, 0, 0.1
51270, 0, 0, 0, 2.26854, 2.32113, 0, 0, 0.147027, -0.147027, 9.68575e-08, 0, 0.1
51280, 0, 0, 0, 2.26854, 2.32113, 0, 0, 0.147027, -0.147027, 9.68575e-08, 0, 0.1
51291, 0, 0, 0, 2.26854, 2.32113, 0, 0, 0.146283, -0.146283, 9.68575e-08, -0.000743687, 0.1
51301, 0, 0, 0, 2.26854, 2.32113, 0, 0, 0.146283, -0.146283, 9.68575e-08, 0, 0.1
51310, 0, 0, 0, 2.26854, 2.32113, 0, 0, 0.147027, -0.147027, 9.68575e-08, 0.000743687, 0.1
51320, 0, 0, 0, 2.26854, 2.32113, 0, 0, 0.147027, -0.147027, 9.68575e-08, 0, 0.1
51331, 0, 0, 0, 2.26854, 2.32113, 0, 0, 0.147779, -0.147779, 9.68575e-08, 0.000751913, 0.1
51341, 0, 0, 0, 2.26854, 2.32113, 0, 0, 0.147027, -0.147027, 9.68575e-08, -0.000751913, 0.1
51350, 0, 0, 0, 2.26854, 2.32113, 0, 0, 0.147027, -0.147027, 9.68575e-08, 0, 0.1
51360, 0, 0, 0, 2.26854, 2.32113, 0, 0, 0.147027, -0.147027, 9.68575e-08, 0, 0.1
51371, 0, 0, 0, 2.26854, 2.32113, 0, 0, 0.147027, -0.147027, 9.68575e-08, 0, 0.1
51381, 0, 0, 0, 2.26854, 2.32113, 0, 0, 0.147027, -0.147027, 9.68575e-08, 0, 0.1
51390, 0, 0, 0, 2.26854, 2.32113, 0, 0, 0.147027, -0.147027, 9.68575e-08, 0, 0.1
51400, 0, 0, 0, 2.26854, 2.32113, 0, 0, 0.147779, -0.147779, 9.68575e-08, 0.000751913, 0.1
51410, 0, 0, 0, 2.26854, 2.32113, 0, 0, 0.147027, -0.147027, 9.68575e-08, -0.000751913, 0.1
