QGPIORecord, QRC v6.1.0, 10-11-2021 @ 15:25:00, Windows 10 Version 2009, 10.0.19042, x86_64
Time, PositionA, VelocityA, ValueIn2, ValueIn3, ValueIn4, ValueIn5, ValueIn6, ValueIn7, ValueIn8, ValueIn9, ValueIn10, ValueIn11
193760, 0, 0, 0, 0, 0, 0, 0, 0, 0, 0, 0, 0
193771, 0, 0, 0, 0, 0, 0, 0, 0, 0, 0, 0, 0
193780, 0, 0, 0, 0, 0, 0, 0, 0, 0, 0, 0, 0
193790, 0, 0, 0, 0, 0, 0, 0, 0, 0, 0, 0, 0
193800, 0, 0, 0, 0, 0, 0, 0, 0, 0, 0, 0, 0
193810, 0, 0, 0, 0, 0, 0, 0, 0, 0, 0, 0, 0
193820, 0, 0, 0, 0, 0, 0, 0, 0, 0, 0, 0, 0
193830, 0, 0, 0, 0, 0, 0, 0, 0, 0, 0, 0, 0
193840, 0, 0, 0, 0, 0, 0, 0, 0, 0, 0, 0, 0
193850, 0, 0, 0, 0, 0, 0, 0, 0, 0, 0, 0, 0
193860, 0, 0, 0, 0, 0, 0, 0, 0, 0, 0, 0, 0
193870, 0, 0, 0, 0, 0, 0, 0, 0, 0, 0, 0, 0
193881, 0, 0, 0, 0, 0, 0, 0, 0, 0, 0, 0, 0
193890, 0, 0, 0, 0, 0, 0, 0, 0, 0, 0, 0, 0
193900, 0, 0, 0, 0, 0, 0, 0, 0, 0, 0, 0, 0
193910, 0, 0, 0, 0, 0, 0, 0, 0, 0, 0, 0, 0
193921, 0, 0, 0, 0, 0, 0, 0, 0, 0, 0, 0, 0
193930, 0, 0, 0, 0, 0, 0, 0, 0, 0, 0, 0, 0
193940, 0, 0, 0, 0, 0, 0, 0, 0, 0, 0, 0, 0
193950, 0, 0, 0, 0, 0, 0, 0, 0, 0, 0, 0, 0
193960, 0, 0, 0, 0, 0, 0, 0, 0, 0, 0, 0, 0
193970, 0, 0, 0, 0, 0, 0, 0, 0, 0, 0, 0, 0
193980, 0, 0, 0, 0, 0, 0, 0, 0, 0, 0, 0, 0
193990, 0, 0, 0, 0, 0, 0, 0, 0, 0, 0, 0, 0
194000, 0, 0, 0, 0, 0, 0, 0, 0, 0, 0, 0, 0
194010, 0, 0, 0, 0, 0, 0, 0, 0, 0, 0, 0, 0
194020, 0, 0, 0, 0, 0, 0, 0, 0, 0, 0, 0, 0
194030, 0, 0, 0, 0, 0, 0, 0, 0, 0, 0, 0, 0
194040, 0, 0, 0, 0, 0, 0, 0, 0, 0, 0, 0, 0
194051, 0, 0, 0, 0, 0, 0, 0, 0, 0, 0, 0, 0
194060, 0, 0, 0, 0, 0, 0, 0, 0, 0, 0, 0, 0
194070, 0, 0, 0, 0, 0, 0, 0, 0, 0, 0, 0, 0
194080, 0, 0, 0, 0, 0, 0, 0, 0, 0, 0, 0, 0
194091, 0, 0, 0, 0, 0, 0, 0, 0, 0, 0, 0, 0
194100, 0, 0, 0, 0, 0, 0, 0, 0, 0, 0, 0, 0
194110, 0, 0, 0, 0, 0, 0, 0, 0, 0, 0, 0, 0
194120, 0, 0, 0, 0, 0, 0, 0, 0, 0, 0, 0, 0
194130, 0, 0, 0, 0, 0, 0, 0, 0, 0, 0, 0, 0
194140, 0, 0, 0, 0, 0, 0, 0, 0, 0, 0, 0, 0
194150, 0, 0, 0, 0, 0, 0, 0, 0, 0, 0, 0, 0
194160, 0, 0, 0, 0, 0, 0, 0, 0, 0, 0, 0, 0
194170, 0, 0, 0, 0, 0, 0, 0, 0, 0, 0, 0, 0
194181, 0, 0, 0, 0, 0, 0, 0, 0, 0, 0, 0, 0
194190, 0, 0, 0, 0, 0, 0, 0, 0, 0, 0, 0, 0
194200, 0, 0, 0, 0, 0, 0, 0, 0, 0, 0, 0, 0
194210, 0, 0, 0, 0, 0, 0, 0, 0, 0, 0, 0, 0
194221, 0, 0, 0, 0, 0, 0, 0, 0, 0, 0, 0, 0
194230, 0, 0, 0, 0, 0, 0, 0, 0, 0, 0, 0, 0
194240, 0, 0, 0, 0, 0, 0, 0, 0, 0, 0, 0, 0
194250, 0, 0, 0, 0, 0, 0, 0, 0, 0, 0, 0, 0
194260, 0, 0, 0, 0, 0, 0, 0, 0, 0, 0, 0, 0
194270, 0, 0, 0, 0, 0, 0, 0, 0, 0, 0, 0, 0
194280, 0, 0, 0, 0, 0, 0, 0, 0, 0, 0, 0, 0
194290, 0, 0, 0, 0, 0, 0, 0, 0, 0, 0, 0, 0
194300, 0, 0, 0, 0, 0, 0, 0, 0, 0, 0, 0, 0
194310, 0, 0, 0, 0, 0, 0, 0, 0, 0, 0, 0, 0
194320, 0, 0, 0, 0, 0, 0, 0, 0, 0, 0, 0, 0
194330, 0, 0, 0, 0, 0, 0, 0, 0, 0, 0, 0, 0
194340, 0, 0, 0, 0, 0, 0, 0, 0, 0, 0, 0, 0
194351, 0, 0, 0, 0, 0, 0, 0, 0, 0, 0, 0, 0
194360, 0, 0, 0, 0, 0, 0, 0, 0, 0, 0, 0, 0
194370, 0, 0, 0, 0, 0, 0, 0, 0, 0, 0, 0, 0
194380, 0, 0, 0, 0, 0, 0, 0, 0, 0, 0, 0, 0
194391, 0, 0, 0, 0, 0, 0, 0, 0, 0, 0, 0, 0
194400, 0, 0, 0, 0, 0, 0, 0, 0, 0, 0, 0, 0
194410, 0, 0, 0, 0, 0, 0, 0, 0, 0, 0, 0, 0
194420, 0, 0, 0, 0, 0, 0, 0, 0, 0, 0, 0, 0
194430, 0, 0, 0, 0, 0, 0, 0, 0, 0, 0, 0, 0
194440, 0, 0, 0, 0, 0, 0, 0, 0, 0, 0, 0, 0
194450, 0, 0, 0, 0, 0, 0, 0, 0, 0, 0, 0, 0
194460, 0, 0, 0, 0, 0, 0, 0, 0, 0, 0, 0, 0
194470, 0, 0, 0, 0, 0, 0, 0, 0, 0, 0, 0, 0
194480, 0, 0, 0, 0, 0, 0, 0, 0, 0, 0, 0, 0
194490, 0, 0, 0, 0, 0, 0, 0, 0, 0, 0, 0, 0
194500, 0, 0, 0, 0, 0, 0, 0, 0, 0, 0, 0, 0
194510, 0, 0, 0, 0, 0, 0, 0, 0, 0, 0, 0, 0
194521, 0, 0, 0, 0, 0, 0, 0, 0, 0, 0, 0, 0
194530, 0, 0, 0, 0, 0, 0, 0, 0, 0, 0, 0, 0
194540, 0, 0, 0, 0, 0, 0, 0, 0, 0, 0, 0, 0
194550, 0, 0, 0, 0, 0, 0, 0, 0, 0, 0, 0, 0
194561, 0, 0, 0, 0, 0, 0, 0, 0, 0, 0, 0, 0
194570, 0, 0, 0, 0, 0, 0, 0, 0, 0, 0, 0, 0
194580, 0, 0, 0, 0, 0, 0, 0, 0, 0, 0, 0, 0
194590, 0, 0, 0, 0, 0, 0, 0, 0, 0, 0, 0, 0
194600, 0, 0, 0, 0, 0, 0, 0, 0, 0, 0, 0, 0
194611, 0, 0, 0, 0, 0, 0, 0, 0, 0, 0, 0, 0
194620, 0, 0, 0, 0, 0, 0, 0, 0, 0, 0, 0, 0
194630, 0, 0, 0, 0, 0, 0, 0, 0, 0, 0, 0, 0
194640, 0, 0, 0, 0, 0, 0, 0, 0, 0, 0, 0, 0
194651, 0, 0, 0, 0, 0, 0, 0, 0, 0, 0, 0, 0
194660, 0, 0, 0, 0, 0, 0, 0, 0, 0, 0, 0, 0
194670, 0, 0, 1, 0, 0, 0, 0, 0, 0, 0, 0, 0
194680, 0, 0, 1, 0, 0, 0, 0, 0, 0, 0, 0, 0
194691, 0.0210375, 2.10024, 1, 0, 0, 0, 0, 0, 0, 0, 0, 0
194700, 0.0596061, 3.85336, 1, 0, 0, 0, 0, 0, 0, 0, 0, 0
194710, 0.108693, 4.91224, 1, 0, 0, 0, 0, 0, 0, 0, 0, 0
194720, 0.164793, 5.60999, 1, 0, 0, 0, 0, 0, 0, 0, 0, 0
194731, 0.220893, 5.60999, 1, 0, 0, 0, 0, 0, 0, 0, 0, 0
194740, 0.280499, 5.94659, 1, 0, 0, 0, 0, 0, 0, 0, 0, 0
194750, 0.340105, 5.96762, 1, 0, 0, 0, 0, 0, 0, 0, 0, 0
194760, 0.399712, 5.95009, 1, 0, 0, 0, 0, 0, 0, 0, 0, 0
194770, 0.459318, 5.96762, 1, 0, 0, 0, 0, 0, 0, 0, 0, 0
194781, 0.518924, 5.9536, 1, 0, 0, 0, 0, 0, 0, 0, 0, 0
194790, 0.57853, 5.96762, 1, 0, 0, 0, 0, 0, 0, 0, 0, 0
194800, 0.638136, 5.9536, 1, 0, 0, 0, 0, 0, 0, 0, 0, 0
194810, 0.697742, 5.96061, 1, 0, 0, 0, 0, 0, 0, 0, 0, 0
194821, 0.757348, 5.96061, 1, 0, 0, 0, 0, 0, 0, 0, 0, 0
194830, 0.816954, 5.9536, 1, 0, 0, 0, 0, 0, 0, 0, 0, 0
194840, 0.87656, 5.96061, 1, 0, 0, 0, 0, 0, 0, 0, 0, 0
194850, 0.936167, 5.96061, 1, 0, 0, 0, 0, 0, 0, 0, 0, 0
194861, 0.995773, 5.96061, 1, 0, 0, 0, 0, 0, 0, 0, 0, 0
194870, 1.05538, 5.9536, 1, 0, 0, 0, 0, 0, 0, 0, 0, 0
194880, 1.11498, 5.96762, 1, 0, 0, 0, 0, 0, 0, 0, 0, 0
194890, 1.17459, 5.9571, 1, 0, 0, 0, 0, 0, 0, 0, 0, 0
194900, 1.2342, 5.96061, 1, 0, 0, 0, 0, 0, 0, 0, 0, 0
194910, 1.2938, 5.9536, 1, 0, 0, 0, 0, 0, 0, 0, 0, 0
194920, 1.35341, 5.9571, 1, 0, 0, 0, 0, 0, 0, 0, 0, 0
194930, 1.41302, 5.96412, 1, 0, 0, 0, 0, 0, 0, 0, 0, 0
194940, 1.47262, 5.96061, 1, 0, 0, 0, 0, 0, 0, 0, 0, 0
194951, 1.53223, 5.9571, 1, 0, 0, 0, 0, 0, 0, 0, 0, 0
194960, 1.59183, 5.96061, 1, 0, 0, 0, 0, 0, 0, 0, 0, 0
194970, 1.65144, 5.96061, 1, 0, 0, 0, 0, 0, 0, 0, 0, 0
194980, 1.71105, 5.96061, 1, 0, 0, 0, 0, 0, 0, 0, 0, 0
194991, 1.77065, 5.96061, 1, 0, 0, 0, 0, 0, 0, 0, 0, 0
195000, 1.83026, 5.9536, 1, 0, 0, 0, 0, 0, 0, 0, 0, 0
195010, 1.88986, 5.96412, 1, 0, 0, 0, 0, 0, 0, 0, 0, 0
195020, 1.94947, 5.96061, 1, 0, 0, 0, 0, 0, 0, 0, 0, 0
195031, 2.00908, 5.96061, 1, 0, 0, 0, 0, 0, 0, 0, 0, 0
195040, 2.06518, 5.60648, 1, 0, 0, 0, 0, 0, 0, 0, 0, 0
195050, 2.12478, 5.9536, 1, 0, 0, 0, 0, 0, 0, 0, 0, 0
195060, 2.18439, 5.96762, 1, 0, 0, 0, 0, 0, 0, 0, 0, 0
195070, 2.24399, 5.95009, 1, 0, 0, 0, 0, 0, 0, 0, 0, 0
195081, 2.3036, 5.96061, 1, 0, 0, 0, 0, 0, 0, 0, 0, 0
195090, 2.36321, 5.96061, 1, 0, 0, 0, 0, 0, 0, 0, 0, 0
195100, 2.41931, 5.61349, 1, 0, 0, 0, 0, 0, 0, 0, 0, 0
195110, 2.47891, 5.9571, 1, 0, 0, 0, 0, 0, 0, 0, 0, 0
195121, 2.53501, 5.60648, 1, 0, 0, 0, 0, 0, 0, 0, 0, 0
195130, 2.59462, 5.96061, 1, 0, 0, 0, 0, 0, 0, 0, 0, 0
195140, 2.65423, 5.96061, 1, 0, 0, 0, 0, 0, 0, 0, 0, 0
195150, 2.71383, 5.96061, 1, 0, 0, 0, 0, 0, 0, 0, 0, 0
195161, 2.77344, 5.9571, 0, 0, 0, 0, 0, 0, 0, 0, 0, 0
195170, 2.83304, 5.96762, 0, 0, 0, 0, 0, 0, 0, 0, 0, 0
195180, 2.87161, 3.85687, 0, 0, 0, 0, 0, 0, 0, 0, 0, 0
195190, 2.88564, 1.4025, 0, 0, 0, 0, 0, 0, 0, 0, 0, 0
195201, 2.89265, 0.701248, 0, 0, 0, 0, 0, 0, 0, 0, 0, 0
195210, 2.89265, 0, 0, 0, 0, 0, 0, 0, 0, 0, 0, 0
195220, 2.89265, 0, 0, 0, 0, 0, 0, 0, 0, 0, 0, 0
195230, 2.89265, 0, 0, 0, 0, 0, 0, 0, 0, 0, 0, 0
195240, 2.89265, 0, 0, 0, 0, 0, 0, 0, 0, 0, 0, 0
195250, 2.89265, 0, 0, 0, 0, 0, 0, 0, 0, 0, 0, 0
195260, 2.89265, 0, 0, 0, 0, 0, 0, 0, 0, 0, 0, 0
195270, 2.89265, 0, 0, 0, 0, 0, 0, 0, 0, 0, 0, 0
195280, 2.89265, 0, 0, 0, 0, 0, 0, 0, 0, 0, 0, 0
195291, 2.89265, 0, 0, 0, 0, 0, 0, 0, 0, 0, 0, 0
195300, 2.89265, 0, 0, 0, 0, 0, 0, 0, 0, 0, 0, 0
195310, 2.89265, 0, 0, 0, 0, 0, 0, 0, 0, 0, 0, 0
195320, 2.89265, 0, 0, 0, 0, 0, 0, 0, 0, 0, 0, 0
195331, 2.89265, 0, 0, 0, 0, 0, 0, 0, 0, 0, 0, 0
195340, 2.89265, 0, 0, 0, 0, 0, 0, 0, 0, 0, 0, 0
195350, 2.89265, 0, 0, 0, 0, 0, 0, 0, 0, 0, 0, 0
195360, 2.89265, 0, 0, 0, 0, 0, 0, 0, 0, 0, 0, 0
195371, 2.89265, 0, 0, 0, 0, 0, 0, 0, 0, 0, 0, 0
195380, 2.89265, 0, 0, 0, 0, 0, 0, 0, 0, 0, 0, 0
195390, 2.89265, 0, 0, 0, 0, 0, 0, 0, 0, 0, 0, 0
195400, 2.89265, 0, 0, 0, 0, 0, 0, 0, 0, 0, 0, 0
195410, 2.89265, 0, 0, 0, 0, 0, 0, 0, 0, 0, 0, 0
195420, 2.89265, 0, 0, 0, 0, 0, 0, 0, 0, 0, 0, 0
195430, 2.89265, 0, 0, 0, 0, 0, 0, 0, 0, 0, 0, 0
195440, 2.89265, 0, 0, 0, 0, 0, 0, 0, 0, 0, 0, 0
195450, 2.89265, 0, 0, 0, 0, 0, 0, 0, 0, 0, 0, 0
195461, 2.89265, 0, 0, 0, 0, 0, 0, 0, 0, 0, 0, 0
195470, 2.89265, 0, 0, 0, 0, 0, 0, 0, 0, 0, 0, 0
195480, 2.89265, 0, 0, 0, 0, 0, 0, 0, 0, 0, 0, 0
195490, 2.89265, 0, 0, 0, 0, 0, 0, 0, 0, 0, 0, 0
195501, 2.89265, 0, 0, 0, 0, 0, 0, 0, 0, 0, 0, 0
195510, 2.89265, 0, 0, 0, 0, 0, 0, 0, 0, 0, 0, 0
195520, 2.89265, 0, 0, 0, 0, 0, 0, 0, 0, 0, 0, 0
195530, 2.89265, 0, 0, 0, 0, 0, 0, 0, 0, 0, 0, 0
195540, 2.89265, 0, 0, 0, 0, 0, 0, 0, 0, 0, 0, 0
195550, 2.89265, 0, 0, 0, 0, 0, 0, 0, 0, 0, 0, 0
195560, 2.89265, 0, 0, 0, 0, 0, 0, 0, 0, 0, 0, 0
195570, 2.89265, 0, 0, 0, 0, 0, 0, 0, 0, 0, 0, 0
195580, 2.89265, 0, 0, 0, 0, 0, 0, 0, 0, 0, 0, 0
195590, 2.89265, 0, 0, 0, 0, 0, 0, 0, 0, 0, 0, 0
195600, 2.89265, 0, 0, 0, 0, 0, 0, 0, 0, 0, 0, 0
195610, 2.89265, 0, 0, 0, 0, 0, 0, 0, 0, 0, 0, 0
195620, 2.89265, 0, 0, 0, 0, 0, 0, 0, 0, 0, 0, 0
195631, 2.89265, 0, 0, 0, 0, 0, 0, 0, 0, 0, 0, 0
195640, 2.89265, 0, 0, 0, 0, 0, 0, 0, 0, 0, 0, 0
195650, 2.89265, 0, 1, 0, 0, 0, 0, 0, 0, 0, 0, 0
195660, 2.89265, 0, 1, 0, 0, 0, 0, 0, 0, 0, 0, 0
195671, 2.91369, 2.10374, 1, 0, 0, 0, 0, 0, 0, 0, 0, 0
195680, 2.95576, 4.20398, 1, 0, 0, 0, 0, 0, 0, 0, 0, 0
195690, 3.00836, 5.26287, 1, 0, 0, 0, 0, 0, 0, 0, 0, 0
195700, 3.06446, 5.60648, 1, 0, 0, 0, 0, 0, 0, 0, 0, 0
195710, 3.12056, 5.60999, 1, 0, 0, 0, 0, 0, 0, 0, 0, 0
195721, 3.18016, 5.9571, 1, 0, 0, 0, 0, 0, 0, 0, 0, 0
195730, 3.23977, 5.96061, 1, 0, 0, 0, 0, 0, 0, 0, 0, 0
195740, 3.29937, 5.96061, 1, 0, 0, 0, 0, 0, 0, 0, 0, 0
195750, 3.35898, 5.96061, 1, 0, 0, 0, 0, 0, 0, 0, 0, 0
195761, 3.41859, 5.96061, 1, 0, 0, 0, 0, 0, 0, 0, 0, 0
195770, 3.47819, 5.96061, 1, 0, 0, 0, 0, 0, 0, 0, 0, 0
195780, 3.5378, 5.96061, 1, 0, 0, 0, 0, 0, 0, 0, 0, 0
195790, 3.5974, 5.96061, 1, 0, 0, 0, 0, 0, 0, 0, 0, 0
195801, 3.65701, 5.96061, 1, 0, 0, 0, 0, 0, 0, 0, 0, 0
195810, 3.71662, 5.95009, 1, 0, 0, 0, 0, 0, 0, 0, 0, 0
195820, 3.77272, 5.96762, 1, 0, 0, 0, 0, 0, 0, 0, 0, 0
195830, 3.83232, 5.60999, 1, 0, 0, 0, 0, 0, 0, 0, 0, 0
195841, 3.89543, 6.30773, 1, 0, 0, 0, 0, 0, 0, 0, 0, 0
195850, 3.95504, 5.94659, 1, 0, 0, 0, 0, 0, 0, 0, 0, 0
195860, 4.01465, 5.97113, 1, 0, 0, 0, 0, 0, 0, 0, 0, 0
195870, 4.07425, 5.95009, 1, 0, 0, 0, 0, 0, 0, 0, 0, 0
195880, 4.13386, 5.96762, 1, 0, 0, 0, 0, 0, 0, 0, 0, 0
195891, 4.19347, 5.9571, 1, 0, 0, 0, 0, 0, 0, 0, 0, 0
195900, 4.25307, 5.96061, 1, 0, 0, 0, 0, 0, 0, 0, 0, 0
195910, 4.31268, 5.96061, 1, 0, 0, 0, 0, 0, 0, 0, 0, 0
195920, 4.37228, 5.9571, 1, 0, 0, 0, 0, 0, 0, 0, 0, 0
195931, 4.43189, 5.96061, 1, 0, 0, 0, 0, 0, 0, 0, 0, 0
195940, 4.4915, 5.9536, 1, 0, 0, 0, 0, 0, 0, 0, 0, 0
195950, 4.5511, 5.96061, 1, 0, 0, 0, 0, 0, 0, 0, 0, 0
195960, 4.61071, 5.96061, 1, 0, 0, 0, 0, 0, 0, 0, 0, 0
195971, 4.67031, 5.96061, 1, 0, 0, 0, 0, 0, 0, 0, 0, 0
195980, 4.72992, 5.9571, 1, 0, 0, 0, 0, 0, 0, 0, 0, 0
195990, 4.78953, 5.96061, 1, 0, 0, 0, 0, 0, 0, 0, 0, 0
196000, 4.84913, 5.96061, 1, 0, 0, 0, 0, 0, 0, 0, 0, 0
196011, 4.90874, 5.96061, 1, 0, 0, 0, 0, 0, 0, 0, 0, 0
196020, 4.96834, 5.9536, 1, 0, 0, 0, 0, 0, 0, 0, 0, 0
196030, 5.02795, 5.96412, 1, 0, 0, 0, 0, 0, 0, 0, 0, 0
196040, 5.08756, 5.96061, 1, 0, 0, 0, 0, 0, 0, 0, 0, 0
196050, 5.14716, 5.96061, 1, 0, 0, 0, 0, 0, 0, 0, 0, 0
196061, 5.20677, 5.95009, 1, 0, 0, 0, 0, 0, 0, 0, 0, 0
196070, 5.26638, 6.31474, 1, 0, 0, 0, 0, 0, 0, 0, 0, 0
196080, 5.32949, 5.95009, 1, 0, 0, 0, 0, 0, 0, 0, 0, 0
196090, 5.38909, 5.96762, 1, 0, 0, 0, 0, 0, 0, 0, 0, 0
196101, 5.4487, 5.95009, 1, 0, 0, 0, 0, 0, 0, 0, 0, 0
196110, 5.50831, 5.96412, 1, 0, 0, 0, 0, 0, 0, 0, 0, 0
196120, 5.56791, 5.96412, 1, 0, 0, 0, 0, 0, 0, 0, 0, 0
196130, 5.62752, 5.9571, 1, 0, 0, 0, 0, 0, 0, 0, 0, 0
196141, 5.68712, 5.95009, 0, 0, 0, 0, 0, 0, 0, 0, 0, 0
196150, 5.74673, 5.97113, 0, 0, 0, 0, 0, 0, 0, 0, 0, 0
196160, 5.78179, 3.50624, 0, 0, 0, 0, 0, 0, 0, 0, 0, 0
196170, 5.79932, 1.75312, 0, 0, 0, 0, 0, 0, 0, 0, 0, 0
196180, 5.80283, 0.347118, 0, 0, 0, 0, 0, 0, 0, 0, 0, 0
196190, 5.80634, 0.350624, 0, 0, 0, 0, 0, 0, 0, 0, 0, 0
196200, 5.80634, 0, 0, 0, 0, 0, 0, 0, 0, 0, 0, 0
196210, 5.80634, 0, 0, 0, 0, 0, 0, 0, 0, 0, 0, 0
196220, 5.80634, 0, 0, 0, 0, 0, 0, 0, 0, 0, 0, 0
196230, 5.80634, 0, 0, 0, 0, 0, 0, 0, 0, 0, 0, 0
196240, 5.80634, 0, 0, 0, 0, 0, 0, 0, 0, 0, 0, 0
196250, 5.80634, 0, 0, 0, 0, 0, 0, 0, 0, 0, 0, 0
196260, 5.80634, 0, 0, 0, 0, 0, 0, 0, 0, 0, 0, 0
196271, 5.80634, 0, 0, 0, 0, 0, 0, 0, 0, 0, 0, 0
196280, 5.80634, 0, 0, 0, 0, 0, 0, 0, 0, 0, 0, 0
196290, 5.80634, 0, 0, 0, 0, 0, 0, 0, 0, 0, 0, 0
196300, 5.80634, 0, 0, 0, 0, 0, 0, 0, 0, 0, 0, 0
196311, 5.80634, 0, 0, 0, 0, 0, 0, 0, 0, 0, 0, 0
196320, 5.80634, 0, 0, 0, 0, 0, 0, 0, 0, 0, 0, 0
196330, 5.80634, 0, 0, 0, 0, 0, 0, 0, 0, 0, 0, 0
196340, 5.80634, 0, 0, 0, 0, 0, 0, 0, 0, 0, 0, 0
196350, 5.80634, 0, 0, 0, 0, 0, 0, 0, 0, 0, 0, 0
196360, 5.80634, 0, 0, 0, 0, 0, 0, 0, 0, 0, 0, 0
196370, 5.80634, 0, 0, 0, 0, 0, 0, 0, 0, 0, 0, 0
196380, 5.80634, 0, 0, 0, 0, 0, 0, 0, 0, 0, 0, 0
196390, 5.80634, 0, 0, 0, 0, 0, 0, 0, 0, 0, 0, 0
196401, 5.80634, 0, 0, 0, 0, 0, 0, 0, 0, 0, 0, 0
196410, 5.80634, 0, 0, 0, 0, 0, 0, 0, 0, 0, 0, 0
196420, 5.80634, 0, 0, 0, 0, 0, 0, 0, 0, 0, 0, 0
196430, 5.80634, 0, 0, 0, 0, 0, 0, 0, 0, 0, 0, 0
196441, 5.80634, 0, 0, 0, 0, 0, 0, 0, 0, 0, 0, 0
196450, 5.80634, 0, 0, 0, 0, 0, 0, 0, 0, 0, 0, 0
196460, 5.80634, 0, 0, 0, 0, 0, 0, 0, 0, 0, 0, 0
196470, 5.80634, 0, 0, 0, 0, 0, 0, 0, 0, 0, 0, 0
196481, 5.80634, 0, 0, 0, 0, 0, 0, 0, 0, 0, 0, 0
196490, 5.80634, 0, 0, 0, 0, 0, 0, 0, 0, 0, 0, 0
196500, 5.80634, 0, 0, 0, 0, 0, 0, 0, 0, 0, 0, 0
196510, 5.80634, 0, 0, 0, 0, 0, 0, 0, 0, 0, 0, 0
196520, 5.80634, 0, 0, 0, 0, 0, 0, 0, 0, 0, 0, 0
196530, 5.80634, 0, 0, 0, 0, 0, 0, 0, 0, 0, 0, 0
196540, 5.80634, 0, 0, 0, 0, 0, 0, 0, 0, 0, 0, 0
196550, 5.80634, 0, 0, 0, 0, 0, 0, 0, 0, 0, 0, 0
196560, 5.80634, 0, 0, 0, 0, 0, 0, 0, 0, 0, 0, 0
196571, 5.80634, 0, 0, 0, 0, 0, 0, 0, 0, 0, 0, 0
196580, 5.80634, 0, 0, 0, 0, 0, 0, 0, 0, 0, 0, 0
196590, 5.80634, 0, 0, 0, 0, 0, 0, 0, 0, 0, 0, 0
196600, 5.80634, 0, 0, 0, 0, 0, 0, 0, 0, 0, 0, 0
196611, 5.80634, 0, 0, 0, 0, 0, 0, 0, 0, 0, 0, 0
196620, 5.80634, 0, 0, 0, 0, 0, 0, 0, 0, 0, 0, 0
196630, 5.80634, 0, 1, 0, 0, 0, 0, 0, 0, 0, 0, 0
196640, 5.80634, 0, 1, 0, 0, 0, 0, 0, 0, 0, 0, 0
196651, 5.82737, 2.10024, 1, 0, 0, 0, 0, 0, 0, 0, 0, 0
196660, 5.86594, 3.85336, 1, 0, 0, 0, 0, 0, 0, 0, 0, 0
196670, 5.91854, 5.26988, 1, 0, 0, 0, 0, 0, 0, 0, 0, 0
196680, 5.97464, 5.60648, 1, 0, 0, 0, 0, 0, 0, 0, 0, 0
196690, 6.03074, 5.60999, 1, 0, 0, 0, 0, 0, 0, 0, 0, 0
196701, 6.08684, 5.60297, 1, 0, 0, 0, 0, 0, 0, 0, 0, 0
196710, 6.14644, 5.96412, 1, 0, 0, 0, 0, 0, 0, 0, 0, 0
196720, 6.20605, 5.9536, 1, 0, 0, 0, 0, 0, 0, 0, 0, 0
196730, 6.26565, 5.96061, 1, 0, 0, 0, 0, 0, 0, 0, 0, 0
196741, 6.32526, 5.9571, 1, 0, 0, 0, 0, 0, 0, 0, 0, 0
196750, 6.38487, 5.9571, 1, 0, 0, 0, 0, 0, 0, 0, 0, 0
196760, 6.44447, 5.96061, 1, 0, 0, 0, 0, 0, 0, 0, 0, 0
196770, 6.50408, 5.96061, 1, 0, 0, 0, 0, 0, 0, 0, 0, 0
196781, 6.56368, 5.96061, 1, 0, 0, 0, 0, 0, 0, 0, 0, 0
196790, 6.62329, 5.9536, 1, 0, 0, 0, 0, 0, 0, 0, 0, 0
196800, 6.6829, 5.96762, 1, 0, 0, 0, 0, 0, 0, 0, 0, 0
196810, 6.7425, 5.96061, 1, 0, 0, 0, 0, 0, 0, 0, 0, 0
196820, 6.80211, 5.96061, 1, 0, 0, 0, 0, 0, 0, 0, 0, 0
196831, 6.86172, 5.9536, 1, 0, 0, 0, 0, 0, 0, 0, 0, 0
196840, 6.92132, 5.96061, 1, 0, 0, 0, 0, 0, 0, 0, 0, 0
196850, 6.98093, 5.96061, 1, 0, 0, 0, 0, 0, 0, 0, 0, 0
196860, 7.04053, 5.96061, 1, 0, 0, 0, 0, 0, 0, 0, 0, 0
196871, 7.10014, 6.30072, 1, 0, 0, 0, 0, 0, 0, 0, 0, 0
196880, 7.15975, 5.617, 1, 0, 0, 0, 0, 0, 0, 0, 0, 0
196890, 7.21935, 5.9571, 1, 0, 0, 0, 0, 0, 0, 0, 0, 0
196900, 7.27896, 5.96061, 1, 0, 0, 0, 0, 0, 0, 0, 0, 0
196911, 7.33856, 5.96061, 1, 0, 0, 0, 0, 0, 0, 0, 0, 0
196920, 7.39817, 5.9571, 1, 0, 0, 0, 0, 0, 0, 0, 0, 0
196930, 7.45778, 5.96061, 1, 0, 0, 0, 0, 0, 0, 0, 0, 0
196940, 7.51738, 5.96061, 1, 0, 0, 0, 0, 0, 0, 0, 0, 0
196951, 7.57699, 5.9571, 1, 0, 0, 0, 0, 0, 0, 0, 0, 0
196960, 7.63659, 5.9571, 1, 0, 0, 0, 0, 0, 0, 0, 0, 0
196970, 7.6962, 5.96061, 1, 0, 0, 0, 0, 0, 0, 0, 0, 0
196980, 7.75581, 5.96061, 1, 0, 0, 0, 0, 0, 0, 0, 0, 0
196990, 7.81541, 5.96061, 1, 0, 0, 0, 0, 0, 0, 0, 0, 0
197001, 7.87502, 5.9571, 1, 0, 0, 0, 0, 0, 0, 0, 0, 0
197010, 7.93463, 5.96061, 1, 0, 0, 0, 0, 0, 0, 0, 0, 0
197020, 7.99423, 5.96061, 1, 0, 0, 0, 0, 0, 0, 0, 0, 0
197030, 8.05384, 5.96061, 1, 0, 0, 0, 0, 0, 0, 0, 0, 0
197041, 8.10994, 5.60999, 1, 0, 0, 0, 0, 0, 0, 0, 0, 0
197050, 8.16954, 5.96061, 1, 0, 0, 0, 0, 0, 0, 0, 0, 0
197060, 8.22915, 6.30072, 1, 0, 0, 0, 0, 0, 0, 0, 0, 0
197070, 8.28876, 5.96762, 1, 0, 0, 0, 0, 0, 0, 0, 0, 0
197081, 8.34836, 5.60999, 1, 0, 0, 0, 0, 0, 0, 0, 0, 0
197090, 8.40797, 5.9536, 1, 0, 0, 0, 0, 0, 0, 0, 0, 0
197100, 8.46407, 5.61349, 1, 0, 0, 0, 0, 0, 0, 0, 0, 0
197110, 8.52367, 5.9571, 1, 0, 0, 0, 0, 0, 0, 0, 0, 0
197121, 8.58328, 5.96061, 0, 0, 0, 0, 0, 0, 0, 0, 0, 0
197130, 8.64289, 5.96061, 0, 0, 0, 0, 0, 0, 0, 0, 0, 0
197140, 8.68145, 3.85687, 0, 0, 0, 0, 0, 0, 0, 0, 0, 0
197150, 8.69548, 1.4025, 0, 0, 0, 0, 0, 0, 0, 0, 0, 0
197160, 8.69899, 0.347118, 0, 0, 0, 0, 0, 0, 0, 0, 0, 0
197171, 8.70249, 0.350624, 0, 0, 0, 0, 0, 0, 0, 0, 0, 0
197180, 8.70249, 0, 0, 0, 0, 0, 0, 0, 0, 0, 0, 0
197190, 8.70249, 0, 0, 0, 0, 0, 0, 0, 0, 0, 0, 0
197200, 8.70249, 0, 0, 0, 0, 0, 0, 0, 0, 0, 0, 0
197211, 8.70249, 0, 0, 0, 0, 0, 0, 0, 0, 0, 0, 0
197220, 8.70249, 0, 0, 0, 0, 0, 0, 0, 0, 0, 0, 0
197230, 8.70249, 0, 0, 0, 0, 0, 0, 0, 0, 0, 0, 0
197240, 8.70249, 0, 0, 0, 0, 0, 0, 0, 0, 0, 0, 0
197251, 8.70249, 0, 0, 0, 0, 0, 0, 0, 0, 0, 0, 0
197260, 8.70249, 0, 0, 0, 0, 0, 0, 0, 0, 0, 0, 0
197270, 8.70249, 0, 0, 0, 0, 0, 0, 0, 0, 0, 0, 0
197280, 8.70249, 0, 0, 0, 0, 0, 0, 0, 0, 0, 0, 0
197291, 8.70249, 0, 0, 0, 0, 0, 0, 0, 0, 0, 0, 0
197300, 8.70249, 0, 0, 0, 0, 0, 0, 0, 0, 0, 0, 0
197310, 8.70249, 0, 0, 0, 0, 0, 0, 0, 0, 0, 0, 0
197320, 8.70249, 0, 0, 0, 0, 0, 0, 0, 0, 0, 0, 0
197330, 8.70249, 0, 0, 0, 0, 0, 0, 0, 0, 0, 0, 0
197340, 8.70249, 0, 0, 0, 0, 0, 0, 0, 0, 0, 0, 0
197350, 8.70249, 0, 0, 0, 0, 0, 0, 0, 0, 0, 0, 0
197360, 8.70249, 0, 0, 0, 0, 0, 0, 0, 0, 0, 0, 0
197370, 8.70249, 0, 0, 0, 0, 0, 0, 0, 0, 0, 0, 0
197381, 8.70249, 0, 0, 0, 0, 0, 0, 0, 0, 0, 0, 0
197390, 8.70249, 0, 0, 0, 0, 0, 0, 0, 0, 0, 0, 0
197400, 8.70249, 0, 0, 0, 0, 0, 0, 0, 0, 0, 0, 0
197410, 8.70249, 0, 0, 0, 0, 0, 0, 0, 0, 0, 0, 0
197421, 8.70249, 0, 0, 0, 0, 0, 0, 0, 0, 0, 0, 0
197430, 8.70249, 0, 0, 0, 0, 0, 0, 0, 0, 0, 0, 0
197440, 8.70249, 0, 0, 0, 0, 0, 0, 0, 0, 0, 0, 0
197450, 8.70249, 0, 0, 0, 0, 0, 0, 0, 0, 0, 0, 0
197460, 8.70249, 0, 0, 0, 0, 0, 0, 0, 0, 0, 0, 0
197470, 8.70249, 0, 0, 0, 0, 0, 0, 0, 0, 0, 0, 0
197480, 8.70249, 0, 0, 0, 0, 0, 0, 0, 0, 0, 0, 0
197490, 8.70249, 0, 0, 0, 0, 0, 0, 0, 0, 0, 0, 0
197500, 8.70249, 0, 0, 0, 0, 0, 0, 0, 0, 0, 0, 0
197510, 8.70249, 0, 0, 0, 0, 0, 0, 0, 0, 0, 0, 0
197520, 8.70249, 0, 0, 0, 0, 0, 0, 0, 0, 0, 0, 0
197530, 8.70249, 0, 0, 0, 0, 0, 0, 0, 0, 0, 0, 0
197540, 8.70249, 0, 0, 0, 0, 0, 0, 0, 0, 0, 0, 0
197551, 8.70249, 0, 0, 0, 0, 0, 0, 0, 0, 0, 0, 0
197560, 8.70249, 0, 0, 0, 0, 0, 0, 0, 0, 0, 0, 0
197570, 8.70249, 0, 0, 0, 0, 0, 0, 0, 0, 0, 0, 0
197580, 8.70249, 0, 0, 0, 0, 0, 0, 0, 0, 0, 0, 0
197591, 8.70249, 0, 0, 0, 0, 0, 0, 0, 0, 0, 0, 0
197600, 8.70249, 0, 0, 0, 0, 0, 0, 0, 0, 0, 0, 0
197610, 8.70249, 0, 1, 0, 0, 0, 0, 0, 0, 0, 0, 0
197620, 8.70249, 0, 1, 0, 0, 0, 0, 0, 0, 0, 0, 0
197630, 8.72353, 2.10374, 1, 0, 0, 0, 0, 0, 0, 0, 0, 0
197641, 8.7656, 4.20048, 1, 0, 0, 0, 0, 0, 0, 0, 0, 0
197650, 8.81469, 4.91575, 1, 0, 0, 0, 0, 0, 0, 0, 0, 0
197660, 8.87079, 5.60648, 1, 0, 0, 0, 0, 0, 0, 0, 0, 0
197670, 8.9304, 5.96061, 1, 0, 0, 0, 0, 0, 0, 0, 0, 0
197681, 8.9865, 5.60999, 1, 0, 0, 0, 0, 0, 0, 0, 0, 0
197690, 9.0461, 5.9571, 1, 0, 0, 0, 0, 0, 0, 0, 0, 0
197700, 9.10571, 5.96061, 1, 0, 0, 0, 0, 0, 0, 0, 0, 0
197710, 9.16532, 5.96061, 1, 0, 0, 0, 0, 0, 0, 0, 0, 0
197721, 9.22492, 5.96061, 1, 0, 0, 0, 0, 0, 0, 0, 0, 0
197730, 9.28453, 5.9536, 1, 0, 0, 0, 0, 0, 0, 0, 0, 0
197740, 9.34413, 5.96412, 1, 0, 0, 0, 0, 0, 0, 0, 0, 0
197750, 9.40374, 6.30773, 1, 0, 0, 0, 0, 0, 0, 0, 0, 0
197761, 9.46335, 5.9536, 1, 0, 0, 0, 0, 0, 0, 0, 0, 0
197770, 9.52646, 5.96061, 1, 0, 0, 0, 0, 0, 0, 0, 0, 0
197780, 9.58256, 5.9571, 1, 0, 0, 0, 0, 0, 0, 0, 0, 0
197790, 9.64217, 5.61349, 1, 0, 0, 0, 0, 0, 0, 0, 0, 0
197800, 9.70177, 5.96061, 1, 0, 0, 0, 0, 0, 0, 0, 0, 0
197811, 9.76138, 5.9536, 1, 0, 0, 0, 0, 0, 0, 0, 0, 0
197820, 9.82098, 5.96061, 1, 0, 0, 0, 0, 0, 0, 0, 0, 0
197830, 9.88059, 5.96061, 1, 0, 0, 0, 0, 0, 0, 0, 0, 0
197840, 9.9402, 5.96061, 1, 0, 0, 0, 0, 0, 0, 0, 0, 0
197851, 9.9998, 5.96061, 1, 0, 0, 0, 0, 0, 0, 0, 0, 0
197860, 10.0594, 6.29721, 1, 0, 0, 0, 0, 0, 0, 0, 0, 0
197870, 10.1225, 5.96762, 1, 0, 0, 0, 0, 0, 0, 0, 0, 0
197880, 10.1821, 5.95009, 1, 0, 0, 0, 0, 0, 0, 0, 0, 0
197891, 10.2417, 5.96762, 1, 0, 0, 0, 0, 0, 0, 0, 0, 0
197900, 10.3013, 5.95009, 1, 0, 0, 0, 0, 0, 0, 0, 0, 0
197910, 10.3609, 5.97113, 1, 0, 0, 0, 0, 0, 0, 0, 0, 0
197920, 10.4206, 5.96061, 1, 0, 0, 0, 0, 0, 0, 0, 0, 0
197931, 10.4802, 5.96061, 1, 0, 0, 0, 0, 0, 0, 0, 0, 0
197940, 10.5398, 5.9536, 1, 0, 0, 0, 0, 0, 0, 0, 0, 0
197950, 10.5994, 5.96412, 1, 0, 0, 0, 0, 0, 0, 0, 0, 0
197960, 10.659, 5.96061, 1, 0, 0, 0, 0, 0, 0, 0, 0, 0
197970, 10.7186, 5.9571, 1, 0, 0, 0, 0, 0, 0, 0, 0, 0
197981, 10.7782, 5.9536, 1, 0, 0, 0, 0, 0, 0, 0, 0, 0
197990, 10.8378, 5.96762, 1, 0, 0, 0, 0, 0, 0, 0, 0, 0
198000, 10.8974, 5.9571, 1, 0, 0, 0, 0, 0, 0, 0, 0, 0
198010, 10.957, 5.96061, 1, 0, 0, 0, 0, 0, 0, 0, 0, 0
198021, 11.0166, 5.96061, 1, 0, 0, 0, 0, 0, 0, 0, 0, 0
198030, 11.0762, 5.9536, 1, 0, 0, 0, 0, 0, 0, 0, 0, 0
198040, 11.1358, 5.96412, 1, 0, 0, 0, 0, 0, 0, 0, 0, 0
198050, 11.1954, 5.96061, 1, 0, 0, 0, 0, 0, 0, 0, 0, 0
198061, 11.255, 5.96061, 1, 0, 0, 0, 0, 0, 0, 0, 0, 0
198070, 11.3146, 5.95009, 1, 0, 0, 0, 0, 0, 0, 0, 0, 0
198080, 11.3742, 5.96412, 1, 0, 0, 0, 0, 0, 0, 0, 0, 0
198090, 11.4339, 6.30773, 1, 0, 0, 0, 0, 0, 0, 0, 0, 0
198100, 11.497, 5.96412, 0, 0, 0, 0, 0, 0, 0, 0, 0, 0
198110, 11.5566, 5.96061, 0, 0, 0, 0, 0, 0, 0, 0, 0, 0
198120, 11.5916, 3.50975, 0, 0, 0, 0, 0, 0, 0, 0, 0, 0
198130, 11.6057, 1.4025, 0, 0, 0, 0, 0, 0, 0, 0, 0, 0
198140, 11.6092, 0.347118, 0, 0, 0, 0, 0, 0, 0, 0, 0, 0
198151, 11.6127, 0.350624, 0, 0, 0, 0, 0, 0, 0, 0, 0, 0
198160, 11.6127, 0, 0, 0, 0, 0, 0, 0, 0, 0, 0, 0
198170, 11.6127, 0, 0, 0, 0, 0, 0, 0, 0, 0, 0, 0
198180, 11.6127, 0, 0, 0, 0, 0, 0, 0, 0, 0, 0, 0
198191, 11.6127, 0, 0, 0, 0, 0, 0, 0, 0, 0, 0, 0
198200, 11.6127, 0, 0, 0, 0, 0, 0, 0, 0, 0, 0, 0
198210, 11.6127, 0, 0, 0, 0, 0, 0, 0, 0, 0, 0, 0
198220, 11.6127, 0, 0, 0, 0, 0, 0, 0, 0, 0, 0, 0
198231, 11.6127, 0, 0, 0, 0, 0, 0, 0, 0, 0, 0, 0
198240, 11.6127, 0, 0, 0, 0, 0, 0, 0, 0, 0, 0, 0
198250, 11.6127, 0, 0, 0, 0, 0, 0, 0, 0, 0, 0, 0
198260, 11.6127, 0, 0, 0, 0, 0, 0, 0, 0, 0, 0, 0
198270, 11.6127, 0, 0, 0, 0, 0, 0, 0, 0, 0, 0, 0
198280, 11.6127, 0, 0, 0, 0, 0, 0, 0, 0, 0, 0, 0
198290, 11.6127, 0, 0, 0, 0, 0, 0, 0, 0, 0, 0, 0
198300, 11.6127, 0, 0, 0, 0, 0, 0, 0, 0, 0, 0, 0
198310, 11.6127, 0, 0, 0, 0, 0, 0, 0, 0, 0, 0, 0
198320, 11.6127, 0, 0, 0, 0, 0, 0, 0, 0, 0, 0, 0
198330, 11.6127, 0, 0, 0, 0, 0, 0, 0, 0, 0, 0, 0
198340, 11.6127, 0, 0, 0, 0, 0, 0, 0, 0, 0, 0, 0
198350, 11.6127, 0, 0, 0, 0, 0, 0, 0, 0, 0, 0, 0
198361, 11.6127, 0, 0, 0, 0, 0, 0, 0, 0, 0, 0, 0
198370, 11.6127, 0, 0, 0, 0, 0, 0, 0, 0, 0, 0, 0
198380, 11.6127, 0, 0, 0, 0, 0, 0, 0, 0, 0, 0, 0
198390, 11.6127, 0, 0, 0, 0, 0, 0, 0, 0, 0, 0, 0
198401, 11.6127, 0, 0, 0, 0, 0, 0, 0, 0, 0, 0, 0
198410, 11.6127, 0, 0, 0, 0, 0, 0, 0, 0, 0, 0, 0
198420, 11.6127, 0, 0, 0, 0, 0, 0, 0, 0, 0, 0, 0
198430, 11.6127, 0, 0, 0, 0, 0, 0, 0, 0, 0, 0, 0
198440, 11.6127, 0, 0, 0, 0, 0, 0, 0, 0, 0, 0, 0
198450, 11.6127, 0, 0, 0, 0, 0, 0, 0, 0, 0, 0, 0
198460, 11.6127, 0, 0, 0, 0, 0, 0, 0, 0, 0, 0, 0
198470, 11.6127, 0, 0, 0, 0, 0, 0, 0, 0, 0, 0, 0
198480, 11.6127, 0, 0, 0, 0, 0, 0, 0, 0, 0, 0, 0
198491, 11.6127, 0, 0, 0, 0, 0, 0, 0, 0, 0, 0, 0
198500, 11.6127, 0, 0, 0, 0, 0, 0, 0, 0, 0, 0, 0
198510, 11.6127, 0, 0, 0, 0, 0, 0, 0, 0, 0, 0, 0
198520, 11.6127, 0, 0, 0, 0, 0, 0, 0, 0, 0, 0, 0
198531, 11.6127, 0, 0, 0, 0, 0, 0, 0, 0, 0, 0, 0
198540, 11.6127, 0, 0, 0, 0, 0, 0, 0, 0, 0, 0, 0
198550, 11.6127, 0, 0, 0, 0, 0, 0, 0, 0, 0, 0, 0
198560, 11.6127, 0, 0, 0, 0, 0, 0, 0, 0, 0, 0, 0
198571, 11.6127, 0, 0, 0, 0, 0, 0, 0, 0, 0, 0, 0
198580, 11.6127, 0, 0, 0, 0, 0, 0, 0, 0, 0, 0, 0
198590, 11.6127, 0, 1, 0, 0, 0, 0, 0, 0, 0, 0, 0
198600, 11.6127, 0, 1, 0, 0, 0, 0, 0, 0, 0, 0, 0
198610, 11.6302, 1.75312, 1, 0, 0, 0, 0, 0, 0, 0, 0, 0
198621, 11.6723, 4.20048, 1, 0, 0, 0, 0, 0, 0, 0, 0, 0
198630, 11.7249, 5.26287, 1, 0, 0, 0, 0, 0, 0, 0, 0, 0
198640, 11.781, 5.60999, 1, 0, 0, 0, 0, 0, 0, 0, 0, 0
198650, 11.8371, 5.60999, 1, 0, 0, 0, 0, 0, 0, 0, 0, 0
198661, 11.8967, 5.9571, 1, 0, 0, 0, 0, 0, 0, 0, 0, 0
198670, 11.9563, 5.9571, 1, 0, 0, 0, 0, 0, 0, 0, 0, 0
198680, 12.0124, 5.60999, 1, 0, 0, 0, 0, 0, 0, 0, 0, 0
198690, 12.072, 5.9571, 1, 0, 0, 0, 0, 0, 0, 0, 0, 0
198701, 12.1316, 5.9571, 1, 0, 0, 0, 0, 0, 0, 0, 0, 0
198710, 12.1912, 5.96061, 1, 0, 0, 0, 0, 0, 0, 0, 0, 0
198720, 12.2508, 5.96061, 1, 0, 0, 0, 0, 0, 0, 0, 0, 0
198730, 12.3104, 5.96061, 1, 0, 0, 0, 0, 0, 0, 0, 0, 0
198740, 12.37, 5.95009, 1, 0, 0, 0, 0, 0, 0, 0, 0, 0
198750, 12.4296, 5.96061, 1, 0, 0, 0, 0, 0, 0, 0, 0, 0
198760, 12.4892, 5.96762, 1, 0, 0, 0, 0, 0, 0, 0, 0, 0
198770, 12.5488, 5.9571, 1, 0, 0, 0, 0, 0, 0, 0, 0, 0
198780, 12.6084, 5.96061, 1, 0, 0, 0, 0, 0, 0, 0, 0, 0
198791, 12.6681, 5.9536, 1, 0, 0, 0, 0, 0, 0, 0, 0, 0
198800, 12.7277, 5.96061, 1, 0, 0, 0, 0, 0, 0, 0, 0, 0
198810, 12.7873, 5.96061, 1, 0, 0, 0, 0, 0, 0, 0, 0, 0
198820, 12.8469, 5.96061, 1, 0, 0, 0, 0, 0, 0, 0, 0, 0
198831, 12.9065, 5.9571, 1, 0, 0, 0, 0, 0, 0, 0, 0, 0
198840, 12.9661, 5.9571, 1, 0, 0, 0, 0, 0, 0, 0, 0, 0
198850, 13.0257, 5.96061, 1, 0, 0, 0, 0, 0, 0, 0, 0, 0
198860, 13.0853, 5.96061, 1, 0, 0, 0, 0, 0, 0, 0, 0, 0
198871, 13.1449, 5.96061, 1, 0, 0, 0, 0, 0, 0, 0, 0, 0
198880, 13.2045, 5.9571, 1, 0, 0, 0, 0, 0, 0, 0, 0, 0
198890, 13.2641, 5.96061, 1, 0, 0, 0, 0, 0, 0, 0, 0, 0
198900, 13.3237, 5.96061, 1, 0, 0, 0, 0, 0, 0, 0, 0, 0
198910, 13.3833, 5.9571, 1, 0, 0, 0, 0, 0, 0, 0, 0, 0
198921, 13.4429, 5.9571, 1, 0, 0, 0, 0, 0, 0, 0, 0, 0
198930, 13.5025, 5.96061, 1, 0, 0, 0, 0, 0, 0, 0, 0, 0
198940, 13.5621, 5.96061, 1, 0, 0, 0, 0, 0, 0, 0, 0, 0
198950, 13.6217, 5.9571, 1, 0, 0, 0, 0, 0, 0, 0, 0, 0
198961, 13.6814, 6.31124, 1, 0, 0, 0, 0, 0, 0, 0, 0, 0
198970, 13.741, 5.95009, 1, 0, 0, 0, 0, 0, 0, 0, 0, 0
198980, 13.8006, 5.96762, 1, 0, 0, 0, 0, 0, 0, 0, 0, 0
198990, 13.8637, 5.9536, 1, 0, 0, 0, 0, 0, 0, 0, 0, 0
199001, 13.9233, 5.96762, 1, 0, 0, 0, 0, 0, 0, 0, 0, 0
199010, 13.9794, 5.60297, 1, 0, 0, 0, 0, 0, 0, 0, 0, 0
199020, 14.039, 5.96061, 1, 0, 0, 0, 0, 0, 0, 0, 0, 0
199030, 14.0986, 5.96061, 1, 0, 0, 0, 0, 0, 0, 0, 0, 0
199041, 14.1582, 5.9571, 1, 0, 0, 0, 0, 0, 0, 0, 0, 0
199050, 14.2178, 5.96061, 1, 0, 0, 0, 0, 0, 0, 0, 0, 0
199060, 14.2774, 5.96412, 1, 0, 0, 0, 0, 0, 0, 0, 0, 0
199070, 14.337, 5.96061, 1, 0, 0, 0, 0, 0, 0, 0, 0, 0
199080, 14.3931, 5.60648, 0, 0, 0, 0, 0, 0, 0, 0, 0, 0
199091, 14.4527, 5.96762, 0, 0, 0, 0, 0, 0, 0, 0, 0, 0
199100, 14.4878, 3.50624, 0, 0, 0, 0, 0, 0, 0, 0, 0, 0
199110, 14.5018, 1.4025, 0, 0, 0, 0, 0, 0, 0, 0, 0, 0
199120, 14.5088, 0.697742, 0, 0, 0, 0, 0, 0, 0, 0, 0, 0
199131, 14.5088, 0, 0, 0, 0, 0, 0, 0, 0, 0, 0, 0
199140, 14.5088, 0, 0, 0, 0, 0, 0, 0, 0, 0, 0, 0
199150, 14.5088, 0, 0, 0, 0, 0, 0, 0, 0, 0, 0, 0
199160, 14.5088, 0, 0, 0, 0, 0, 0, 0, 0, 0, 0, 0
199171, 14.5088, 0, 0, 0, 0, 0, 0, 0, 0, 0, 0, 0
199180, 14.5088, 0, 0, 0, 0, 0, 0, 0, 0, 0, 0, 0
199190, 14.5088, 0, 0, 0, 0, 0, 0, 0, 0, 0, 0, 0
199200, 14.5088, 0, 0, 0, 0, 0, 0, 0, 0, 0, 0, 0
199211, 14.5088, 0, 0, 0, 0, 0, 0, 0, 0, 0, 0, 0
199220, 14.5088, 0, 0, 0, 0, 0, 0, 0, 0, 0, 0, 0
199230, 14.5088, 0, 0, 0, 0, 0, 0, 0, 0, 0, 0, 0
199240, 14.5088, 0, 0, 0, 0, 0, 0, 0, 0, 0, 0, 0
199250, 14.5088, 0, 0, 0, 0, 0, 0, 0, 0, 0, 0, 0
199260, 14.5088, 0, 0, 0, 0, 0, 0, 0, 0, 0, 0, 0
199271, 14.5088, 0, 0, 0, 0, 0, 0, 0, 0, 0, 0, 0
199280, 14.5088, 0, 0, 0, 0, 0, 0, 0, 0, 0, 0, 0
199290, 14.5088, 0, 0, 0, 0, 0, 0, 0, 0, 0, 0, 0
199301, 14.5088, 0, 0, 0, 0, 0, 0, 0, 0, 0, 0, 0
199310, 14.5088, 0, 0, 0, 0, 0, 0, 0, 0, 0, 0, 0
199320, 14.5088, 0, 0, 0, 0, 0, 0, 0, 0, 0, 0, 0
199330, 14.5088, 0, 0, 0, 0, 0, 0, 0, 0, 0, 0, 0
199341, 14.5088, 0, 0, 0, 0, 0, 0, 0, 0, 0, 0, 0
199350, 14.5088, 0, 0, 0, 0, 0, 0, 0, 0, 0, 0, 0
199360, 14.5088, 0, 0, 0, 0, 0, 0, 0, 0, 0, 0, 0
199370, 14.5088, 0, 0, 0, 0, 0, 0, 0, 0, 0, 0, 0
199380, 14.5088, 0, 0, 0, 0, 0, 0, 0, 0, 0, 0, 0
199390, 14.5088, 0, 0, 0, 0, 0, 0, 0, 0, 0, 0, 0
199400, 14.5088, 0, 0, 0, 0, 0, 0, 0, 0, 0, 0, 0
199410, 14.5088, 0, 0, 0, 0, 0, 0, 0, 0, 0, 0, 0
199420, 14.5088, 0, 0, 0, 0, 0, 0, 0, 0, 0, 0, 0
199430, 14.5088, 0, 0, 0, 0, 0, 0, 0, 0, 0, 0, 0
199440, 14.5088, 0, 0, 0, 0, 0, 0, 0, 0, 0, 0, 0
199450, 14.5088, 0, 0, 0, 0, 0, 0, 0, 0, 0, 0, 0
199460, 14.5088, 0, 0, 0, 0, 0, 0, 0, 0, 0, 0, 0
199471, 14.5088, 0, 0, 0, 0, 0, 0, 0, 0, 0, 0, 0
199480, 14.5088, 0, 0, 0, 0, 0, 0, 0, 0, 0, 0, 0
199490, 14.5088, 0, 0, 0, 0, 0, 0, 0, 0, 0, 0, 0
199500, 14.5088, 0, 0, 0, 0, 0, 0, 0, 0, 0, 0, 0
199511, 14.5088, 0, 0, 0, 0, 0, 0, 0, 0, 0, 0, 0
199520, 14.5088, 0, 0, 0, 0, 0, 0, 0, 0, 0, 0, 0
199530, 14.5088, 0, 0, 0, 0, 0, 0, 0, 0, 0, 0, 0
199540, 14.5088, 0, 0, 0, 0, 0, 0, 0, 0, 0, 0, 0
199550, 14.5088, 0, 0, 0, 0, 0, 0, 0, 0, 0, 0, 0
199560, 14.5088, 0, 0, 0, 0, 0, 0, 0, 0, 0, 0, 0
199570, 14.5088, 0, 0, 0, 0, 0, 0, 0, 0, 0, 0, 0
199580, 14.5088, 0, 0, 0, 0, 0, 0, 0, 0, 0, 0, 0
199590, 14.5088, 0, 0, 0, 0, 0, 0, 0, 0, 0, 0, 0
199600, 14.5088, 0, 0, 0, 0, 0, 0, 0, 0, 0, 0, 0
199610, 14.5088, 0, 0, 0, 0, 0, 0, 0, 0, 0, 0, 0
199620, 14.5088, 0, 0, 0, 0, 0, 0, 0, 0, 0, 0, 0
199630, 14.5088, 0, 0, 0, 0, 0, 0, 0, 0, 0, 0, 0
199641, 14.5088, 0, 0, 0, 0, 0, 0, 0, 0, 0, 0, 0
199650, 14.5088, 0, 0, 0, 0, 0, 0, 0, 0, 0, 0, 0
199660, 14.5088, 0, 0, 0, 0, 0, 0, 0, 0, 0, 0, 0
199670, 14.5088, 0, 0, 0, 0, 0, 0, 0, 0, 0, 0, 0
199681, 14.5088, 0, 0, 0, 0, 0, 0, 0, 0, 0, 0, 0
199690, 14.5088, 0, 0, 0, 0, 0, 0, 0, 0, 0, 0, 0
199700, 14.5088, 0, 0, 0, 0, 0, 0, 0, 0, 0, 0, 0
199710, 14.5088, 0, 0, 0, 0, 0, 0, 0, 0, 0, 0, 0
199720, 14.5088, 0, 0, 0, 0, 0, 0, 0, 0, 0, 0, 0
199730, 14.5088, 0, 0, 0, 0, 0, 0, 0, 0, 0, 0, 0
199740, 14.5088, 0, 0, 0, 0, 0, 0, 0, 0, 0, 0, 0
199750, 14.5088, 0, 0, 0, 0, 0, 0, 0, 0, 0, 0, 0
199760, 14.5088, 0, 0, 0, 0, 0, 0, 0, 0, 0, 0, 0
199770, 14.5088, 0, 0, 0, 0, 0, 0, 0, 0, 0, 0, 0
199780, 14.5088, 0, 0, 0, 0, 0, 0, 0, 0, 0, 0, 0
199790, 14.5088, 0, 0, 0, 0, 0, 0, 0, 0, 0, 0, 0
199800, 14.5088, 0, 0, 0, 0, 0, 0, 0, 0, 0, 0, 0
199811, 14.5088, 0, 0, 0, 0, 0, 0, 0, 0, 0, 0, 0
199820, 14.5088, 0, 0, 0, 0, 0, 0, 0, 0, 0, 0, 0
199830, 14.5088, 0, 0, 0, 0, 0, 0, 0, 0, 0, 0, 0
199840, 14.5088, 0, 0, 0, 0, 0, 0, 0, 0, 0, 0, 0
199851, 14.5088, 0, 0, 0, 0, 0, 0, 0, 0, 0, 0, 0
199860, 14.5088, 0, 0, 0, 0, 0, 0, 0, 0, 0, 0, 0
199870, 14.5088, 0, 0, 0, 0, 0, 0, 0, 0, 0, 0, 0
199880, 14.5088, 0, 0, 0, 0, 0, 0, 0, 0, 0, 0, 0
199890, 14.5088, 0, 0, 0, 0, 0, 0, 0, 0, 0, 0, 0
199900, 14.5088, 0, 0, 0, 0, 0, 0, 0, 0, 0, 0, 0
199910, 14.5088, 0, 0, 0, 0, 0, 0, 0, 0, 0, 0, 0
199920, 14.5088, 0, 0, 0, 0, 0, 0, 0, 0, 0, 0, 0
199930, 14.5088, 0, 0, 0, 0, 0, 0, 0, 0, 0, 0, 0
199941, 14.5088, 0, 0, 0, 0, 0, 0, 0, 0, 0, 0, 0
199950, 14.5088, 0, 0, 0, 0, 0, 0, 0, 0, 0, 0, 0
199960, 14.5088, 0, 0, 0, 0, 0, 0, 0, 0, 0, 0, 0
199970, 14.5088, 0, 0, 0, 0, 0, 0, 0, 0, 0, 0, 0
199981, 14.5088, 0, 0, 0, 0, 0, 0, 0, 0, 0, 0, 0
199990, 14.5088, 0, 0, 0, 0, 0, 0, 0, 0, 0, 0, 0
200000, 14.5088, 0, 0, 0, 0, 0, 0, 0, 0, 0, 0, 0
200010, 14.5088, 0, 0, 0, 0, 0, 0, 0, 0, 0, 0, 0
200020, 14.5088, 0, 0, 0, 0, 0, 0, 0, 0, 0, 0, 0
200030, 14.5088, 0, 0, 0, 0, 0, 0, 0, 0, 0, 0, 0
200040, 14.5088, 0, 0, 0, 0, 0, 0, 0, 0, 0, 0, 0
200050, 14.5088, 0, 0, 0, 0, 0, 0, 0, 0, 0, 0, 0
200060, 14.5088, 0, 0, 0, 0, 0, 0, 0, 0, 0, 0, 0
200070, 14.5088, 0, 0, 0, 0, 0, 0, 0, 0, 0, 0, 0
200080, 14.5088, 0, 0, 0, 0, 0, 0, 0, 0, 0, 0, 0
200090, 14.5088, 0, 0, 0, 0, 0, 0, 0, 0, 0, 0, 0
200100, 14.5088, 0, 0, 0, 0, 0, 0, 0, 0, 0, 0, 0
200111, 14.5088, 0, 0, 0, 0, 0, 0, 0, 0, 0, 0, 0
200120, 14.5088, 0, 0, 0, 0, 0, 0, 0, 0, 0, 0, 0
200130, 14.5088, 0, 0, 0, 0, 0, 0, 0, 0, 0, 0, 0
200140, 14.5088, 0, 0, 0, 0, 0, 0, 0, 0, 0, 0, 0
200151, 14.5088, 0, 0, 0, 0, 0, 0, 0, 0, 0, 0, 0
200160, 14.5088, 0, 0, 0, 0, 0, 0, 0, 0, 0, 0, 0
200170, 14.5088, 0, 0, 0, 0, 0, 0, 0, 0, 0, 0, 0
200180, 14.5088, 0, 0, 0, 0, 0, 0, 0, 0, 0, 0, 0
200190, 14.5088, 0, 0, 0, 0, 0, 0, 0, 0, 0, 0, 0
200200, 14.5088, 0, 0, 0, 0, 0, 0, 0, 0, 0, 0, 0
200210, 14.5088, 0, 0, 0, 0, 0, 0, 0, 0, 0, 0, 0
200220, 14.5088, 0, 0, 0, 0, 0, 0, 0, 0, 0, 0, 0
200230, 14.5088, 0, 0, 0, 0, 0, 0, 0, 0, 0, 0, 0
200240, 14.5088, 0, 0, 0, 0, 0, 0, 0, 0, 0, 0, 0
200250, 14.5088, 0, 0, 0, 0, 0, 0, 0, 0, 0, 0, 0
200260, 14.5088, 0, 0, 0, 0, 0, 0, 0, 0, 0, 0, 0
200270, 14.5088, 0, 0, 0, 0, 0, 0, 0, 0, 0, 0, 0
200281, 14.5088, 0, 0, 0, 0, 0, 0, 0, 0, 0, 0, 0
200290, 14.5088, 0, 0, 0, 0, 0, 0, 0, 0, 0, 0, 0
200300, 14.5088, 0, 0, 0, 0, 0, 0, 0, 0, 0, 0, 0
200310, 14.5088, 0, 0, 0, 0, 0, 0, 0, 0, 0, 0, 0
200321, 14.5088, 0, 0, 0, 0, 0, 0, 0, 0, 0, 0, 0
200330, 14.5088, 0, 0, 0, 0, 0, 0, 0, 0, 0, 0, 0
200340, 14.5088, 0, 0, 0, 0, 0, 0, 0, 0, 0, 0, 0
200350, 14.5088, 0, 0, 0, 0, 0, 0, 0, 0, 0, 0, 0
200360, 14.5088, 0, 0, 0, 0, 0, 0, 0, 0, 0, 0, 0
200370, 14.5088, 0, 0, 0, 0, 0, 0, 0, 0, 0, 0, 0
200380, 14.5088, 0, 0, 0, 0, 0, 0, 0, 0, 0, 0, 0
200390, 14.5088, 0, 0, 0, 0, 0, 0, 0, 0, 0, 0, 0
200400, 14.5088, 0, 0, 0, 0, 0, 0, 0, 0, 0, 0, 0
200410, 14.5088, 0, 0, 0, 0, 0, 0, 0, 0, 0, 0, 0
200420, 14.5088, 0, 0, 0, 0, 0, 0, 0, 0, 0, 0, 0
200430, 14.5088, 0, 0, 0, 0, 0, 0, 0, 0, 0, 0, 0
200440, 14.5088, 0, 0, 0, 0, 0, 0, 0, 0, 0, 0, 0
200451, 14.5088, 0, 0, 0, 0, 0, 0, 0, 0, 0, 0, 0
200460, 14.5088, 0, 0, 0, 0, 0, 0, 0, 0, 0, 0, 0
200470, 14.5088, 0, 0, 0, 0, 0, 0, 0, 0, 0, 0, 0
200480, 14.5088, 0, 0, 0, 0, 0, 0, 0, 0, 0, 0, 0
200491, 14.5088, 0, 0, 0, 0, 0, 0, 0, 0, 0, 0, 0
200500, 14.5088, 0, 0, 0, 0, 0, 0, 0, 0, 0, 0, 0
200510, 14.5088, 0, 0, 0, 0, 0, 0, 0, 0, 0, 0, 0
200520, 14.5088, 0, 0, 0, 0, 0, 0, 0, 0, 0, 0, 0
200530, 14.5088, 0, 0, 0, 0, 0, 0, 0, 0, 0, 0, 0
200540, 14.5088, 0, 0, 0, 0, 0, 0, 0, 0, 0, 0, 0
200550, 14.5088, 0, 0, 0, 0, 0, 0, 0, 0, 0, 0, 0
200560, 14.5088, 0, 0, 0, 0, 0, 0, 0, 0, 0, 0, 0
200570, 14.5088, 0, 0, 0, 0, 0, 0, 0, 0, 0, 0, 0
200581, 14.5088, 0, 0, 0, 0, 0, 0, 0, 0, 0, 0, 0
200590, 14.5088, 0, 0, 0, 0, 0, 0, 0, 0, 0, 0, 0
200600, 14.5088, 0, 0, 0, 0, 0, 0, 0, 0, 0, 0, 0
200610, 14.5088, 0, 0, 0, 0, 0, 0, 0, 0, 0, 0, 0
200621, 14.5088, 0, 0, 0, 0, 0, 0, 0, 0, 0, 0, 0
200630, 14.5088, 0, 0, 0, 0, 0, 0, 0, 0, 0, 0, 0
200640, 14.5088, 0, 0, 0, 0, 0, 0, 0, 0, 0, 0, 0
200650, 14.5088, 0, 0, 0, 0, 0, 0, 0, 0, 0, 0, 0
200660, 14.5088, 0, 0, 0, 0, 0, 0, 0, 0, 0, 0, 0
200670, 14.5088, 0, 0, 0, 0, 0, 0, 0, 0, 0, 0, 0
200680, 14.5088, 0, 0, 0, 0, 0, 0, 0, 0, 0, 0, 0
200690, 14.5088, 0, 0, 0, 0, 0, 0, 0, 0, 0, 0, 0
200700, 14.5088, 0, 0, 0, 0, 0, 0, 0, 0, 0, 0, 0
200710, 14.5088, 0, 0, 0, 0, 0, 0, 0, 0, 0, 0, 0
200720, 14.5088, 0, 0, 0, 0, 0, 0, 0, 0, 0, 0, 0
200730, 14.5088, 0, 0, 0, 0, 0, 0, 0, 0, 0, 0, 0
200740, 14.5088, 0, 0, 0, 0, 0, 0, 0, 0, 0, 0, 0
200751, 14.5088, 0, 0, 0, 0, 0, 0, 0, 0, 0, 0, 0
200760, 14.5088, 0, 0, 0, 0, 0, 0, 0, 0, 0, 0, 0
200770, 14.5088, 0, 0, 0, 0, 0, 0, 0, 0, 0, 0, 0
200780, 14.5088, 0, 0, 0, 0, 0, 0, 0, 0, 0, 0, 0
200791, 14.5088, 0, 0, 0, 0, 0, 0, 0, 0, 0, 0, 0
200800, 14.5088, 0, 0, 0, 0, 0, 0, 0, 0, 0, 0, 0
200810, 14.5088, 0, 0, 0, 0, 0, 0, 0, 0, 0, 0, 0
200820, 14.5088, 0, 0, 0, 0, 0, 0, 0, 0, 0, 0, 0
200830, 14.5088, 0, 0, 0, 0, 0, 0, 0, 0, 0, 0, 0
200840, 14.5088, 0, 0, 0, 0, 0, 0, 0, 0, 0, 0, 0
200850, 14.5088, 0, 0, 0, 0, 0, 0, 0, 0, 0, 0, 0
200860, 14.5088, 0, 0, 0, 0, 0, 0, 0, 0, 0, 0, 0
200870, 14.5088, 0, 0, 0, 0, 0, 0, 0, 0, 0, 0, 0
200880, 14.5088, 0, 0, 0, 0, 0, 0, 0, 0, 0, 0, 0
200890, 14.5088, 0, 0, 0, 0, 0, 0, 0, 0, 0, 0, 0
200900, 14.5088, 0, 0, 0, 0, 0, 0, 0, 0, 0, 0, 0
200910, 14.5088, 0, 0, 0, 0, 0, 0, 0, 0, 0, 0, 0
200921, 14.5088, 0, 0, 0, 0, 0, 0, 0, 0, 0, 0, 0
200930, 14.5088, 0, 0, 0, 0, 0, 0, 0, 0, 0, 0, 0
200940, 14.5088, 0, 0, 0, 0, 0, 0, 0, 0, 0, 0, 0
200950, 14.5088, 0, 0, 0, 0, 0, 0, 0, 0, 0, 0, 0
200961, 14.5088, 0, 0, 0, 0, 0, 0, 0, 0, 0, 0, 0
200970, 14.5088, 0, 0, 0, 0, 0, 0, 0, 0, 0, 0, 0
200980, 14.5088, 0, 0, 0, 0, 0, 0, 0, 0, 0, 0, 0
200990, 14.5088, 0, 0, 0, 0, 0, 0, 0, 0, 0, 0, 0
201000, 14.5088, 0, 0, 0, 0, 0, 0, 0, 0, 0, 0, 0
201010, 14.5088, 0, 0, 0, 0, 0, 0, 0, 0, 0, 0, 0
201020, 14.5088, 0, 0, 0, 0, 0, 0, 0, 0, 0, 0, 0
201030, 14.5088, 0, 0, 0, 0, 0, 0, 0, 0, 0, 0, 0
201040, 14.5088, 0, 0, 0, 0, 0, 0, 0, 0, 0, 0, 0
201050, 14.5088, 0, 0, 0, 0, 0, 0, 0, 0, 0, 0, 0
201060, 14.5088, 0, 0, 0, 0, 0, 0, 0, 0, 0, 0, 0
201070, 14.5088, 0, 0, 0, 0, 0, 0, 0, 0, 0, 0, 0
201080, 14.5088, 0, 0, 0, 0, 0, 0, 0, 0, 0, 0, 0
201091, 14.5088, 0, 0, 0, 0, 0, 0, 0, 0, 0, 0, 0
201100, 14.5088, 0, 0, 0, 0, 0, 0, 0, 0, 0, 0, 0
201110, 14.5088, 0, 0, 0, 0, 0, 0, 0, 0, 0, 0, 0
201120, 14.5088, 0, 0, 0, 0, 0, 0, 0, 0, 0, 0, 0
201131, 14.5088, 0, 0, 0, 0, 0, 0, 0, 0, 0, 0, 0
201140, 14.5088, 0, 0, 0, 0, 0, 0, 0, 0, 0, 0, 0
201150, 14.5088, 0, 0, 0, 0, 0, 0, 0, 0, 0, 0, 0
201160, 14.5088, 0, 0, 0, 0, 0, 0, 0, 0, 0, 0, 0
201170, 14.5088, 0, 0, 0, 0, 0, 0, 0, 0, 0, 0, 0
201180, 14.5088, 0, 0, 0, 0, 0, 0, 0, 0, 0, 0, 0
201190, 14.5088, 0, 0, 0, 0, 0, 0, 0, 0, 0, 0, 0
201200, 14.5088, 0, 0, 0, 0, 0, 0, 0, 0, 0, 0, 0
201210, 14.5088, 0, 0, 0, 0, 0, 0, 0, 0, 0, 0, 0
201221, 14.5088, 0, 0, 0, 0, 0, 0, 0, 0, 0, 0, 0
201230, 14.5088, 0, 0, 0, 0, 0, 0, 0, 0, 0, 0, 0
201240, 14.5088, 0, 0, 0, 0, 0, 0, 0, 0, 0, 0, 0
201250, 14.5088, 0, 0, 0, 0, 0, 0, 0, 0, 0, 0, 0
201261, 14.5088, 0, 0, 0, 0, 0, 0, 0, 0, 0, 0, 0
201270, 14.5088, 0, 0, 0, 0, 0, 0, 0, 0, 0, 0, 0
201280, 14.5088, 0, 0, 0, 0, 0, 0, 0, 0, 0, 0, 0
201290, 14.5088, 0, 0, 0, 0, 0, 0, 0, 0, 0, 0, 0
201300, 14.5088, 0, 0, 0, 0, 0, 0, 0, 0, 0, 0, 0
201310, 14.5088, 0, 0, 0, 0, 0, 0, 0, 0, 0, 0, 0
201320, 14.5088, 0, 0, 0, 0, 0, 0, 0, 0, 0, 0, 0
201330, 14.5088, 0, 0, 0, 0, 0, 0, 0, 0, 0, 0, 0
201340, 14.5088, 0, 0, 0, 0, 0, 0, 0, 0, 0, 0, 0
201350, 14.5088, 0, 0, 0, 0, 0, 0, 0, 0, 0, 0, 0
201360, 14.5088, 0, 0, 0, 0, 0, 0, 0, 0, 0, 0, 0
201370, 14.5088, 0, 0, 0, 0, 0, 0, 0, 0, 0, 0, 0
201380, 14.5088, 0, 0, 0, 0, 0, 0, 0, 0, 0, 0, 0
201391, 14.5088, 0, 0, 0, 0, 0, 0, 0, 0, 0, 0, 0
201400, 14.5088, 0, 0, 0, 0, 0, 0, 0, 0, 0, 0, 0
201410, 14.5088, 0, 0, 0, 0, 0, 0, 0, 0, 0, 0, 0
201420, 14.5088, 0, 0, 0, 0, 0, 0, 0, 0, 0, 0, 0
201431, 14.5088, 0, 0, 0, 0, 0, 0, 0, 0, 0, 0, 0
201440, 14.5088, 0, 0, 0, 0, 0, 0, 0, 0, 0, 0, 0
201450, 14.5088, 0, 0, 0, 0, 0, 0, 0, 0, 0, 0, 0
201460, 14.5088, 0, 0, 0, 0, 0, 0, 0, 0, 0, 0, 0
201470, 14.5088, 0, 0, 0, 0, 0, 0, 0, 0, 0, 0, 0
201480, 14.5088, 0, 0, 0, 0, 0, 0, 0, 0, 0, 0, 0
201490, 14.5088, 0, 0, 0, 0, 0, 0, 0, 0, 0, 0, 0
201500, 14.5088, 0, 0, 0, 0, 0, 0, 0, 0, 0, 0, 0
201510, 14.5088, 0, 0, 0, 0, 0, 0, 0, 0, 0, 0, 0
201520, 14.5088, 0, 0, 0, 0, 0, 0, 0, 0, 0, 0, 0
201530, 14.5088, 0, 0, 0, 0, 0, 0, 0, 0, 0, 0, 0
201540, 14.5088, 0, 0, 0, 0, 0, 0, 0, 0, 0, 0, 0
201550, 14.5088, 0, 0, 0, 0, 0, 0, 0, 0, 0, 0, 0
201561, 14.5088, 0, 0, 0, 0, 0, 0, 0, 0, 0, 0, 0
201570, 14.5088, 0, 0, 0, 0, 0, 0, 0, 0, 0, 0, 0
201580, 14.5088, 0, 0, 0, 0, 0, 0, 0, 0, 0, 0, 0
201590, 14.5088, 0, 0, 0, 0, 0, 0, 0, 0, 0, 0, 0
201601, 14.5088, 0, 0, 0, 0, 0, 0, 0, 0, 0, 0, 0
201610, 14.5088, 0, 0, 0, 0, 0, 0, 0, 0, 0, 0, 0
201620, 14.5088, 0, 0, 0, 0, 0, 0, 0, 0, 0, 0, 0
201630, 14.5088, 0, 0, 0, 0, 0, 0, 0, 0, 0, 0, 0
201640, 14.5088, 0, 0, 0, 0, 0, 0, 0, 0, 0, 0, 0
201650, 14.5088, 0, 0, 0, 0, 0, 0, 0, 0, 0, 0, 0
201660, 14.5088, 0, 0, 0, 0, 0, 0, 0, 0, 0, 0, 0
201670, 14.5088, 0, 0, 0, 0, 0, 0, 0, 0, 0, 0, 0
201680, 14.5088, 0, 0, 0, 0, 0, 0, 0, 0, 0, 0, 0
201690, 14.5088, 0, 0, 0, 0, 0, 0, 0, 0, 0, 0, 0
201700, 14.5088, 0, 0, 0, 0, 0, 0, 0, 0, 0, 0, 0
201710, 14.5088, 0, 0, 0, 0, 0, 0, 0, 0, 0, 0, 0
201720, 14.5088, 0, 0, 0, 0, 0, 0, 0, 0, 0, 0, 0
201731, 14.5088, 0, 0, 0, 0, 0, 0, 0, 0, 0, 0, 0
201740, 14.5088, 0, 0, 0, 0, 0, 0, 0, 0, 0, 0, 0
201750, 14.5088, 0, 0, 0, 0, 0, 0, 0, 0, 0, 0, 0
201760, 14.5088, 0, 0, 0, 0, 0, 0, 0, 0, 0, 0, 0
201771, 14.5088, 0, 0, 0, 0, 0, 0, 0, 0, 0, 0, 0
201780, 14.5088, 0, 0, 0, 0, 0, 0, 0, 0, 0, 0, 0
201790, 14.5088, 0, 0, 0, 0, 0, 0, 0, 0, 0, 0, 0
201800, 14.5088, 0, 0, 0, 0, 0, 0, 0, 0, 0, 0, 0
201810, 14.5088, 0, 0, 0, 0, 0, 0, 0, 0, 0, 0, 0
201820, 14.5088, 0, 0, 0, 0, 0, 0, 0, 0, 0, 0, 0
201830, 14.5088, 0, 0, 0, 0, 0, 0, 0, 0, 0, 0, 0
201840, 14.5088, 0, 0, 0, 0, 0, 0, 0, 0, 0, 0, 0
201850, 14.5088, 0, 0, 0, 0, 0, 0, 0, 0, 0, 0, 0
201861, 14.5088, 0, 0, 0, 0, 0, 0, 0, 0, 0, 0, 0
201870, 14.5088, 0, 0, 0, 0, 0, 0, 0, 0, 0, 0, 0
201880, 14.5088, 0, 0, 0, 0, 0, 0, 0, 0, 0, 0, 0
201890, 14.5088, 0, 0, 0, 0, 0, 0, 0, 0, 0, 0, 0
201901, 14.5088, 0, 0, 0, 0, 0, 0, 0, 0, 0, 0, 0
201910, 14.5088, 0, 0, 0, 0, 0, 0, 0, 0, 0, 0, 0
201920, 14.5088, 0, 0, 0, 0, 0, 0, 0, 0, 0, 0, 0
201930, 14.5088, 0, 0, 0, 0, 0, 0, 0, 0, 0, 0, 0
201940, 14.5088, 0, 0, 0, 0, 0, 0, 0, 0, 0, 0, 0
201950, 14.5088, 0, 0, 0, 0, 0, 0, 0, 0, 0, 0, 0
201960, 14.5088, 0, 0, 0, 0, 0, 0, 0, 0, 0, 0, 0
201970, 14.5088, 0, 0, 0, 0, 0, 0, 0, 0, 0, 0, 0
201980, 14.5088, 0, 0, 0, 0, 0, 0, 0, 0, 0, 0, 0
201990, 14.5088, 0, 0, 0, 0, 0, 0, 0, 0, 0, 0, 0
202000, 14.5088, 0, 0, 0, 0, 0, 0, 0, 0, 0, 0, 0
202010, 14.5088, 0, 0, 0, 0, 0, 0, 0, 0, 0, 0, 0
202020, 14.5088, 0, 0, 0, 0, 0, 0, 0, 0, 0, 0, 0
202031, 14.5088, 0, 0, 0, 0, 0, 0, 0, 0, 0, 0, 0
202040, 14.5088, 0, 0, 0, 0, 0, 0, 0, 0, 0, 0, 0
202050, 14.5088, 0, 0, 0, 0, 0, 0, 0, 0, 0, 0, 0
202060, 14.5088, 0, 0, 0, 0, 0, 0, 0, 0, 0, 0, 0
202071, 14.5088, 0, 0, 0, 0, 0, 0, 0, 0, 0, 0, 0
202080, 14.5088, 0, 0, 0, 0, 0, 0, 0, 0, 0, 0, 0
202090, 14.5088, 0, 0, 0, 0, 0, 0, 0, 0, 0, 0, 0
202100, 14.5088, 0, 0, 0, 0, 0, 0, 0, 0, 0, 0, 0
202110, 14.5088, 0, 0, 0, 0, 0, 0, 0, 0, 0, 0, 0
202120, 14.5088, 0, 0, 0, 0, 0, 0, 0, 0, 0, 0, 0
202130, 14.5088, 0, 0, 0, 0, 0, 0, 0, 0, 0, 0, 0
202140, 14.5088, 0, 0, 0, 0, 0, 0, 0, 0, 0, 0, 0
202150, 14.5088, 0, 0, 0, 0, 0, 0, 0, 0, 0, 0, 0
202160, 14.5088, 0, 0, 0, 0, 0, 0, 0, 0, 0, 0, 0
202170, 14.5088, 0, 0, 0, 0, 0, 0, 0, 0, 0, 0, 0
202180, 14.5088, 0, 0, 0, 0, 0, 0, 0, 0, 0, 0, 0
202190, 14.5088, 0, 0, 0, 0, 0, 0, 0, 0, 0, 0, 0
202201, 14.5088, 0, 0, 0, 0, 0, 0, 0, 0, 0, 0, 0
202210, 14.5088, 0, 0, 0, 0, 0, 0, 0, 0, 0, 0, 0
202220, 14.5088, 0, 0, 0, 0, 0, 0, 0, 0, 0, 0, 0
202230, 14.5088, 0, 0, 0, 0, 0, 0, 0, 0, 0, 0, 0
202241, 14.5088, 0, 0, 0, 0, 0, 0, 0, 0, 0, 0, 0
202250, 14.5088, 0, 0, 0, 0, 0, 0, 0, 0, 0, 0, 0
202260, 14.5088, 0, 0, 0, 0, 0, 0, 0, 0, 0, 0, 0
202270, 14.5088, 0, 0, 0, 0, 0, 0, 0, 0, 0, 0, 0
202280, 14.5088, 0, 0, 0, 0, 0, 0, 0, 0, 0, 0, 0
202290, 14.5088, 0, 0, 0, 0, 0, 0, 0, 0, 0, 0, 0
202300, 14.5088, 0, 0, 0, 0, 0, 0, 0, 0, 0, 0, 0
202310, 14.5088, 0, 0, 0, 0, 0, 0, 0, 0, 0, 0, 0
202320, 14.5088, 0, 0, 0, 0, 0, 0, 0, 0, 0, 0, 0
202330, 14.5088, 0, 0, 0, 0, 0, 0, 0, 0, 0, 0, 0
202340, 14.5088, 0, 0, 0, 0, 0, 0, 0, 0, 0, 0, 0
