QGPIORecord, QRC v6.1.0, 10-11-2021 @ 13:56:36, Windows 10 Version 2009, 10.0.19042, x86_64
Time, PositionA, ValueIn1, ValueIn2, ValueIn3, ValueIn4, ValueIn5, ValueIn6, ValueIn7, ValueIn8, ValueIn9, ValueIn10, ValueIn11
294780, 0, 0, 0, 0, 0, 0, 0, 0, 0, 0, 0, 0
294790, 0, 0, 0, 0, 0, 0, 0, 0, 0, 0, 0, 0
294801, 0, 0, 0, 0, 0, 0, 0, 0, 0, 0, 0, 0
294810, 0, 0, 0, 0, 0, 0, 0, 0, 0, 0, 0, 0
294820, 0, 0, 0, 0, 0, 0, 0, 0, 0, 0, 0, 0
294831, 0, 0, 0, 0, 0, 0, 0, 0, 0, 0, 0, 0
294840, 0, 0, 0, 0, 0, 0, 0, 0, 0, 0, 0, 0
294850, 0, 0, 0, 0, 0, 0, 0, 0, 0, 0, 0, 0
294860, 0, 0, 0, 0, 0, 0, 0, 0, 0, 0, 0, 0
294871, 0, 0, 0, 0, 0, 0, 0, 0, 0, 0, 0, 0
294880, 0, 0, 0, 0, 0, 0, 0, 0, 0, 0, 0, 0
294890, 0, 0, 0, 0, 0, 0, 0, 0, 0, 0, 0, 0
294900, 0, 0, 0, 0, 0, 0, 0, 0, 0, 0, 0, 0
294910, 0, 0, 0, 0, 0, 0, 0, 0, 0, 0, 0, 0
294920, 0, 0, 0, 0, 0, 0, 0, 0, 0, 0, 0, 0
294930, 0, 0, 0, 0, 0, 0, 0, 0, 0, 0, 0, 0
294940, 0, 0, 0, 0, 0, 0, 0, 0, 0, 0, 0, 0
294950, 0, 0, 0, 0, 0, 0, 0, 0, 0, 0, 0, 0
294960, 0, 0, 0, 0, 0, 0, 0, 0, 0, 0, 0, 0
294970, 0, 0, 0, 0, 0, 0, 0, 0, 0, 0, 0, 0
294980, 0, 0, 0, 0, 0, 0, 0, 0, 0, 0, 0, 0
294990, 0, 0, 0, 0, 0, 0, 0, 0, 0, 0, 0, 0
295001, 0, 0, 0, 0, 0, 0, 0, 0, 0, 0, 0, 0
295010, 0, 0, 0, 0, 0, 0, 0, 0, 0, 0, 0, 0
295020, 0, 0, 0, 0, 0, 0, 0, 0, 0, 0, 0, 0
295030, 0, 0, 0, 0, 0, 0, 0, 0, 0, 0, 0, 0
295041, 0, 0, 0, 0, 0, 0, 0, 0, 0, 0, 0, 0
295050, 0, 0, 0, 0, 0, 0, 0, 0, 0, 0, 0, 0
295060, 0, 0, 0, 0, 0, 0, 0, 0, 0, 0, 0, 0
295070, 0, 0, 0, 0, 0, 0, 0, 0, 0, 0, 0, 0
295080, 0, 0, 0, 0, 0, 0, 0, 0, 0, 0, 0, 0
295090, 0, 0, 0, 0, 0, 0, 0, 0, 0, 0, 0, 0
295100, 0, 0, 0, 0, 0, 0, 0, 0, 0, 0, 0, 0
295110, 0, 0, 0, 0, 0, 0, 0, 0, 0, 0, 0, 0
295120, 0, 0, 0, 0, 0, 0, 0, 0, 0, 0, 0, 0
295130, 0, 0, 0, 0, 0, 0, 0, 0, 0, 0, 0, 0
295140, 0, 0, 0, 0, 0, 0, 0, 0, 0, 0, 0, 0
295150, 0, 0, 0, 0, 0, 0, 0, 0, 0, 0, 0, 0
295160, 0, 0, 0, 0, 0, 0, 0, 0, 0, 0, 0, 0
295171, 0, 0, 0, 0, 0, 0, 0, 0, 0, 0, 0, 0
295180, 0, 0, 0, 0, 0, 0, 0, 0, 0, 0, 0, 0
295190, 0, 0, 0, 0, 0, 0, 0, 0, 0, 0, 0, 0
295200, 0, 0, 0, 0, 0, 0, 0, 0, 0, 0, 0, 0
295211, 0, 0, 0, 0, 0, 0, 0, 0, 0, 0, 0, 0
295220, 0, 0, 0, 0, 0, 0, 0, 0, 0, 0, 0, 0
295230, 0, 0, 0, 0, 0, 0, 0, 0, 0, 0, 0, 0
295240, 0, 0, 0, 0, 0, 0, 0, 0, 0, 0, 0, 0
295250, 0, 0, 0, 0, 0, 0, 0, 0, 0, 0, 0, 0
295260, 0, 0, 0, 0, 0, 0, 0, 0, 0, 0, 0, 0
295270, 0, 0, 0, 0, 0, 0, 0, 0, 0, 0, 0, 0
295280, 0, 0, 0, 0, 0, 0, 0, 0, 0, 0, 0, 0
295290, 0, 0, 0, 0, 0, 0, 0, 0, 0, 0, 0, 0
295301, 0, 0, 0, 0, 0, 0, 0, 0, 0, 0, 0, 0
295310, 0, 0, 0, 0, 0, 0, 0, 0, 0, 0, 0, 0
295320, 0, 0, 0, 0, 0, 0, 0, 0, 0, 0, 0, 0
295330, 0, 0, 0, 0, 0, 0, 0, 0, 0, 0, 0, 0
295341, 0, 0, 0, 0, 0, 0, 0, 0, 0, 0, 0, 0
295350, 0, 0, 0, 0, 0, 0, 0, 0, 0, 0, 0, 0
295360, 0, 0, 0, 0, 0, 0, 0, 0, 0, 0, 0, 0
295370, 0, 0, 0, 0, 0, 0, 0, 0, 0, 0, 0, 0
295380, 0, 0, 0, 0, 0, 0, 0, 0, 0, 0, 0, 0
295390, 0, 0, 0, 0, 0, 0, 0, 0, 0, 0, 0, 0
295400, 0, 0, 0, 0, 0, 0, 0, 0, 0, 0, 0, 0
295410, 0, 0, 0, 0, 0, 0, 0, 0, 0, 0, 0, 0
295420, 0, 0, 0, 0, 0, 0, 0, 0, 0, 0, 0, 0
295430, 0, 0, 0, 0, 0, 0, 0, 0, 0, 0, 0, 0
295440, 0, 0, 0, 0, 0, 0, 0, 0, 0, 0, 0, 0
295450, 0, 0, 0, 0, 0, 0, 0, 0, 0, 0, 0, 0
295460, 0, 0, 0, 0, 0, 0, 0, 0, 0, 0, 0, 0
295471, 0, 0, 0, 0, 0, 0, 0, 0, 0, 0, 0, 0
295480, 0, 0, 0, 0, 0, 0, 0, 0, 0, 0, 0, 0
295490, 0, 0, 0, 0, 0, 0, 0, 0, 0, 0, 0, 0
295500, 0, 0, 0, 0, 0, 0, 0, 0, 0, 0, 0, 0
295511, 0, 0, 0, 0, 0, 0, 0, 0, 0, 0, 0, 0
295520, 0, 0, 0, 0, 0, 0, 0, 0, 0, 0, 0, 0
295530, 0, 0, 0, 0, 0, 0, 0, 0, 0, 0, 0, 0
295540, 0, 0, 0, 0, 0, 0, 0, 0, 0, 0, 0, 0
295550, 0, 0, 0, 0, 0, 0, 0, 0, 0, 0, 0, 0
295560, 0, 0, 0, 0, 0, 0, 0, 0, 0, 0, 0, 0
295570, 0, 0, 0, 0, 0, 0, 0, 0, 0, 0, 0, 0
295580, 0, 0, 0, 0, 0, 0, 0, 0, 0, 0, 0, 0
295590, 0, 0, 0, 0, 0, 0, 0, 0, 0, 0, 0, 0
295600, 0, 0, 0, 0, 0, 0, 0, 0, 0, 0, 0, 0
295610, 0, 0, 0, 0, 0, 0, 0, 0, 0, 0, 0, 0
295620, 0, 0, 0, 0, 0, 0, 0, 0, 0, 0, 0, 0
295630, 0.0596061, 0, 0, 0, 0, 0, 0, 0, 0, 0, 0, 0
295641, 0.189337, 0, 0, 0, 0, 0, 0, 0, 0, 0, 0, 0
295650, 0.350624, 0, 0, 0, 0, 0, 0, 0, 0, 0, 0, 0
295660, 0.52243, 0, 0, 0, 0, 0, 0, 0, 0, 0, 0, 0
295670, 0.704755, 0, 0, 0, 0, 0, 0, 0, 0, 0, 0, 0
295681, 0.890585, 0, 0, 0, 0, 0, 0, 0, 0, 0, 0, 0
295690, 1.07642, 0, 0, 0, 0, 0, 0, 0, 0, 0, 0, 0
295700, 1.26575, 0, 0, 0, 0, 0, 0, 0, 0, 0, 0, 0
295710, 1.45509, 0, 0, 0, 0, 0, 0, 0, 0, 0, 0, 0
295720, 1.64443, 0, 0, 0, 0, 0, 0, 0, 0, 0, 0, 0
295731, 1.83727, 0, 0, 0, 0, 0, 0, 0, 0, 0, 0, 0
295740, 2.02661, 0, 0, 0, 0, 0, 0, 0, 0, 0, 0, 0
295750, 2.21594, 0, 0, 0, 0, 0, 0, 0, 0, 0, 0, 0
295760, 2.40528, 0, 0, 0, 0, 0, 0, 0, 0, 0, 0, 0
295771, 2.59462, 0, 0, 0, 0, 0, 0, 0, 0, 0, 0, 0
295780, 2.78746, 0, 0, 0, 0, 0, 0, 0, 0, 0, 0, 0
295790, 2.97329, 0, 0, 0, 0, 0, 0, 0, 0, 0, 0, 0
295800, 3.16263, 0, 0, 0, 0, 0, 0, 0, 0, 0, 0, 0
295811, 3.35197, 0, 0, 0, 0, 0, 0, 0, 0, 0, 0, 0
295820, 3.54481, 0, 0, 0, 0, 0, 0, 0, 0, 0, 0, 0
295830, 3.73415, 0, 0, 0, 0, 0, 0, 0, 0, 0, 0, 0
295840, 3.92348, 0, 0, 0, 0, 0, 0, 0, 0, 0, 0, 0
295851, 4.11282, 0, 0, 0, 0, 0, 0, 0, 0, 0, 0, 0
295860, 4.30216, 0, 0, 0, 0, 0, 0, 0, 0, 0, 0, 0
295870, 4.495, 0, 0, 0, 0, 0, 0, 0, 0, 0, 0, 0
295880, 4.68434, 0, 0, 0, 0, 0, 0, 0, 0, 0, 0, 0
295890, 4.87368, 0, 0, 0, 0, 0, 0, 0, 0, 0, 0, 0
295901, 5.06301, 0, 0, 0, 0, 0, 0, 0, 0, 0, 0, 0
295910, 5.25586, 0, 0, 0, 0, 0, 0, 0, 0, 0, 0, 0
295920, 5.44519, 0, 0, 0, 0, 0, 0, 0, 0, 0, 0, 0
295930, 5.63453, 0, 0, 0, 0, 0, 0, 0, 0, 0, 0, 0
295941, 5.82387, 0, 0, 0, 0, 0, 0, 0, 0, 0, 0, 0
295950, 6.01671, 0, 0, 0, 0, 0, 0, 0, 0, 0, 0, 0
295960, 6.20605, 0, 0, 0, 0, 0, 0, 0, 0, 0, 0, 0
295970, 6.39539, 0, 0, 0, 0, 0, 0, 0, 0, 0, 0, 0
295981, 6.58823, 0, 0, 0, 0, 0, 0, 0, 0, 0, 0, 0
295990, 6.77406, 0, 0, 0, 0, 0, 0, 0, 0, 0, 0, 0
296000, 6.9669, 0, 0, 0, 0, 0, 0, 0, 0, 0, 0, 0
296010, 7.15624, 0, 0, 0, 0, 0, 0, 0, 0, 0, 0, 0
296020, 7.34558, 0, 0, 0, 0, 0, 0, 0, 0, 0, 0, 0
296031, 7.53491, 0, 0, 0, 0, 0, 0, 0, 0, 0, 0, 0
296040, 7.72776, 0, 0, 0, 0, 0, 0, 0, 0, 0, 0, 0
296050, 7.91709, 0, 0, 0, 0, 0, 0, 0, 0, 0, 0, 0
296060, 8.10643, 0, 0, 0, 0, 0, 0, 0, 0, 0, 0, 0
296071, 8.29577, 0, 0, 0, 0, 0, 0, 0, 0, 0, 0, 0
296080, 8.48861, 0, 0, 0, 0, 0, 0, 0, 0, 0, 0, 0
296090, 8.67795, 0, 0, 0, 0, 0, 0, 0, 0, 0, 0, 0
296100, 8.86729, 0, 0, 0, 0, 0, 0, 0, 0, 0, 0, 0
296111, 9.05662, 0, 0, 0, 0, 0, 0, 0, 0, 0, 0, 0
296120, 9.17934, 0, 0, 0, 0, 0, 0, 0, 0, 0, 0, 0
296130, 9.22492, 0, 0, 0, 0, 0, 0, 0, 0, 0, 0, 0
296140, 9.24596, 0, 0, 0, 0, 0, 0, 0, 0, 0, 0, 0
296151, 9.25297, 0, 0, 0, 0, 0, 0, 0, 0, 0, 0, 0
296160, 9.25297, 0, 0, 0, 0, 0, 0, 0, 0, 0, 0, 0
296170, 9.25297, 0, 0, 0, 0, 0, 0, 0, 0, 0, 0, 0
296180, 9.25297, 0, 0, 0, 0, 0, 0, 0, 0, 0, 0, 0
296190, 9.25297, 0, 0, 0, 0, 0, 0, 0, 0, 0, 0, 0
296200, 9.25297, 0, 0, 0, 0, 0, 0, 0, 0, 0, 0, 0
296210, 9.25297, 0, 0, 0, 0, 0, 0, 0, 0, 0, 0, 0
296220, 9.25297, 0, 0, 0, 0, 0, 0, 0, 0, 0, 0, 0
296230, 9.25297, 0, 0, 0, 0, 0, 0, 0, 0, 0, 0, 0
296240, 9.25297, 0, 0, 0, 0, 0, 0, 0, 0, 0, 0, 0
296250, 9.25297, 0, 0, 0, 0, 0, 0, 0, 0, 0, 0, 0
296260, 9.25297, 0, 0, 0, 0, 0, 0, 0, 0, 0, 0, 0
296270, 9.25297, 0, 0, 0, 0, 0, 0, 0, 0, 0, 0, 0
296281, 9.25297, 0, 0, 0, 0, 0, 0, 0, 0, 0, 0, 0
296290, 9.25297, 0, 0, 0, 0, 0, 0, 0, 0, 0, 0, 0
296300, 9.25297, 0, 0, 0, 0, 0, 0, 0, 0, 0, 0, 0
296310, 9.25297, 0, 0, 0, 0, 0, 0, 0, 0, 0, 0, 0
296321, 9.25297, 0, 0, 0, 0, 0, 0, 0, 0, 0, 0, 0
296330, 9.25297, 0, 0, 0, 0, 0, 0, 0, 0, 0, 0, 0
296340, 9.25297, 0, 0, 0, 0, 0, 0, 0, 0, 0, 0, 0
296350, 9.25297, 0, 0, 0, 0, 0, 0, 0, 0, 0, 0, 0
296360, 9.25297, 0, 0, 0, 0, 0, 0, 0, 0, 0, 0, 0
296370, 9.25297, 0, 0, 0, 0, 0, 0, 0, 0, 0, 0, 0
296380, 9.25297, 0, 0, 0, 0, 0, 0, 0, 0, 0, 0, 0
296390, 9.25297, 0, 0, 0, 0, 0, 0, 0, 0, 0, 0, 0
296400, 9.25297, 0, 0, 0, 0, 0, 0, 0, 0, 0, 0, 0
296411, 9.25297, 0, 0, 0, 0, 0, 0, 0, 0, 0, 0, 0
296420, 9.25297, 0, 0, 0, 0, 0, 0, 0, 0, 0, 0, 0
296430, 9.25297, 0, 0, 0, 0, 0, 0, 0, 0, 0, 0, 0
296440, 9.25297, 0, 0, 0, 0, 0, 0, 0, 0, 0, 0, 0
296451, 9.25297, 0, 0, 0, 0, 0, 0, 0, 0, 0, 0, 0
296460, 9.25297, 0, 0, 0, 0, 0, 0, 0, 0, 0, 0, 0
296470, 9.25297, 0, 0, 0, 0, 0, 0, 0, 0, 0, 0, 0
296480, 9.25297, 0, 0, 0, 0, 0, 0, 0, 0, 0, 0, 0
296491, 9.25297, 0, 0, 0, 0, 0, 0, 0, 0, 0, 0, 0
296500, 9.25297, 0, 0, 0, 0, 0, 0, 0, 0, 0, 0, 0
296510, 9.25297, 0, 0, 0, 0, 0, 0, 0, 0, 0, 0, 0
296520, 9.25297, 0, 0, 0, 0, 0, 0, 0, 0, 0, 0, 0
296530, 9.25297, 0, 0, 0, 0, 0, 0, 0, 0, 0, 0, 0
296540, 9.25297, 0, 0, 0, 0, 0, 0, 0, 0, 0, 0, 0
296550, 9.25297, 0, 0, 0, 0, 0, 0, 0, 0, 0, 0, 0
296560, 9.25297, 0, 0, 0, 0, 0, 0, 0, 0, 0, 0, 0
296570, 9.25297, 0, 0, 0, 0, 0, 0, 0, 0, 0, 0, 0
296581, 9.25297, 0, 0, 0, 0, 0, 0, 0, 0, 0, 0, 0
296590, 9.25297, 0, 0, 0, 0, 0, 0, 0, 0, 0, 0, 0
296600, 9.25297, 0, 0, 0, 0, 0, 0, 0, 0, 0, 0, 0
296610, 9.31608, 0, 0, 0, 0, 0, 0, 0, 0, 0, 0, 0
296621, 9.44582, 0, 0, 0, 0, 0, 0, 0, 0, 0, 0, 0
296630, 9.6071, 0, 0, 0, 0, 0, 0, 0, 0, 0, 0, 0
296640, 9.78592, 0, 0, 0, 0, 0, 0, 0, 0, 0, 0, 0
296650, 9.96825, 0, 0, 0, 0, 0, 0, 0, 0, 0, 0, 0
296660, 10.1541, 0, 0, 0, 0, 0, 0, 0, 0, 0, 0, 0
296671, 10.3434, 0, 0, 0, 0, 0, 0, 0, 0, 0, 0, 0
296680, 10.5292, 0, 0, 0, 0, 0, 0, 0, 0, 0, 0, 0
296690, 10.7186, 0, 0, 0, 0, 0, 0, 0, 0, 0, 0, 0
296700, 10.9114, 0, 0, 0, 0, 0, 0, 0, 0, 0, 0, 0
296711, 11.1008, 0, 0, 0, 0, 0, 0, 0, 0, 0, 0, 0
296720, 11.2901, 0, 0, 0, 0, 0, 0, 0, 0, 0, 0, 0
296730, 11.4829, 0, 0, 0, 0, 0, 0, 0, 0, 0, 0, 0
296740, 11.6723, 0, 0, 0, 0, 0, 0, 0, 0, 0, 0, 0
296751, 11.8616, 0, 0, 0, 0, 0, 0, 0, 0, 0, 0, 0
296760, 12.051, 0, 0, 0, 0, 0, 0, 0, 0, 0, 0, 0
296770, 12.2438, 0, 0, 0, 0, 0, 0, 0, 0, 0, 0, 0
296780, 12.4331, 0, 0, 0, 0, 0, 0, 0, 0, 0, 0, 0
296791, 12.6225, 0, 0, 0, 0, 0, 0, 0, 0, 0, 0, 0
296800, 12.8083, 0, 0, 0, 0, 0, 0, 0, 0, 0, 0, 0
296810, 13.0011, 0, 0, 0, 0, 0, 0, 0, 0, 0, 0, 0
296820, 13.1905, 0, 0, 0, 0, 0, 0, 0, 0, 0, 0, 0
296830, 13.3798, 0, 0, 0, 0, 0, 0, 0, 0, 0, 0, 0
296841, 13.5727, 0, 0, 0, 0, 0, 0, 0, 0, 0, 0, 0
296850, 13.762, 0, 0, 0, 0, 0, 0, 0, 0, 0, 0, 0
296860, 13.9513, 0, 0, 0, 0, 0, 0, 0, 0, 0, 0, 0
296870, 14.1407, 0, 0, 0, 0, 0, 0, 0, 0, 0, 0, 0
296881, 14.3335, 0, 0, 0, 0, 0, 0, 0, 0, 0, 0, 0
296890, 14.5229, 0, 0, 0, 0, 0, 0, 0, 0, 0, 0, 0
296900, 14.7122, 0, 0, 0, 0, 0, 0, 0, 0, 0, 0, 0
296910, 14.905, 0, 0, 0, 0, 0, 0, 0, 0, 0, 0, 0
296921, 15.0909, 0, 0, 0, 0, 0, 0, 0, 0, 0, 0, 0
296930, 15.2802, 0, 0, 0, 0, 0, 0, 0, 0, 0, 0, 0
296940, 15.4695, 0, 0, 0, 0, 0, 0, 0, 0, 0, 0, 0
296950, 15.6624, 0, 0, 0, 0, 0, 0, 0, 0, 0, 0, 0
296961, 15.8517, 0, 0, 0, 0, 0, 0, 0, 0, 0, 0, 0
296970, 16.0446, 0, 0, 0, 0, 0, 0, 0, 0, 0, 0, 0
296980, 16.2304, 0, 0, 0, 0, 0, 0, 0, 0, 0, 0, 0
296990, 16.4232, 0, 0, 0, 0, 0, 0, 0, 0, 0, 0, 0
297000, 16.6126, 0, 0, 0, 0, 0, 0, 0, 0, 0, 0, 0
297011, 16.8019, 0, 0, 0, 0, 0, 0, 0, 0, 0, 0, 0
297020, 16.9948, 0, 0, 0, 0, 0, 0, 0, 0, 0, 0, 0
297030, 17.1841, 0, 0, 0, 0, 0, 0, 0, 0, 0, 0, 0
297040, 17.3734, 0, 0, 0, 0, 0, 0, 0, 0, 0, 0, 0
297051, 17.5628, 0, 0, 0, 0, 0, 0, 0, 0, 0, 0, 0
297060, 17.7521, 0, 0, 0, 0, 0, 0, 0, 0, 0, 0, 0
297070, 17.9449, 0, 0, 0, 0, 0, 0, 0, 0, 0, 0, 0
297080, 18.1343, 0, 0, 0, 0, 0, 0, 0, 0, 0, 0, 0
297091, 18.3236, 0, 0, 0, 0, 0, 0, 0, 0, 0, 0, 0
297100, 18.4463, 0, 0, 0, 0, 0, 0, 0, 0, 0, 0, 0
297110, 18.4919, 0, 0, 0, 0, 0, 0, 0, 0, 0, 0, 0
297120, 18.5024, 0, 0, 0, 0, 0, 0, 0, 0, 0, 0, 0
297131, 18.5024, 0, 0, 0, 0, 0, 0, 0, 0, 0, 0, 0
297140, 18.5024, 0, 0, 0, 0, 0, 0, 0, 0, 0, 0, 0
297150, 18.5024, 0, 0, 0, 0, 0, 0, 0, 0, 0, 0, 0
297160, 18.5024, 0, 0, 0, 0, 0, 0, 0, 0, 0, 0, 0
297170, 18.5024, 0, 0, 0, 0, 0, 0, 0, 0, 0, 0, 0
297180, 18.5024, 0, 0, 0, 0, 0, 0, 0, 0, 0, 0, 0
297190, 18.5024, 0, 0, 0, 0, 0, 0, 0, 0, 0, 0, 0
297200, 18.5024, 0, 0, 0, 0, 0, 0, 0, 0, 0, 0, 0
297210, 18.5024, 0, 0, 0, 0, 0, 0, 0, 0, 0, 0, 0
297221, 18.5024, 0, 0, 0, 0, 0, 0, 0, 0, 0, 0, 0
297230, 18.5024, 0, 0, 0, 0, 0, 0, 0, 0, 0, 0, 0
297240, 18.5024, 0, 0, 0, 0, 0, 0, 0, 0, 0, 0, 0
297250, 18.5024, 0, 0, 0, 0, 0, 0, 0, 0, 0, 0, 0
297261, 18.5024, 0, 0, 0, 0, 0, 0, 0, 0, 0, 0, 0
297270, 18.5024, 0, 0, 0, 0, 0, 0, 0, 0, 0, 0, 0
297280, 18.5024, 0, 0, 0, 0, 0, 0, 0, 0, 0, 0, 0
297290, 18.5024, 0, 0, 0, 0, 0, 0, 0, 0, 0, 0, 0
297300, 18.5024, 0, 0, 0, 0, 0, 0, 0, 0, 0, 0, 0
297310, 18.5024, 0, 0, 0, 0, 0, 0, 0, 0, 0, 0, 0
297320, 18.5024, 0, 0, 0, 0, 0, 0, 0, 0, 0, 0, 0
297330, 18.5024, 0, 0, 0, 0, 0, 0, 0, 0, 0, 0, 0
297340, 18.5024, 0, 0, 0, 0, 0, 0, 0, 0, 0, 0, 0
297350, 18.5024, 0, 0, 0, 0, 0, 0, 0, 0, 0, 0, 0
297360, 18.5024, 0, 0, 0, 0, 0, 0, 0, 0, 0, 0, 0
297370, 18.5024, 0, 0, 0, 0, 0, 0, 0, 0, 0, 0, 0
297380, 18.5024, 0, 0, 0, 0, 0, 0, 0, 0, 0, 0, 0
297391, 18.5024, 0, 0, 0, 0, 0, 0, 0, 0, 0, 0, 0
297400, 18.5024, 0, 0, 0, 0, 0, 0, 0, 0, 0, 0, 0
297410, 18.5024, 0, 0, 0, 0, 0, 0, 0, 0, 0, 0, 0
297420, 18.5024, 0, 0, 0, 0, 0, 0, 0, 0, 0, 0, 0
297431, 18.5024, 0, 0, 0, 0, 0, 0, 0, 0, 0, 0, 0
297440, 18.5024, 0, 0, 0, 0, 0, 0, 0, 0, 0, 0, 0
297450, 18.5024, 0, 0, 0, 0, 0, 0, 0, 0, 0, 0, 0
297460, 18.5024, 0, 0, 0, 0, 0, 0, 0, 0, 0, 0, 0
297470, 18.5024, 0, 0, 0, 0, 0, 0, 0, 0, 0, 0, 0
297480, 18.5024, 0, 0, 0, 0, 0, 0, 0, 0, 0, 0, 0
297490, 18.5024, 0, 0, 0, 0, 0, 0, 0, 0, 0, 0, 0
297500, 18.5024, 0, 0, 0, 0, 0, 0, 0, 0, 0, 0, 0
297510, 18.5024, 0, 0, 0, 0, 0, 0, 0, 0, 0, 0, 0
297520, 18.5024, 0, 0, 0, 0, 0, 0, 0, 0, 0, 0, 0
297530, 18.5024, 0, 0, 0, 0, 0, 0, 0, 0, 0, 0, 0
297540, 18.5024, 0, 0, 0, 0, 0, 0, 0, 0, 0, 0, 0
297550, 18.5024, 0, 0, 0, 0, 0, 0, 0, 0, 0, 0, 0
297561, 18.5024, 0, 0, 0, 0, 0, 0, 0, 0, 0, 0, 0
297570, 18.5024, 0, 0, 0, 0, 0, 0, 0, 0, 0, 0, 0
297580, 18.5024, 0, 0, 0, 0, 0, 0, 0, 0, 0, 0, 0
297590, 18.562, 0, 0, 0, 0, 0, 0, 0, 0, 0, 0, 0
297601, 18.6918, 0, 0, 0, 0, 0, 0, 0, 0, 0, 0, 0
297610, 18.8531, 0, 0, 0, 0, 0, 0, 0, 0, 0, 0, 0
297620, 19.0284, 0, 0, 0, 0, 0, 0, 0, 0, 0, 0, 0
297630, 19.2142, 0, 0, 0, 0, 0, 0, 0, 0, 0, 0, 0
297640, 19.4, 0, 0, 0, 0, 0, 0, 0, 0, 0, 0, 0
297651, 19.5894, 0, 0, 0, 0, 0, 0, 0, 0, 0, 0, 0
297660, 19.7787, 0, 0, 0, 0, 0, 0, 0, 0, 0, 0, 0
297670, 19.968, 0, 0, 0, 0, 0, 0, 0, 0, 0, 0, 0
297680, 20.1574, 0, 0, 0, 0, 0, 0, 0, 0, 0, 0, 0
297691, 20.3467, 0, 0, 0, 0, 0, 0, 0, 0, 0, 0, 0
297700, 20.5361, 0, 0, 0, 0, 0, 0, 0, 0, 0, 0, 0
297710, 20.7254, 0, 0, 0, 0, 0, 0, 0, 0, 0, 0, 0
297720, 20.9147, 0, 0, 0, 0, 0, 0, 0, 0, 0, 0, 0
297731, 21.1041, 0, 0, 0, 0, 0, 0, 0, 0, 0, 0, 0
297740, 21.2934, 0, 0, 0, 0, 0, 0, 0, 0, 0, 0, 0
297750, 21.4862, 0, 0, 0, 0, 0, 0, 0, 0, 0, 0, 0
297760, 21.6756, 0, 0, 0, 0, 0, 0, 0, 0, 0, 0, 0
297771, 21.8649, 0, 0, 0, 0, 0, 0, 0, 0, 0, 0, 0
297781, 22.0578, 0, 0, 0, 0, 0, 0, 0, 0, 0, 0, 0
297790, 22.2471, 0, 0, 0, 0, 0, 0, 0, 0, 0, 0, 0
297800, 22.4364, 0, 0, 0, 0, 0, 0, 0, 0, 0, 0, 0
297810, 22.6258, 0, 0, 0, 0, 0, 0, 0, 0, 0, 0, 0
297821, 22.8151, 0, 0, 0, 0, 0, 0, 0, 0, 0, 0, 0
297830, 23.008, 0, 0, 0, 0, 0, 0, 0, 0, 0, 0, 0
297840, 23.1973, 0, 0, 0, 0, 0, 0, 0, 0, 0, 0, 0
297850, 23.3866, 0, 0, 0, 0, 0, 0, 0, 0, 0, 0, 0
297861, 23.576, 0, 0, 0, 0, 0, 0, 0, 0, 0, 0, 0
297870, 23.7688, 0, 0, 0, 0, 0, 0, 0, 0, 0, 0, 0
297880, 23.9582, 0, 0, 0, 0, 0, 0, 0, 0, 0, 0, 0
297890, 24.1475, 0, 0, 0, 0, 0, 0, 0, 0, 0, 0, 0
297901, 24.3368, 0, 0, 0, 0, 0, 0, 0, 0, 0, 0, 0
297910, 24.5297, 0, 0, 0, 0, 0, 0, 0, 0, 0, 0, 0
297920, 24.7155, 0, 0, 0, 0, 0, 0, 0, 0, 0, 0, 0
297930, 24.9048, 0, 0, 0, 0, 0, 0, 0, 0, 0, 0, 0
297940, 25.0977, 0, 0, 0, 0, 0, 0, 0, 0, 0, 0, 0
297950, 25.287, 0, 0, 0, 0, 0, 0, 0, 0, 0, 0, 0
297960, 25.4764, 0, 0, 0, 0, 0, 0, 0, 0, 0, 0, 0
297970, 25.6692, 0, 0, 0, 0, 0, 0, 0, 0, 0, 0, 0
297980, 25.8585, 0, 0, 0, 0, 0, 0, 0, 0, 0, 0, 0
297991, 26.0479, 0, 0, 0, 0, 0, 0, 0, 0, 0, 0, 0
298000, 26.2372, 0, 0, 0, 0, 0, 0, 0, 0, 0, 0, 0
298010, 26.4301, 0, 0, 0, 0, 0, 0, 0, 0, 0, 0, 0
298020, 26.6194, 0, 0, 0, 0, 0, 0, 0, 0, 0, 0, 0
298031, 26.8087, 0, 0, 0, 0, 0, 0, 0, 0, 0, 0, 0
298040, 26.9981, 0, 0, 0, 0, 0, 0, 0, 0, 0, 0, 0
298050, 27.1874, 0, 0, 0, 0, 0, 0, 0, 0, 0, 0, 0
298060, 27.3767, 0, 0, 0, 0, 0, 0, 0, 0, 0, 0, 0
298071, 27.5661, 0, 0, 0, 0, 0, 0, 0, 0, 0, 0, 0
298080, 27.6888, 0, 0, 0, 0, 0, 0, 0, 0, 0, 0, 0
298090, 27.7379, 0, 0, 0, 0, 0, 0, 0, 0, 0, 0, 0
298100, 27.7554, 0, 0, 0, 0, 0, 0, 0, 0, 0, 0, 0
298110, 27.7624, 0, 0, 0, 0, 0, 0, 0, 0, 0, 0, 0
298120, 27.7659, 0, 0, 0, 0, 0, 0, 0, 0, 0, 0, 0
298130, 27.7659, 0, 0, 0, 0, 0, 0, 0, 0, 0, 0, 0
298140, 27.7659, 0, 0, 0, 0, 0, 0, 0, 0, 0, 0, 0
298150, 27.7659, 0, 0, 0, 0, 0, 0, 0, 0, 0, 0, 0
298161, 27.7659, 0, 0, 0, 0, 0, 0, 0, 0, 0, 0, 0
298170, 27.7659, 0, 0, 0, 0, 0, 0, 0, 0, 0, 0, 0
298180, 27.7659, 0, 0, 0, 0, 0, 0, 0, 0, 0, 0, 0
298190, 27.7659, 0, 0, 0, 0, 0, 0, 0, 0, 0, 0, 0
298201, 27.7659, 0, 0, 0, 0, 0, 0, 0, 0, 0, 0, 0
298210, 27.7659, 0, 0, 0, 0, 0, 0, 0, 0, 0, 0, 0
298220, 27.7659, 0, 0, 0, 0, 0, 0, 0, 0, 0, 0, 0
298230, 27.7659, 0, 0, 0, 0, 0, 0, 0, 0, 0, 0, 0
298241, 27.7659, 0, 0, 0, 0, 0, 0, 0, 0, 0, 0, 0
298250, 27.7659, 0, 0, 0, 0, 0, 0, 0, 0, 0, 0, 0
298260, 27.7659, 0, 0, 0, 0, 0, 0, 0, 0, 0, 0, 0
298270, 27.7659, 0, 0, 0, 0, 0, 0, 0, 0, 0, 0, 0
298280, 27.7659, 0, 0, 0, 0, 0, 0, 0, 0, 0, 0, 0
298290, 27.7659, 0, 0, 0, 0, 0, 0, 0, 0, 0, 0, 0
298300, 27.7659, 0, 0, 0, 0, 0, 0, 0, 0, 0, 0, 0
298310, 27.7659, 0, 0, 0, 0, 0, 0, 0, 0, 0, 0, 0
298320, 27.7659, 0, 0, 0, 0, 0, 0, 0, 0, 0, 0, 0
298331, 27.7659, 0, 0, 0, 0, 0, 0, 0, 0, 0, 0, 0
298340, 27.7659, 0, 0, 0, 0, 0, 0, 0, 0, 0, 0, 0
298350, 27.7659, 0, 0, 0, 0, 0, 0, 0, 0, 0, 0, 0
298360, 27.7659, 0, 0, 0, 0, 0, 0, 0, 0, 0, 0, 0
298371, 27.7659, 0, 0, 0, 0, 0, 0, 0, 0, 0, 0, 0
298380, 27.7659, 0, 0, 0, 0, 0, 0, 0, 0, 0, 0, 0
298390, 27.7659, 0, 0, 0, 0, 0, 0, 0, 0, 0, 0, 0
298400, 27.7659, 0, 0, 0, 0, 0, 0, 0, 0, 0, 0, 0
298411, 27.7659, 0, 0, 0, 0, 0, 0, 0, 0, 0, 0, 0
298420, 27.7659, 0, 0, 0, 0, 0, 0, 0, 0, 0, 0, 0
298430, 27.7659, 0, 0, 0, 0, 0, 0, 0, 0, 0, 0, 0
298440, 27.7659, 0, 0, 0, 0, 0, 0, 0, 0, 0, 0, 0
298450, 27.7659, 0, 0, 0, 0, 0, 0, 0, 0, 0, 0, 0
298460, 27.7659, 0, 0, 0, 0, 0, 0, 0, 0, 0, 0, 0
298470, 27.7659, 0, 0, 0, 0, 0, 0, 0, 0, 0, 0, 0
298480, 27.7659, 0, 0, 0, 0, 0, 0, 0, 0, 0, 0, 0
298490, 27.7659, 0, 0, 0, 0, 0, 0, 0, 0, 0, 0, 0
298501, 27.7659, 0, 0, 0, 0, 0, 0, 0, 0, 0, 0, 0
298510, 27.7659, 0, 0, 0, 0, 0, 0, 0, 0, 0, 0, 0
298520, 27.7659, 0, 0, 0, 0, 0, 0, 0, 0, 0, 0, 0
298530, 27.7659, 0, 0, 0, 0, 0, 0, 0, 0, 0, 0, 0
298541, 27.7659, 0, 0, 0, 0, 0, 0, 0, 0, 0, 0, 0
298550, 27.7659, 0, 0, 0, 0, 0, 0, 0, 0, 0, 0, 0
298560, 27.7659, 0, 0, 0, 0, 0, 0, 0, 0, 0, 0, 0
298570, 27.8255, 0, 0, 0, 0, 0, 0, 0, 0, 0, 0, 0
298580, 27.9588, 0, 0, 0, 0, 0, 0, 0, 0, 0, 0, 0
298591, 28.1201, 0, 0, 0, 0, 0, 0, 0, 0, 0, 0, 0
298600, 28.2954, 0, 0, 0, 0, 0, 0, 0, 0, 0, 0, 0
298610, 28.4777, 0, 0, 0, 0, 0, 0, 0, 0, 0, 0, 0
298620, 28.6635, 0, 0, 0, 0, 0, 0, 0, 0, 0, 0, 0
298631, 28.8529, 0, 0, 0, 0, 0, 0, 0, 0, 0, 0, 0
298640, 29.0422, 0, 0, 0, 0, 0, 0, 0, 0, 0, 0, 0
298650, 29.2315, 0, 0, 0, 0, 0, 0, 0, 0, 0, 0, 0
298660, 29.4209, 0, 0, 0, 0, 0, 0, 0, 0, 0, 0, 0
298671, 29.6137, 0, 0, 0, 0, 0, 0, 0, 0, 0, 0, 0
298680, 29.8031, 0, 0, 0, 0, 0, 0, 0, 0, 0, 0, 0
298690, 29.9924, 0, 0, 0, 0, 0, 0, 0, 0, 0, 0, 0
298700, 30.1817, 0, 0, 0, 0, 0, 0, 0, 0, 0, 0, 0
298711, 30.3746, 0, 0, 0, 0, 0, 0, 0, 0, 0, 0, 0
298720, 30.5639, 0, 0, 0, 0, 0, 0, 0, 0, 0, 0, 0
298730, 30.7532, 0, 0, 0, 0, 0, 0, 0, 0, 0, 0, 0
298740, 30.9391, 0, 0, 0, 0, 0, 0, 0, 0, 0, 0, 0
298750, 31.1319, 0, 0, 0, 0, 0, 0, 0, 0, 0, 0, 0
298761, 31.3213, 0, 0, 0, 0, 0, 0, 0, 0, 0, 0, 0
298770, 31.5141, 0, 0, 0, 0, 0, 0, 0, 0, 0, 0, 0
298780, 31.7034, 0, 0, 0, 0, 0, 0, 0, 0, 0, 0, 0
298790, 31.8928, 0, 0, 0, 0, 0, 0, 0, 0, 0, 0, 0
298801, 32.0821, 0, 0, 0, 0, 0, 0, 0, 0, 0, 0, 0
298810, 32.275, 0, 0, 0, 0, 0, 0, 0, 0, 0, 0, 0
298820, 32.4643, 0, 0, 0, 0, 0, 0, 0, 0, 0, 0, 0
298830, 32.6536, 0, 0, 0, 0, 0, 0, 0, 0, 0, 0, 0
298841, 32.843, 0, 0, 0, 0, 0, 0, 0, 0, 0, 0, 0
298850, 33.0323, 0, 0, 0, 0, 0, 0, 0, 0, 0, 0, 0
298860, 33.2216, 0, 0, 0, 0, 0, 0, 0, 0, 0, 0, 0
298870, 33.411, 0, 0, 0, 0, 0, 0, 0, 0, 0, 0, 0
298881, 33.6038, 0, 0, 0, 0, 0, 0, 0, 0, 0, 0, 0
298890, 33.7932, 0, 0, 0, 0, 0, 0, 0, 0, 0, 0, 0
298900, 33.986, 0, 0, 0, 0, 0, 0, 0, 0, 0, 0, 0
298910, 34.1753, 0, 0, 0, 0, 0, 0, 0, 0, 0, 0, 0
298920, 34.3647, 0, 0, 0, 0, 0, 0, 0, 0, 0, 0, 0
298931, 34.554, 0, 0, 0, 0, 0, 0, 0, 0, 0, 0, 0
298940, 34.7434, 0, 0, 0, 0, 0, 0, 0, 0, 0, 0, 0
298950, 34.9362, 0, 0, 0, 0, 0, 0, 0, 0, 0, 0, 0
298960, 35.1255, 0, 0, 0, 0, 0, 0, 0, 0, 0, 0, 0
298971, 35.3184, 0, 0, 0, 0, 0, 0, 0, 0, 0, 0, 0
298980, 35.5077, 0, 0, 0, 0, 0, 0, 0, 0, 0, 0, 0
298990, 35.697, 0, 0, 0, 0, 0, 0, 0, 0, 0, 0, 0
299000, 35.8899, 0, 0, 0, 0, 0, 0, 0, 0, 0, 0, 0
299011, 36.0792, 0, 0, 0, 0, 0, 0, 0, 0, 0, 0, 0
299020, 36.2686, 0, 0, 0, 0, 0, 0, 0, 0, 0, 0, 0
299030, 36.4579, 0, 0, 0, 0, 0, 0, 0, 0, 0, 0, 0
299040, 36.6472, 0, 0, 0, 0, 0, 0, 0, 0, 0, 0, 0
299051, 36.8366, 0, 0, 0, 0, 0, 0, 0, 0, 0, 0, 0
299060, 36.9593, 0, 0, 0, 0, 0, 0, 0, 0, 0, 0, 0
299070, 37.0084, 0, 0, 0, 0, 0, 0, 0, 0, 0, 0, 0
299080, 37.0259, 0, 0, 0, 0, 0, 0, 0, 0, 0, 0, 0
299090, 37.0329, 0, 0, 0, 0, 0, 0, 0, 0, 0, 0, 0
299100, 37.0329, 0, 0, 0, 0, 0, 0, 0, 0, 0, 0, 0
299110, 37.0329, 0, 0, 0, 0, 0, 0, 0, 0, 0, 0, 0
299120, 37.0329, 0, 0, 0, 0, 0, 0, 0, 0, 0, 0, 0
299130, 37.0329, 0, 0, 0, 0, 0, 0, 0, 0, 0, 0, 0
299141, 37.0329, 0, 0, 0, 0, 0, 0, 0, 0, 0, 0, 0
299150, 37.0329, 0, 0, 0, 0, 0, 0, 0, 0, 0, 0, 0
299160, 37.0329, 0, 0, 0, 0, 0, 0, 0, 0, 0, 0, 0
299170, 37.0329, 0, 0, 0, 0, 0, 0, 0, 0, 0, 0, 0
299181, 37.0329, 0, 0, 0, 0, 0, 0, 0, 0, 0, 0, 0
299190, 37.0329, 0, 0, 0, 0, 0, 0, 0, 0, 0, 0, 0
299200, 37.0329, 0, 0, 0, 0, 0, 0, 0, 0, 0, 0, 0
299210, 37.0329, 0, 0, 0, 0, 0, 0, 0, 0, 0, 0, 0
299220, 37.0329, 0, 0, 0, 0, 0, 0, 0, 0, 0, 0, 0
299230, 37.0329, 0, 0, 0, 0, 0, 0, 0, 0, 0, 0, 0
299240, 37.0329, 0, 0, 0, 0, 0, 0, 0, 0, 0, 0, 0
299250, 37.0329, 0, 0, 0, 0, 0, 0, 0, 0, 0, 0, 0
299260, 37.0329, 0, 0, 0, 0, 0, 0, 0, 0, 0, 0, 0
299270, 37.0329, 0, 0, 0, 0, 0, 0, 0, 0, 0, 0, 0
299280, 37.0329, 0, 0, 0, 0, 0, 0, 0, 0, 0, 0, 0
299290, 37.0329, 0, 0, 0, 0, 0, 0, 0, 0, 0, 0, 0
299300, 37.0329, 0, 0, 0, 0, 0, 0, 0, 0, 0, 0, 0
299311, 37.0329, 0, 0, 0, 0, 0, 0, 0, 0, 0, 0, 0
299320, 37.0329, 0, 0, 0, 0, 0, 0, 0, 0, 0, 0, 0
299330, 37.0329, 0, 0, 0, 0, 0, 0, 0, 0, 0, 0, 0
299340, 37.0329, 0, 0, 0, 0, 0, 0, 0, 0, 0, 0, 0
299351, 37.0329, 0, 0, 0, 0, 0, 0, 0, 0, 0, 0, 0
299360, 37.0329, 0, 0, 0, 0, 0, 0, 0, 0, 0, 0, 0
299370, 37.0329, 0, 0, 0, 0, 0, 0, 0, 0, 0, 0, 0
299380, 37.0329, 0, 0, 0, 0, 0, 0, 0, 0, 0, 0, 0
299390, 37.0329, 0, 0, 0, 0, 0, 0, 0, 0, 0, 0, 0
299400, 37.0329, 0, 0, 0, 0, 0, 0, 0, 0, 0, 0, 0
299410, 37.0329, 0, 0, 0, 0, 0, 0, 0, 0, 0, 0, 0
299420, 37.0329, 0, 0, 0, 0, 0, 0, 0, 0, 0, 0, 0
299430, 37.0329, 0, 0, 0, 0, 0, 0, 0, 0, 0, 0, 0
299440, 37.0329, 0, 0, 0, 0, 0, 0, 0, 0, 0, 0, 0
299450, 37.0329, 0, 0, 0, 0, 0, 0, 0, 0, 0, 0, 0
299460, 37.0329, 0, 0, 0, 0, 0, 0, 0, 0, 0, 0, 0
299470, 37.0329, 0, 0, 0, 0, 0, 0, 0, 0, 0, 0, 0
299481, 37.0329, 0, 0, 0, 0, 0, 0, 0, 0, 0, 0, 0
299490, 37.0329, 0, 0, 0, 0, 0, 0, 0, 0, 0, 0, 0
299500, 37.0329, 0, 0, 0, 0, 0, 0, 0, 0, 0, 0, 0
299510, 37.0329, 0, 0, 0, 0, 0, 0, 0, 0, 0, 0, 0
299521, 37.0329, 0, 0, 0, 0, 0, 0, 0, 0, 0, 0, 0
299530, 37.0329, 0, 0, 0, 0, 0, 0, 0, 0, 0, 0, 0
299540, 37.0329, 0, 0, 0, 0, 0, 0, 0, 0, 0, 0, 0
299550, 37.096, 0, 0, 0, 0, 0, 0, 0, 0, 0, 0, 0
299560, 37.2258, 0, 0, 0, 0, 0, 0, 0, 0, 0, 0, 0
299571, 37.3871, 0, 0, 0, 0, 0, 0, 0, 0, 0, 0, 0
299580, 37.5624, 0, 0, 0, 0, 0, 0, 0, 0, 0, 0, 0
299590, 37.7447, 0, 0, 0, 0, 0, 0, 0, 0, 0, 0, 0
299600, 37.934, 0, 0, 0, 0, 0, 0, 0, 0, 0, 0, 0
299611, 38.1199, 0, 0, 0, 0, 0, 0, 0, 0, 0, 0, 0
299620, 38.3092, 0, 0, 0, 0, 0, 0, 0, 0, 0, 0, 0
299630, 38.4985, 0, 0, 0, 0, 0, 0, 0, 0, 0, 0, 0
299640, 38.6914, 0, 0, 0, 0, 0, 0, 0, 0, 0, 0, 0
299651, 38.8772, 0, 0, 0, 0, 0, 0, 0, 0, 0, 0, 0
299660, 39.0665, 0, 0, 0, 0, 0, 0, 0, 0, 0, 0, 0
299670, 39.2559, 0, 0, 0, 0, 0, 0, 0, 0, 0, 0, 0
299680, 39.4487, 0, 0, 0, 0, 0, 0, 0, 0, 0, 0, 0
299691, 39.6381, 0, 0, 0, 0, 0, 0, 0, 0, 0, 0, 0
299700, 39.8274, 0, 0, 0, 0, 0, 0, 0, 0, 0, 0, 0
299710, 40.0202, 0, 0, 0, 0, 0, 0, 0, 0, 0, 0, 0
299720, 40.2096, 0, 0, 0, 0, 0, 0, 0, 0, 0, 0, 0
299730, 40.3989, 0, 0, 0, 0, 0, 0, 0, 0, 0, 0, 0
299741, 40.5883, 0, 0, 0, 0, 0, 0, 0, 0, 0, 0, 0
299750, 40.7776, 0, 0, 0, 0, 0, 0, 0, 0, 0, 0, 0
299760, 40.9704, 0, 0, 0, 0, 0, 0, 0, 0, 0, 0, 0
299770, 41.1598, 0, 0, 0, 0, 0, 0, 0, 0, 0, 0, 0
299781, 41.3491, 0, 0, 0, 0, 0, 0, 0, 0, 0, 0, 0
299790, 41.542, 0, 0, 0, 0, 0, 0, 0, 0, 0, 0, 0
299800, 41.7313, 0, 0, 0, 0, 0, 0, 0, 0, 0, 0, 0
299810, 41.9206, 0, 0, 0, 0, 0, 0, 0, 0, 0, 0, 0
299821, 42.1135, 0, 0, 0, 0, 0, 0, 0, 0, 0, 0, 0
299830, 42.3028, 0, 0, 0, 0, 0, 0, 0, 0, 0, 0, 0
299840, 42.4921, 0, 0, 0, 0, 0, 0, 0, 0, 0, 0, 0
299850, 42.6815, 0, 0, 0, 0, 0, 0, 0, 0, 0, 0, 0
299860, 42.8708, 0, 0, 0, 0, 0, 0, 0, 0, 0, 0, 0
299871, 43.0602, 0, 0, 0, 0, 0, 0, 0, 0, 0, 0, 0
299880, 43.2495, 0, 0, 0, 0, 0, 0, 0, 0, 0, 0, 0
299890, 43.4423, 0, 0, 0, 0, 0, 0, 0, 0, 0, 0, 0
299900, 43.6317, 0, 0, 0, 0, 0, 0, 0, 0, 0, 0, 0
299911, 43.821, 0, 0, 0, 0, 0, 0, 0, 0, 0, 0, 0
299920, 44.0139, 0, 0, 0, 0, 0, 0, 0, 0, 0, 0, 0
299930, 44.2032, 0, 0, 0, 0, 0, 0, 0, 0, 0, 0, 0
299940, 44.3925, 0, 0, 0, 0, 0, 0, 0, 0, 0, 0, 0
299951, 44.5819, 0, 0, 0, 0, 0, 0, 0, 0, 0, 0, 0
299960, 44.7712, 0, 0, 0, 0, 0, 0, 0, 0, 0, 0, 0
299970, 44.9605, 0, 0, 0, 0, 0, 0, 0, 0, 0, 0, 0
299980, 45.1499, 0, 0, 0, 0, 0, 0, 0, 0, 0, 0, 0
299991, 45.3427, 0, 0, 0, 0, 0, 0, 0, 0, 0, 0, 0
300000, 45.5321, 0, 0, 0, 0, 0, 0, 0, 0, 0, 0, 0
300010, 45.7214, 0, 0, 0, 0, 0, 0, 0, 0, 0, 0, 0
300020, 45.9142, 0, 0, 0, 0, 0, 0, 0, 0, 0, 0, 0
300030, 46.1036, 0, 0, 0, 0, 0, 0, 0, 0, 0, 0, 0
300041, 46.2263, 0, 0, 0, 0, 0, 0, 0, 0, 0, 0, 0
300050, 46.2719, 0, 0, 0, 0, 0, 0, 0, 0, 0, 0, 0
300060, 46.2929, 0, 0, 0, 0, 0, 0, 0, 0, 0, 0, 0
300070, 46.2964, 0, 0, 0, 0, 0, 0, 0, 0, 0, 0, 0
300081, 46.2999, 0, 0, 0, 0, 0, 0, 0, 0, 0, 0, 0
300090, 46.2999, 0, 0, 0, 0, 0, 0, 0, 0, 0, 0, 0
300100, 46.2999, 0, 0, 0, 0, 0, 0, 0, 0, 0, 0, 0
300110, 46.2999, 0, 0, 0, 0, 0, 0, 0, 0, 0, 0, 0
300121, 46.2999, 0, 0, 0, 0, 0, 0, 0, 0, 0, 0, 0
300130, 46.2999, 0, 0, 0, 0, 0, 0, 0, 0, 0, 0, 0
300140, 46.2999, 0, 0, 0, 0, 0, 0, 0, 0, 0, 0, 0
300150, 46.2999, 0, 0, 0, 0, 0, 0, 0, 0, 0, 0, 0
300161, 46.2999, 0, 0, 0, 0, 0, 0, 0, 0, 0, 0, 0
300170, 46.2999, 0, 0, 0, 0, 0, 0, 0, 0, 0, 0, 0
300180, 46.2999, 0, 0, 0, 0, 0, 0, 0, 0, 0, 0, 0
300190, 46.2999, 0, 0, 0, 0, 0, 0, 0, 0, 0, 0, 0
300200, 46.2999, 0, 0, 0, 0, 0, 0, 0, 0, 0, 0, 0
300210, 46.2999, 0, 0, 0, 0, 0, 0, 0, 0, 0, 0, 0
300220, 46.2999, 0, 0, 0, 0, 0, 0, 0, 0, 0, 0, 0
300230, 46.2999, 0, 0, 0, 0, 0, 0, 0, 0, 0, 0, 0
300240, 46.2999, 0, 0, 0, 0, 0, 0, 0, 0, 0, 0, 0
300251, 46.2999, 0, 0, 0, 0, 0, 0, 0, 0, 0, 0, 0
300260, 46.2999, 0, 0, 0, 0, 0, 0, 0, 0, 0, 0, 0
300270, 46.2999, 0, 0, 0, 0, 0, 0, 0, 0, 0, 0, 0
300280, 46.2999, 0, 0, 0, 0, 0, 0, 0, 0, 0, 0, 0
300291, 46.2999, 0, 0, 0, 0, 0, 0, 0, 0, 0, 0, 0
300300, 46.2999, 0, 0, 0, 0, 0, 0, 0, 0, 0, 0, 0
300310, 46.2999, 0, 0, 0, 0, 0, 0, 0, 0, 0, 0, 0
300320, 46.2999, 0, 0, 0, 0, 0, 0, 0, 0, 0, 0, 0
300331, 46.2999, 0, 0, 0, 0, 0, 0, 0, 0, 0, 0, 0
300340, 46.2999, 0, 0, 0, 0, 0, 0, 0, 0, 0, 0, 0
300351, 46.2999, 0, 0, 0, 0, 0, 0, 0, 0, 0, 0, 0
300360, 46.2999, 0, 0, 0, 0, 0, 0, 0, 0, 0, 0, 0
300370, 46.2999, 0, 0, 0, 0, 0, 0, 0, 0, 0, 0, 0
300380, 46.2999, 0, 0, 0, 0, 0, 0, 0, 0, 0, 0, 0
300390, 46.2999, 0, 0, 0, 0, 0, 0, 0, 0, 0, 0, 0
300400, 46.2999, 0, 0, 0, 0, 0, 0, 0, 0, 0, 0, 0
300410, 46.2999, 0, 0, 0, 0, 0, 0, 0, 0, 0, 0, 0
300421, 46.2999, 0, 0, 0, 0, 0, 0, 0, 0, 0, 0, 0
300430, 46.2999, 0, 0, 0, 0, 0, 0, 0, 0, 0, 0, 0
300440, 46.2999, 0, 0, 0, 0, 0, 0, 0, 0, 0, 0, 0
300450, 46.2999, 0, 0, 0, 0, 0, 0, 0, 0, 0, 0, 0
300461, 46.2999, 0, 0, 0, 0, 0, 0, 0, 0, 0, 0, 0
300470, 46.2999, 0, 0, 0, 0, 0, 0, 0, 0, 0, 0, 0
300480, 46.2999, 0, 0, 0, 0, 0, 0, 0, 0, 0, 0, 0
300490, 46.2999, 0, 0, 0, 0, 0, 0, 0, 0, 0, 0, 0
300500, 46.2999, 0, 0, 0, 0, 0, 0, 0, 0, 0, 0, 0
300510, 46.2999, 0, 0, 0, 0, 0, 0, 0, 0, 0, 0, 0
300520, 46.2999, 0, 0, 0, 0, 0, 0, 0, 0, 0, 0, 0
300530, 46.2999, 0, 0, 0, 0, 0, 0, 0, 0, 0, 0, 0
300540, 46.2999, 0, 0, 0, 0, 0, 0, 0, 0, 0, 0, 0
300550, 46.2999, 0, 0, 0, 0, 0, 0, 0, 0, 0, 0, 0
300560, 46.2999, 0, 0, 0, 0, 0, 0, 0, 0, 0, 0, 0
300570, 46.2999, 0, 0, 0, 0, 0, 0, 0, 0, 0, 0, 0
300580, 46.2999, 0, 0, 0, 0, 0, 0, 0, 0, 0, 0, 0
300591, 46.2999, 0, 0, 0, 0, 0, 0, 0, 0, 0, 0, 0
300600, 46.2999, 0, 0, 0, 0, 0, 0, 0, 0, 0, 0, 0
300610, 46.2999, 0, 0, 0, 0, 0, 0, 0, 0, 0, 0, 0
300620, 46.2999, 0, 0, 0, 0, 0, 0, 0, 0, 0, 0, 0
300631, 46.2999, 0, 0, 0, 0, 0, 0, 0, 0, 0, 0, 0
300640, 46.2999, 0, 0, 0, 0, 0, 0, 0, 0, 0, 0, 0
300650, 46.2999, 0, 0, 0, 0, 0, 0, 0, 0, 0, 0, 0
300660, 46.2999, 0, 0, 0, 0, 0, 0, 0, 0, 0, 0, 0
300670, 46.2999, 0, 0, 0, 0, 0, 0, 0, 0, 0, 0, 0
300680, 46.2999, 0, 0, 0, 0, 0, 0, 0, 0, 0, 0, 0
300690, 46.2999, 0, 0, 0, 0, 0, 0, 0, 0, 0, 0, 0
300700, 46.2999, 0, 0, 0, 0, 0, 0, 0, 0, 0, 0, 0
300710, 46.2999, 0, 0, 0, 0, 0, 0, 0, 0, 0, 0, 0
300720, 46.2999, 0, 0, 0, 0, 0, 0, 0, 0, 0, 0, 0
300730, 46.2999, 0, 0, 0, 0, 0, 0, 0, 0, 0, 0, 0
300740, 46.2999, 0, 0, 0, 0, 0, 0, 0, 0, 0, 0, 0
300750, 46.2999, 0, 0, 0, 0, 0, 0, 0, 0, 0, 0, 0
300761, 46.2999, 0, 0, 0, 0, 0, 0, 0, 0, 0, 0, 0
300770, 46.2999, 0, 0, 0, 0, 0, 0, 0, 0, 0, 0, 0
300780, 46.2999, 0, 0, 0, 0, 0, 0, 0, 0, 0, 0, 0
300790, 46.2999, 0, 0, 0, 0, 0, 0, 0, 0, 0, 0, 0
300801, 46.2999, 0, 0, 0, 0, 0, 0, 0, 0, 0, 0, 0
300810, 46.2999, 0, 0, 0, 0, 0, 0, 0, 0, 0, 0, 0
300820, 46.2999, 0, 0, 0, 0, 0, 0, 0, 0, 0, 0, 0
300830, 46.2999, 0, 0, 0, 0, 0, 0, 0, 0, 0, 0, 0
300840, 46.2999, 0, 0, 0, 0, 0, 0, 0, 0, 0, 0, 0
300850, 46.2999, 0, 0, 0, 0, 0, 0, 0, 0, 0, 0, 0
300860, 46.2999, 0, 0, 0, 0, 0, 0, 0, 0, 0, 0, 0
300870, 46.2999, 0, 0, 0, 0, 0, 0, 0, 0, 0, 0, 0
300880, 46.2999, 0, 0, 0, 0, 0, 0, 0, 0, 0, 0, 0
300890, 46.2999, 0, 0, 0, 0, 0, 0, 0, 0, 0, 0, 0
300900, 46.2999, 0, 0, 0, 0, 0, 0, 0, 0, 0, 0, 0
300910, 46.2999, 0, 0, 0, 0, 0, 0, 0, 0, 0, 0, 0
300920, 46.2999, 0, 0, 0, 0, 0, 0, 0, 0, 0, 0, 0
300931, 46.2999, 0, 0, 0, 0, 0, 0, 0, 0, 0, 0, 0
300940, 46.2999, 0, 0, 0, 0, 0, 0, 0, 0, 0, 0, 0
300950, 46.2999, 0, 0, 0, 0, 0, 0, 0, 0, 0, 0, 0
300960, 46.2999, 0, 0, 0, 0, 0, 0, 0, 0, 0, 0, 0
300971, 46.2999, 0, 0, 0, 0, 0, 0, 0, 0, 0, 0, 0
300980, 46.2999, 0, 0, 0, 0, 0, 0, 0, 0, 0, 0, 0
300990, 46.2999, 0, 0, 0, 0, 0, 0, 0, 0, 0, 0, 0
301000, 46.2999, 0, 0, 0, 0, 0, 0, 0, 0, 0, 0, 0
301010, 46.2999, 0, 0, 0, 0, 0, 0, 0, 0, 0, 0, 0
301020, 46.2999, 0, 0, 0, 0, 0, 0, 0, 0, 0, 0, 0
301030, 46.2999, 0, 0, 0, 0, 0, 0, 0, 0, 0, 0, 0
301040, 46.2999, 0, 0, 0, 0, 0, 0, 0, 0, 0, 0, 0
301050, 46.2999, 0, 0, 0, 0, 0, 0, 0, 0, 0, 0, 0
301061, 46.2999, 0, 0, 0, 0, 0, 0, 0, 0, 0, 0, 0
301070, 46.2999, 0, 0, 0, 0, 0, 0, 0, 0, 0, 0, 0
301080, 46.2999, 0, 0, 0, 0, 0, 0, 0, 0, 0, 0, 0
301090, 46.2999, 0, 0, 0, 0, 0, 0, 0, 0, 0, 0, 0
301101, 46.2999, 0, 0, 0, 0, 0, 0, 0, 0, 0, 0, 0
301110, 46.2999, 0, 0, 0, 0, 0, 0, 0, 0, 0, 0, 0
301120, 46.2999, 0, 0, 0, 0, 0, 0, 0, 0, 0, 0, 0
301130, 46.2999, 0, 0, 0, 0, 0, 0, 0, 0, 0, 0, 0
301140, 46.2999, 0, 0, 0, 0, 0, 0, 0, 0, 0, 0, 0
301150, 46.2999, 0, 0, 0, 0, 0, 0, 0, 0, 0, 0, 0
301160, 46.2999, 0, 0, 0, 0, 0, 0, 0, 0, 0, 0, 0
301170, 46.2999, 0, 0, 0, 0, 0, 0, 0, 0, 0, 0, 0
301180, 46.2999, 0, 0, 0, 0, 0, 0, 0, 0, 0, 0, 0
301190, 46.2999, 0, 0, 0, 0, 0, 0, 0, 0, 0, 0, 0
301200, 46.2999, 0, 0, 0, 0, 0, 0, 0, 0, 0, 0, 0
301210, 46.2999, 0, 0, 0, 0, 0, 0, 0, 0, 0, 0, 0
301220, 46.2999, 0, 0, 0, 0, 0, 0, 0, 0, 0, 0, 0
301231, 46.2999, 0, 0, 0, 0, 0, 0, 0, 0, 0, 0, 0
301240, 46.2999, 0, 0, 0, 0, 0, 0, 0, 0, 0, 0, 0
301250, 46.2999, 0, 0, 0, 0, 0, 0, 0, 0, 0, 0, 0
301260, 46.2999, 0, 0, 0, 0, 0, 0, 0, 0, 0, 0, 0
301271, 46.2999, 0, 0, 0, 0, 0, 0, 0, 0, 0, 0, 0
301280, 46.2999, 0, 0, 0, 0, 0, 0, 0, 0, 0, 0, 0
301290, 46.2999, 0, 0, 0, 0, 0, 0, 0, 0, 0, 0, 0
301300, 46.2999, 0, 0, 0, 0, 0, 0, 0, 0, 0, 0, 0
301310, 46.2999, 0, 0, 0, 0, 0, 0, 0, 0, 0, 0, 0
301320, 46.2999, 0, 0, 0, 0, 0, 0, 0, 0, 0, 0, 0
301330, 46.2999, 0, 0, 0, 0, 0, 0, 0, 0, 0, 0, 0
301340, 46.2999, 0, 0, 0, 0, 0, 0, 0, 0, 0, 0, 0
301350, 46.2999, 0, 0, 0, 0, 0, 0, 0, 0, 0, 0, 0
301360, 46.2999, 0, 0, 0, 0, 0, 0, 0, 0, 0, 0, 0
301370, 46.2999, 0, 0, 0, 0, 0, 0, 0, 0, 0, 0, 0
301380, 46.2999, 0, 0, 0, 0, 0, 0, 0, 0, 0, 0, 0
301390, 46.2999, 0, 0, 0, 0, 0, 0, 0, 0, 0, 0, 0
301401, 46.2999, 0, 0, 0, 0, 0, 0, 0, 0, 0, 0, 0
301410, 46.2999, 0, 0, 0, 0, 0, 0, 0, 0, 0, 0, 0
301420, 46.2999, 0, 0, 0, 0, 0, 0, 0, 0, 0, 0, 0
301430, 46.2999, 0, 0, 0, 0, 0, 0, 0, 0, 0, 0, 0
301441, 46.2999, 0, 0, 0, 0, 0, 0, 0, 0, 0, 0, 0
301450, 46.2999, 0, 0, 0, 0, 0, 0, 0, 0, 0, 0, 0
301460, 46.2999, 0, 0, 0, 0, 0, 0, 0, 0, 0, 0, 0
301470, 46.2999, 0, 0, 0, 0, 0, 0, 0, 0, 0, 0, 0
301480, 46.2999, 0, 0, 0, 0, 0, 0, 0, 0, 0, 0, 0
301490, 46.2999, 0, 0, 0, 0, 0, 0, 0, 0, 0, 0, 0
301500, 46.2999, 0, 0, 0, 0, 0, 0, 0, 0, 0, 0, 0
301510, 46.2999, 0, 0, 0, 0, 0, 0, 0, 0, 0, 0, 0
301520, 46.2999, 0, 0, 0, 0, 0, 0, 0, 0, 0, 0, 0
301530, 46.2999, 0, 0, 0, 0, 0, 0, 0, 0, 0, 0, 0
301540, 46.2999, 0, 0, 0, 0, 0, 0, 0, 0, 0, 0, 0
301550, 46.2999, 0, 0, 0, 0, 0, 0, 0, 0, 0, 0, 0
301560, 46.2999, 0, 0, 0, 0, 0, 0, 0, 0, 0, 0, 0
301571, 46.2999, 0, 0, 0, 0, 0, 0, 0, 0, 0, 0, 0
301580, 46.2999, 0, 0, 0, 0, 0, 0, 0, 0, 0, 0, 0
301590, 46.2999, 0, 0, 0, 0, 0, 0, 0, 0, 0, 0, 0
301600, 46.2999, 0, 0, 0, 0, 0, 0, 0, 0, 0, 0, 0
301611, 46.2999, 0, 0, 0, 0, 0, 0, 0, 0, 0, 0, 0
301620, 46.2999, 0, 0, 0, 0, 0, 0, 0, 0, 0, 0, 0
301630, 46.2999, 0, 0, 0, 0, 0, 0, 0, 0, 0, 0, 0
301640, 46.2999, 0, 0, 0, 0, 0, 0, 0, 0, 0, 0, 0
301650, 46.2999, 0, 0, 0, 0, 0, 0, 0, 0, 0, 0, 0
301660, 46.2999, 0, 0, 0, 0, 0, 0, 0, 0, 0, 0, 0
301670, 46.2999, 0, 0, 0, 0, 0, 0, 0, 0, 0, 0, 0
301680, 46.2999, 0, 0, 0, 0, 0, 0, 0, 0, 0, 0, 0
301690, 46.2999, 0, 0, 0, 0, 0, 0, 0, 0, 0, 0, 0
301700, 46.2999, 0, 0, 0, 0, 0, 0, 0, 0, 0, 0, 0
301710, 46.2999, 0, 0, 0, 0, 0, 0, 0, 0, 0, 0, 0
301720, 46.2999, 0, 0, 0, 0, 0, 0, 0, 0, 0, 0, 0
301730, 46.2999, 0, 0, 0, 0, 0, 0, 0, 0, 0, 0, 0
301741, 46.2999, 0, 0, 0, 0, 0, 0, 0, 0, 0, 0, 0
301750, 46.2999, 0, 0, 0, 0, 0, 0, 0, 0, 0, 0, 0
301760, 46.2999, 0, 0, 0, 0, 0, 0, 0, 0, 0, 0, 0
301770, 46.2999, 0, 0, 0, 0, 0, 0, 0, 0, 0, 0, 0
301780, 46.2999, 0, 0, 0, 0, 0, 0, 0, 0, 0, 0, 0
301790, 46.2999, 0, 0, 0, 0, 0, 0, 0, 0, 0, 0, 0
301800, 46.2999, 0, 0, 0, 0, 0, 0, 0, 0, 0, 0, 0
301810, 46.2999, 0, 0, 0, 0, 0, 0, 0, 0, 0, 0, 0
301820, 46.2999, 0, 0, 0, 0, 0, 0, 0, 0, 0, 0, 0
301830, 46.2999, 0, 0, 0, 0, 0, 0, 0, 0, 0, 0, 0
301840, 46.2999, 0, 0, 0, 0, 0, 0, 0, 0, 0, 0, 0
301850, 46.2999, 0, 0, 0, 0, 0, 0, 0, 0, 0, 0, 0
301860, 46.2999, 0, 0, 0, 0, 0, 0, 0, 0, 0, 0, 0
301871, 46.2999, 0, 0, 0, 0, 0, 0, 0, 0, 0, 0, 0
301880, 46.2999, 0, 0, 0, 0, 0, 0, 0, 0, 0, 0, 0
301890, 46.2999, 0, 0, 0, 0, 0, 0, 0, 0, 0, 0, 0
301900, 46.2999, 0, 0, 0, 0, 0, 0, 0, 0, 0, 0, 0
301911, 46.2999, 0, 0, 0, 0, 0, 0, 0, 0, 0, 0, 0
301920, 46.2999, 0, 0, 0, 0, 0, 0, 0, 0, 0, 0, 0
301930, 46.2999, 0, 0, 0, 0, 0, 0, 0, 0, 0, 0, 0
301940, 46.2999, 0, 0, 0, 0, 0, 0, 0, 0, 0, 0, 0
301950, 46.2999, 0, 0, 0, 0, 0, 0, 0, 0, 0, 0, 0
301960, 46.2999, 0, 0, 0, 0, 0, 0, 0, 0, 0, 0, 0
301970, 46.2999, 0, 0, 0, 0, 0, 0, 0, 0, 0, 0, 0
301980, 46.2999, 0, 0, 0, 0, 0, 0, 0, 0, 0, 0, 0
301990, 46.2999, 0, 0, 0, 0, 0, 0, 0, 0, 0, 0, 0
302000, 46.2999, 0, 0, 0, 0, 0, 0, 0, 0, 0, 0, 0
302010, 46.2999, 0, 0, 0, 0, 0, 0, 0, 0, 0, 0, 0
302020, 46.2999, 0, 0, 0, 0, 0, 0, 0, 0, 0, 0, 0
302030, 46.2999, 0, 0, 0, 0, 0, 0, 0, 0, 0, 0, 0
302041, 46.2999, 0, 0, 0, 0, 0, 0, 0, 0, 0, 0, 0
302050, 46.2999, 0, 0, 0, 0, 0, 0, 0, 0, 0, 0, 0
302060, 46.2999, 0, 0, 0, 0, 0, 0, 0, 0, 0, 0, 0
302070, 46.2999, 0, 0, 0, 0, 0, 0, 0, 0, 0, 0, 0
302081, 46.2999, 0, 0, 0, 0, 0, 0, 0, 0, 0, 0, 0
302090, 46.2999, 0, 0, 0, 0, 0, 0, 0, 0, 0, 0, 0
302100, 46.2999, 0, 0, 0, 0, 0, 0, 0, 0, 0, 0, 0
302110, 46.2999, 0, 0, 0, 0, 0, 0, 0, 0, 0, 0, 0
302120, 46.2999, 0, 0, 0, 0, 0, 0, 0, 0, 0, 0, 0
302130, 46.2999, 0, 0, 0, 0, 0, 0, 0, 0, 0, 0, 0
302140, 46.2999, 0, 0, 0, 0, 0, 0, 0, 0, 0, 0, 0
302150, 46.2999, 0, 0, 0, 0, 0, 0, 0, 0, 0, 0, 0
302160, 46.2999, 0, 0, 0, 0, 0, 0, 0, 0, 0, 0, 0
302170, 46.2999, 0, 0, 0, 0, 0, 0, 0, 0, 0, 0, 0
302180, 46.2999, 0, 0, 0, 0, 0, 0, 0, 0, 0, 0, 0
302190, 46.2999, 0, 0, 0, 0, 0, 0, 0, 0, 0, 0, 0
302200, 46.2999, 0, 0, 0, 0, 0, 0, 0, 0, 0, 0, 0
302211, 46.2999, 0, 0, 0, 0, 0, 0, 0, 0, 0, 0, 0
302220, 46.2999, 0, 0, 0, 0, 0, 0, 0, 0, 0, 0, 0
302230, 46.2999, 0, 0, 0, 0, 0, 0, 0, 0, 0, 0, 0
302240, 46.2999, 0, 0, 0, 0, 0, 0, 0, 0, 0, 0, 0
302251, 46.2999, 0, 0, 0, 0, 0, 0, 0, 0, 0, 0, 0
302260, 46.2999, 0, 0, 0, 0, 0, 0, 0, 0, 0, 0, 0
302270, 46.2999, 0, 0, 0, 0, 0, 0, 0, 0, 0, 0, 0
302280, 46.2999, 0, 0, 0, 0, 0, 0, 0, 0, 0, 0, 0
302290, 46.2999, 0, 0, 0, 0, 0, 0, 0, 0, 0, 0, 0
302300, 46.2999, 0, 0, 0, 0, 0, 0, 0, 0, 0, 0, 0
302310, 46.2999, 0, 0, 0, 0, 0, 0, 0, 0, 0, 0, 0
302320, 46.2999, 0, 0, 0, 0, 0, 0, 0, 0, 0, 0, 0
302330, 46.2999, 0, 0, 0, 0, 0, 0, 0, 0, 0, 0, 0
302340, 46.2999, 0, 0, 0, 0, 0, 0, 0, 0, 0, 0, 0
302350, 46.2999, 0, 0, 0, 0, 0, 0, 0, 0, 0, 0, 0
302360, 46.2999, 0, 0, 0, 0, 0, 0, 0, 0, 0, 0, 0
302370, 46.2999, 0, 0, 0, 0, 0, 0, 0, 0, 0, 0, 0
302381, 46.2999, 0, 0, 0, 0, 0, 0, 0, 0, 0, 0, 0
302390, 46.2999, 0, 0, 0, 0, 0, 0, 0, 0, 0, 0, 0
302400, 46.2999, 0, 0, 0, 0, 0, 0, 0, 0, 0, 0, 0
302410, 46.2999, 0, 0, 0, 0, 0, 0, 0, 0, 0, 0, 0
302420, 46.2999, 0, 0, 0, 0, 0, 0, 0, 0, 0, 0, 0
302430, 46.2999, 0, 0, 0, 0, 0, 0, 0, 0, 0, 0, 0
302440, 46.2999, 0, 0, 0, 0, 0, 0, 0, 0, 0, 0, 0
302450, 46.2999, 0, 0, 0, 0, 0, 0, 0, 0, 0, 0, 0
302460, 46.2999, 0, 0, 0, 0, 0, 0, 0, 0, 0, 0, 0
302470, 46.2999, 0, 0, 0, 0, 0, 0, 0, 0, 0, 0, 0
302480, 46.2999, 0, 0, 0, 0, 0, 0, 0, 0, 0, 0, 0
302490, 46.2999, 0, 0, 0, 0, 0, 0, 0, 0, 0, 0, 0
302500, 46.2999, 0, 0, 0, 0, 0, 0, 0, 0, 0, 0, 0
302511, 46.2999, 0, 0, 0, 0, 0, 0, 0, 0, 0, 0, 0
302520, 46.2999, 0, 0, 0, 0, 0, 0, 0, 0, 0, 0, 0
302530, 46.2999, 0, 0, 0, 0, 0, 0, 0, 0, 0, 0, 0
302540, 46.2999, 0, 0, 0, 0, 0, 0, 0, 0, 0, 0, 0
302551, 46.2999, 0, 0, 0, 0, 0, 0, 0, 0, 0, 0, 0
302560, 46.2999, 0, 0, 0, 0, 0, 0, 0, 0, 0, 0, 0
302570, 46.2999, 0, 0, 0, 0, 0, 0, 0, 0, 0, 0, 0
302580, 46.2999, 0, 0, 0, 0, 0, 0, 0, 0, 0, 0, 0
302590, 46.2999, 0, 0, 0, 0, 0, 0, 0, 0, 0, 0, 0
302600, 46.2999, 0, 0, 0, 0, 0, 0, 0, 0, 0, 0, 0
302610, 46.2999, 0, 0, 0, 0, 0, 0, 0, 0, 0, 0, 0
302620, 46.2999, 0, 0, 0, 0, 0, 0, 0, 0, 0, 0, 0
302630, 46.2999, 0, 0, 0, 0, 0, 0, 0, 0, 0, 0, 0
302640, 46.2999, 0, 0, 0, 0, 0, 0, 0, 0, 0, 0, 0
302650, 46.2999, 0, 0, 0, 0, 0, 0, 0, 0, 0, 0, 0
302660, 46.2999, 0, 0, 0, 0, 0, 0, 0, 0, 0, 0, 0
302670, 46.2999, 0, 0, 0, 0, 0, 0, 0, 0, 0, 0, 0
302681, 46.2999, 0, 0, 0, 0, 0, 0, 0, 0, 0, 0, 0
302690, 46.2999, 0, 0, 0, 0, 0, 0, 0, 0, 0, 0, 0
302700, 46.2999, 0, 0, 0, 0, 0, 0, 0, 0, 0, 0, 0
302710, 46.2999, 0, 0, 0, 0, 0, 0, 0, 0, 0, 0, 0
302721, 46.2999, 0, 0, 0, 0, 0, 0, 0, 0, 0, 0, 0
302730, 46.2999, 0, 0, 0, 0, 0, 0, 0, 0, 0, 0, 0
302740, 46.2999, 0, 0, 0, 0, 0, 0, 0, 0, 0, 0, 0
302750, 46.2999, 0, 0, 0, 0, 0, 0, 0, 0, 0, 0, 0
302760, 46.2999, 0, 0, 0, 0, 0, 0, 0, 0, 0, 0, 0
302770, 46.2999, 0, 0, 0, 0, 0, 0, 0, 0, 0, 0, 0
302780, 46.2999, 0, 0, 0, 0, 0, 0, 0, 0, 0, 0, 0
302790, 46.2999, 0, 0, 0, 0, 0, 0, 0, 0, 0, 0, 0
302800, 46.2999, 0, 0, 0, 0, 0, 0, 0, 0, 0, 0, 0
302810, 46.2999, 0, 0, 0, 0, 0, 0, 0, 0, 0, 0, 0
302820, 46.2999, 0, 0, 0, 0, 0, 0, 0, 0, 0, 0, 0
302830, 46.2999, 0, 0, 0, 0, 0, 0, 0, 0, 0, 0, 0
302840, 46.2999, 0, 0, 0, 0, 0, 0, 0, 0, 0, 0, 0
302851, 46.2999, 0, 0, 0, 0, 0, 0, 0, 0, 0, 0, 0
302860, 46.2999, 0, 0, 0, 0, 0, 0, 0, 0, 0, 0, 0
302870, 46.2999, 0, 0, 0, 0, 0, 0, 0, 0, 0, 0, 0
302880, 46.2999, 0, 0, 0, 0, 0, 0, 0, 0, 0, 0, 0
302891, 46.2999, 0, 0, 0, 0, 0, 0, 0, 0, 0, 0, 0
302900, 46.2999, 0, 0, 0, 0, 0, 0, 0, 0, 0, 0, 0
302910, 46.2999, 0, 0, 0, 0, 0, 0, 0, 0, 0, 0, 0
302920, 46.2999, 0, 0, 0, 0, 0, 0, 0, 0, 0, 0, 0
302930, 46.2999, 0, 0, 0, 0, 0, 0, 0, 0, 0, 0, 0
302940, 46.2999, 0, 0, 0, 0, 0, 0, 0, 0, 0, 0, 0
302950, 46.2999, 0, 0, 0, 0, 0, 0, 0, 0, 0, 0, 0
302960, 46.2999, 0, 0, 0, 0, 0, 0, 0, 0, 0, 0, 0
302970, 46.2999, 0, 0, 0, 0, 0, 0, 0, 0, 0, 0, 0
302981, 46.2999, 0, 0, 0, 0, 0, 0, 0, 0, 0, 0, 0
302990, 46.2999, 0, 0, 0, 0, 0, 0, 0, 0, 0, 0, 0
303000, 46.2999, 0, 0, 0, 0, 0, 0, 0, 0, 0, 0, 0
303010, 46.2999, 0, 0, 0, 0, 0, 0, 0, 0, 0, 0, 0
303021, 46.2999, 0, 0, 0, 0, 0, 0, 0, 0, 0, 0, 0
303030, 46.2999, 0, 0, 0, 0, 0, 0, 0, 0, 0, 0, 0
303040, 46.2999, 0, 0, 0, 0, 0, 0, 0, 0, 0, 0, 0
303050, 46.2999, 0, 0, 0, 0, 0, 0, 0, 0, 0, 0, 0
303060, 46.2999, 0, 0, 0, 0, 0, 0, 0, 0, 0, 0, 0
303070, 46.2999, 0, 0, 0, 0, 0, 0, 0, 0, 0, 0, 0
303080, 46.2999, 0, 0, 0, 0, 0, 0, 0, 0, 0, 0, 0
303090, 46.2999, 0, 0, 0, 0, 0, 0, 0, 0, 0, 0, 0
303100, 46.2999, 0, 0, 0, 0, 0, 0, 0, 0, 0, 0, 0
303110, 46.2999, 0, 0, 0, 0, 0, 0, 0, 0, 0, 0, 0
303120, 46.2999, 0, 0, 0, 0, 0, 0, 0, 0, 0, 0, 0
303130, 46.2999, 0, 0, 0, 0, 0, 0, 0, 0, 0, 0, 0
303140, 46.2999, 0, 0, 0, 0, 0, 0, 0, 0, 0, 0, 0
303151, 46.2999, 0, 0, 0, 0, 0, 0, 0, 0, 0, 0, 0
303160, 46.2999, 0, 0, 0, 0, 0, 0, 0, 0, 0, 0, 0
303170, 46.2999, 0, 0, 0, 0, 0, 0, 0, 0, 0, 0, 0
303180, 46.2999, 0, 0, 0, 0, 0, 0, 0, 0, 0, 0, 0
303191, 46.2999, 0, 0, 0, 0, 0, 0, 0, 0, 0, 0, 0
303200, 46.2999, 0, 0, 0, 0, 0, 0, 0, 0, 0, 0, 0
303210, 46.2999, 0, 0, 0, 0, 0, 0, 0, 0, 0, 0, 0
303220, 46.2999, 0, 0, 0, 0, 0, 0, 0, 0, 0, 0, 0
303230, 46.2999, 0, 0, 0, 0, 0, 0, 0, 0, 0, 0, 0
303240, 46.2999, 0, 0, 0, 0, 0, 0, 0, 0, 0, 0, 0
303250, 46.2999, 0, 0, 0, 0, 0, 0, 0, 0, 0, 0, 0
303260, 46.2999, 0, 0, 0, 0, 0, 0, 0, 0, 0, 0, 0
303270, 46.2999, 0, 0, 0, 0, 0, 0, 0, 0, 0, 0, 0
303280, 46.2999, 0, 0, 0, 0, 0, 0, 0, 0, 0, 0, 0
303290, 46.2999, 0, 0, 0, 0, 0, 0, 0, 0, 0, 0, 0
303300, 46.2999, 0, 0, 0, 0, 0, 0, 0, 0, 0, 0, 0
303310, 46.2999, 0, 0, 0, 0, 0, 0, 0, 0, 0, 0, 0
303321, 46.2999, 0, 0, 0, 0, 0, 0, 0, 0, 0, 0, 0
303330, 46.2999, 0, 0, 0, 0, 0, 0, 0, 0, 0, 0, 0
303340, 46.2999, 0, 0, 0, 0, 0, 0, 0, 0, 0, 0, 0
303350, 46.2999, 0, 0, 0, 0, 0, 0, 0, 0, 0, 0, 0
303361, 46.2999, 0, 0, 0, 0, 0, 0, 0, 0, 0, 0, 0
303370, 46.2999, 0, 0, 0, 0, 0, 0, 0, 0, 0, 0, 0
303380, 46.2999, 0, 0, 0, 0, 0, 0, 0, 0, 0, 0, 0
303390, 46.2999, 0, 0, 0, 0, 0, 0, 0, 0, 0, 0, 0
303400, 46.2999, 0, 0, 0, 0, 0, 0, 0, 0, 0, 0, 0
303410, 46.2999, 0, 0, 0, 0, 0, 0, 0, 0, 0, 0, 0
303420, 46.2999, 0, 0, 0, 0, 0, 0, 0, 0, 0, 0, 0
303430, 46.2999, 0, 0, 0, 0, 0, 0, 0, 0, 0, 0, 0
303440, 46.2999, 0, 0, 0, 0, 0, 0, 0, 0, 0, 0, 0
303450, 46.2999, 0, 0, 0, 0, 0, 0, 0, 0, 0, 0, 0
303460, 46.2999, 0, 0, 0, 0, 0, 0, 0, 0, 0, 0, 0
303470, 46.2999, 0, 0, 0, 0, 0, 0, 0, 0, 0, 0, 0
303480, 46.2999, 0, 0, 0, 0, 0, 0, 0, 0, 0, 0, 0
303491, 46.2999, 0, 0, 0, 0, 0, 0, 0, 0, 0, 0, 0
303500, 46.2999, 0, 0, 0, 0, 0, 0, 0, 0, 0, 0, 0
303510, 46.2999, 0, 0, 0, 0, 0, 0, 0, 0, 0, 0, 0
303520, 46.2999, 0, 0, 0, 0, 0, 0, 0, 0, 0, 0, 0
303531, 46.2999, 0, 0, 0, 0, 0, 0, 0, 0, 0, 0, 0
303540, 46.2999, 0, 0, 0, 0, 0, 0, 0, 0, 0, 0, 0
303550, 46.2999, 0, 0, 0, 0, 0, 0, 0, 0, 0, 0, 0
303560, 46.2999, 0, 0, 0, 0, 0, 0, 0, 0, 0, 0, 0
303570, 46.2999, 0, 0, 0, 0, 0, 0, 0, 0, 0, 0, 0
303580, 46.2999, 0, 0, 0, 0, 0, 0, 0, 0, 0, 0, 0
303590, 46.2999, 0, 0, 0, 0, 0, 0, 0, 0, 0, 0, 0
303600, 46.2999, 0, 0, 0, 0, 0, 0, 0, 0, 0, 0, 0
303610, 46.2999, 0, 0, 0, 0, 0, 0, 0, 0, 0, 0, 0
303621, 46.2999, 0, 0, 0, 0, 0, 0, 0, 0, 0, 0, 0
303630, 46.2999, 0, 0, 0, 0, 0, 0, 0, 0, 0, 0, 0
303640, 46.2999, 0, 0, 0, 0, 0, 0, 0, 0, 0, 0, 0
303650, 46.2999, 0, 0, 0, 0, 0, 0, 0, 0, 0, 0, 0
303661, 46.2999, 0, 0, 0, 0, 0, 0, 0, 0, 0, 0, 0
303670, 46.2999, 0, 0, 0, 0, 0, 0, 0, 0, 0, 0, 0
303680, 46.2999, 0, 0, 0, 0, 0, 0, 0, 0, 0, 0, 0
303690, 46.2999, 0, 0, 0, 0, 0, 0, 0, 0, 0, 0, 0
303700, 46.2999, 0, 0, 0, 0, 0, 0, 0, 0, 0, 0, 0
303710, 46.2999, 0, 0, 0, 0, 0, 0, 0, 0, 0, 0, 0
303720, 46.2999, 0, 0, 0, 0, 0, 0, 0, 0, 0, 0, 0
303730, 46.2999, 0, 0, 0, 0, 0, 0, 0, 0, 0, 0, 0
303740, 46.2999, 0, 0, 0, 0, 0, 0, 0, 0, 0, 0, 0
303750, 46.2999, 0, 0, 0, 0, 0, 0, 0, 0, 0, 0, 0
303760, 46.2999, 0, 0, 0, 0, 0, 0, 0, 0, 0, 0, 0
303770, 46.2999, 0, 0, 0, 0, 0, 0, 0, 0, 0, 0, 0
303780, 46.2999, 0, 0, 0, 0, 0, 0, 0, 0, 0, 0, 0
303791, 46.2999, 0, 0, 0, 0, 0, 0, 0, 0, 0, 0, 0
303800, 46.2999, 0, 0, 0, 0, 0, 0, 0, 0, 0, 0, 0
303810, 46.2999, 0, 0, 0, 0, 0, 0, 0, 0, 0, 0, 0
303820, 46.2999, 0, 0, 0, 0, 0, 0, 0, 0, 0, 0, 0
303831, 46.2999, 0, 0, 0, 0, 0, 0, 0, 0, 0, 0, 0
303840, 46.2999, 0, 0, 0, 0, 0, 0, 0, 0, 0, 0, 0
303850, 46.2999, 0, 0, 0, 0, 0, 0, 0, 0, 0, 0, 0
303860, 46.2999, 0, 0, 0, 0, 0, 0, 0, 0, 0, 0, 0
303870, 46.2999, 0, 0, 0, 0, 0, 0, 0, 0, 0, 0, 0
303880, 46.2999, 0, 0, 0, 0, 0, 0, 0, 0, 0, 0, 0
303890, 46.2999, 0, 0, 0, 0, 0, 0, 0, 0, 0, 0, 0
303900, 46.2999, 0, 0, 0, 0, 0, 0, 0, 0, 0, 0, 0
303910, 46.2999, 0, 0, 0, 0, 0, 0, 0, 0, 0, 0, 0
303920, 46.2999, 0, 0, 0, 0, 0, 0, 0, 0, 0, 0, 0
303930, 46.2999, 0, 0, 0, 0, 0, 0, 0, 0, 0, 0, 0
303940, 46.2999, 0, 0, 0, 0, 0, 0, 0, 0, 0, 0, 0
303950, 46.2999, 0, 0, 0, 0, 0, 0, 0, 0, 0, 0, 0
303961, 46.2999, 0, 0, 0, 0, 0, 0, 0, 0, 0, 0, 0
303970, 46.2999, 0, 0, 0, 0, 0, 0, 0, 0, 0, 0, 0
303980, 46.2999, 0, 0, 0, 0, 0, 0, 0, 0, 0, 0, 0
303990, 46.2999, 0, 0, 0, 0, 0, 0, 0, 0, 0, 0, 0
304001, 46.2999, 0, 0, 0, 0, 0, 0, 0, 0, 0, 0, 0
304010, 46.2999, 0, 0, 0, 0, 0, 0, 0, 0, 0, 0, 0
304020, 46.2999, 0, 0, 0, 0, 0, 0, 0, 0, 0, 0, 0
304030, 46.2999, 0, 0, 0, 0, 0, 0, 0, 0, 0, 0, 0
304040, 46.2999, 0, 0, 0, 0, 0, 0, 0, 0, 0, 0, 0
304050, 46.2999, 0, 0, 0, 0, 0, 0, 0, 0, 0, 0, 0
304060, 46.2999, 0, 0, 0, 0, 0, 0, 0, 0, 0, 0, 0
304070, 46.2999, 0, 0, 0, 0, 0, 0, 0, 0, 0, 0, 0
304080, 46.2999, 0, 0, 0, 0, 0, 0, 0, 0, 0, 0, 0
304090, 46.2999, 0, 0, 0, 0, 0, 0, 0, 0, 0, 0, 0
304100, 46.2999, 0, 0, 0, 0, 0, 0, 0, 0, 0, 0, 0
304110, 46.2999, 0, 0, 0, 0, 0, 0, 0, 0, 0, 0, 0
304120, 46.2999, 0, 0, 0, 0, 0, 0, 0, 0, 0, 0, 0
304131, 46.2999, 0, 0, 0, 0, 0, 0, 0, 0, 0, 0, 0
304140, 46.2999, 0, 0, 0, 0, 0, 0, 0, 0, 0, 0, 0
304150, 46.2999, 0, 0, 0, 0, 0, 0, 0, 0, 0, 0, 0
304160, 46.2999, 0, 0, 0, 0, 0, 0, 0, 0, 0, 0, 0
304171, 46.2999, 0, 0, 0, 0, 0, 0, 0, 0, 0, 0, 0
304180, 46.2999, 0, 0, 0, 0, 0, 0, 0, 0, 0, 0, 0
304190, 46.2999, 0, 0, 0, 0, 0, 0, 0, 0, 0, 0, 0
304200, 46.2999, 0, 0, 0, 0, 0, 0, 0, 0, 0, 0, 0
304210, 46.2999, 0, 0, 0, 0, 0, 0, 0, 0, 0, 0, 0
304220, 46.2999, 0, 0, 0, 0, 0, 0, 0, 0, 0, 0, 0
304230, 46.2999, 0, 0, 0, 0, 0, 0, 0, 0, 0, 0, 0
304240, 46.2999, 0, 0, 0, 0, 0, 0, 0, 0, 0, 0, 0
304250, 46.2999, 0, 0, 0, 0, 0, 0, 0, 0, 0, 0, 0
304261, 46.2999, 0, 0, 0, 0, 0, 0, 0, 0, 0, 0, 0
304270, 46.2999, 0, 0, 0, 0, 0, 0, 0, 0, 0, 0, 0
304280, 46.2999, 0, 0, 0, 0, 0, 0, 0, 0, 0, 0, 0
304290, 46.2999, 0, 0, 0, 0, 0, 0, 0, 0, 0, 0, 0
304301, 46.2999, 0, 0, 0, 0, 0, 0, 0, 0, 0, 0, 0
304310, 46.2999, 0, 0, 0, 0, 0, 0, 0, 0, 0, 0, 0
304320, 46.2999, 0, 0, 0, 0, 0, 0, 0, 0, 0, 0, 0
304330, 46.2999, 0, 0, 0, 0, 0, 0, 0, 0, 0, 0, 0
304340, 46.2999, 0, 0, 0, 0, 0, 0, 0, 0, 0, 0, 0
304350, 46.2999, 0, 0, 0, 0, 0, 0, 0, 0, 0, 0, 0
304360, 46.2999, 0, 0, 0, 0, 0, 0, 0, 0, 0, 0, 0
304370, 46.2999, 0, 0, 0, 0, 0, 0, 0, 0, 0, 0, 0
304380, 46.2999, 0, 0, 0, 0, 0, 0, 0, 0, 0, 0, 0
304390, 46.2999, 0, 0, 0, 0, 0, 0, 0, 0, 0, 0, 0
304400, 46.2999, 0, 0, 0, 0, 0, 0, 0, 0, 0, 0, 0
304410, 46.2999, 0, 0, 0, 0, 0, 0, 0, 0, 0, 0, 0
304420, 46.2999, 0, 0, 0, 0, 0, 0, 0, 0, 0, 0, 0
304431, 46.2999, 0, 0, 0, 0, 0, 0, 0, 0, 0, 0, 0
304440, 46.2999, 0, 0, 0, 0, 0, 0, 0, 0, 0, 0, 0
304450, 46.2999, 0, 0, 0, 0, 0, 0, 0, 0, 0, 0, 0
304460, 46.2999, 0, 0, 0, 0, 0, 0, 0, 0, 0, 0, 0
304471, 46.2999, 0, 0, 0, 0, 0, 0, 0, 0, 0, 0, 0
304480, 46.2999, 0, 0, 0, 0, 0, 0, 0, 0, 0, 0, 0
304490, 46.2999, 0, 0, 0, 0, 0, 0, 0, 0, 0, 0, 0
304500, 46.2999, 0, 0, 0, 0, 0, 0, 0, 0, 0, 0, 0
304510, 46.2999, 0, 0, 0, 0, 0, 0, 0, 0, 0, 0, 0
304520, 46.2999, 0, 0, 0, 0, 0, 0, 0, 0, 0, 0, 0
304530, 46.2999, 0, 0, 0, 0, 0, 0, 0, 0, 0, 0, 0
304540, 46.2999, 0, 0, 0, 0, 0, 0, 0, 0, 0, 0, 0
304550, 46.2999, 0, 0, 0, 0, 0, 0, 0, 0, 0, 0, 0
304560, 46.2999, 0, 0, 0, 0, 0, 0, 0, 0, 0, 0, 0
304570, 46.2999, 0, 0, 0, 0, 0, 0, 0, 0, 0, 0, 0
304580, 46.2999, 0, 0, 0, 0, 0, 0, 0, 0, 0, 0, 0
304590, 46.2999, 0, 0, 0, 0, 0, 0, 0, 0, 0, 0, 0
304601, 46.2999, 0, 0, 0, 0, 0, 0, 0, 0, 0, 0, 0
304610, 46.2999, 0, 0, 0, 0, 0, 0, 0, 0, 0, 0, 0
304620, 46.2999, 0, 0, 0, 0, 0, 0, 0, 0, 0, 0, 0
304630, 46.2999, 0, 0, 0, 0, 0, 0, 0, 0, 0, 0, 0
304641, 46.2999, 0, 0, 0, 0, 0, 0, 0, 0, 0, 0, 0
304650, 46.2999, 0, 0, 0, 0, 0, 0, 0, 0, 0, 0, 0
304660, 46.2999, 0, 0, 0, 0, 0, 0, 0, 0, 0, 0, 0
304670, 46.2999, 0, 0, 0, 0, 0, 0, 0, 0, 0, 0, 0
304680, 46.2999, 0, 0, 0, 0, 0, 0, 0, 0, 0, 0, 0
304690, 46.2999, 0, 0, 0, 0, 0, 0, 0, 0, 0, 0, 0
304700, 46.2999, 0, 0, 0, 0, 0, 0, 0, 0, 0, 0, 0
304710, 46.2999, 0, 0, 0, 0, 0, 0, 0, 0, 0, 0, 0
304720, 46.2999, 0, 0, 0, 0, 0, 0, 0, 0, 0, 0, 0
304730, 46.2999, 0, 0, 0, 0, 0, 0, 0, 0, 0, 0, 0
304740, 46.2999, 0, 0, 0, 0, 0, 0, 0, 0, 0, 0, 0
304750, 46.2999, 0, 0, 0, 0, 0, 0, 0, 0, 0, 0, 0
304760, 46.2999, 0, 0, 0, 0, 0, 0, 0, 0, 0, 0, 0
304771, 46.2999, 0, 0, 0, 0, 0, 0, 0, 0, 0, 0, 0
304780, 46.2999, 0, 0, 0, 0, 0, 0, 0, 0, 0, 0, 0
304790, 46.2999, 0, 0, 0, 0, 0, 0, 0, 0, 0, 0, 0
304800, 46.2999, 0, 0, 0, 0, 0, 0, 0, 0, 0, 0, 0
304811, 46.2999, 0, 0, 0, 0, 0, 0, 0, 0, 0, 0, 0
304820, 46.2999, 0, 0, 0, 0, 0, 0, 0, 0, 0, 0, 0
304830, 46.2999, 0, 0, 0, 0, 0, 0, 0, 0, 0, 0, 0
304840, 46.2999, 0, 0, 0, 0, 0, 0, 0, 0, 0, 0, 0
304850, 46.2999, 0, 0, 0, 0, 0, 0, 0, 0, 0, 0, 0
304860, 46.2999, 0, 0, 0, 0, 0, 0, 0, 0, 0, 0, 0
304870, 46.2999, 0, 0, 0, 0, 0, 0, 0, 0, 0, 0, 0
304880, 46.2999, 0, 0, 0, 0, 0, 0, 0, 0, 0, 0, 0
304890, 46.2999, 0, 0, 0, 0, 0, 0, 0, 0, 0, 0, 0
304901, 46.2999, 0, 0, 0, 0, 0, 0, 0, 0, 0, 0, 0
304910, 46.2999, 0, 0, 0, 0, 0, 0, 0, 0, 0, 0, 0
304920, 46.2999, 0, 0, 0, 0, 0, 0, 0, 0, 0, 0, 0
304930, 46.2999, 0, 0, 0, 0, 0, 0, 0, 0, 0, 0, 0
304941, 46.2999, 0, 0, 0, 0, 0, 0, 0, 0, 0, 0, 0
304950, 46.2999, 0, 0, 0, 0, 0, 0, 0, 0, 0, 0, 0
304960, 46.2999, 0, 0, 0, 0, 0, 0, 0, 0, 0, 0, 0
304970, 46.2999, 0, 0, 0, 0, 0, 0, 0, 0, 0, 0, 0
304980, 46.2999, 0, 0, 0, 0, 0, 0, 0, 0, 0, 0, 0
304990, 46.2999, 0, 0, 0, 0, 0, 0, 0, 0, 0, 0, 0
305000, 46.2999, 0, 0, 0, 0, 0, 0, 0, 0, 0, 0, 0
305010, 46.2999, 0, 0, 0, 0, 0, 0, 0, 0, 0, 0, 0
305020, 46.2999, 0, 0, 0, 0, 0, 0, 0, 0, 0, 0, 0
305030, 46.2999, 0, 0, 0, 0, 0, 0, 0, 0, 0, 0, 0
305040, 46.2999, 0, 0, 0, 0, 0, 0, 0, 0, 0, 0, 0
305050, 46.2999, 0, 0, 0, 0, 0, 0, 0, 0, 0, 0, 0
305060, 46.2999, 0, 0, 0, 0, 0, 0, 0, 0, 0, 0, 0
305071, 46.2999, 0, 0, 0, 0, 0, 0, 0, 0, 0, 0, 0
305080, 46.2999, 0, 0, 0, 0, 0, 0, 0, 0, 0, 0, 0
305090, 46.2999, 0, 0, 0, 0, 0, 0, 0, 0, 0, 0, 0
305100, 46.2999, 0, 0, 0, 0, 0, 0, 0, 0, 0, 0, 0
305111, 46.2999, 0, 0, 0, 0, 0, 0, 0, 0, 0, 0, 0
305120, 46.2999, 0, 0, 0, 0, 0, 0, 0, 0, 0, 0, 0
305130, 46.2999, 0, 0, 0, 0, 0, 0, 0, 0, 0, 0, 0
305140, 46.2999, 0, 0, 0, 0, 0, 0, 0, 0, 0, 0, 0
305150, 46.2999, 0, 0, 0, 0, 0, 0, 0, 0, 0, 0, 0
305160, 46.2999, 0, 0, 0, 0, 0, 0, 0, 0, 0, 0, 0
305170, 46.2999, 0, 0, 0, 0, 0, 0, 0, 0, 0, 0, 0
305180, 46.2999, 0, 0, 0, 0, 0, 0, 0, 0, 0, 0, 0
305190, 46.2999, 0, 0, 0, 0, 0, 0, 0, 0, 0, 0, 0
305200, 46.2999, 0, 0, 0, 0, 0, 0, 0, 0, 0, 0, 0
305210, 46.2999, 0, 0, 0, 0, 0, 0, 0, 0, 0, 0, 0
305220, 46.2999, 0, 0, 0, 0, 0, 0, 0, 0, 0, 0, 0
305230, 46.2999, 0, 0, 0, 0, 0, 0, 0, 0, 0, 0, 0
305241, 46.2999, 0, 0, 0, 0, 0, 0, 0, 0, 0, 0, 0
305250, 46.2999, 0, 0, 0, 0, 0, 0, 0, 0, 0, 0, 0
305260, 46.2999, 0, 0, 0, 0, 0, 0, 0, 0, 0, 0, 0
305270, 46.2999, 0, 0, 0, 0, 0, 0, 0, 0, 0, 0, 0
305281, 46.2999, 0, 0, 0, 0, 0, 0, 0, 0, 0, 0, 0
305290, 46.2999, 0, 0, 0, 0, 0, 0, 0, 0, 0, 0, 0
305300, 46.2999, 0, 0, 0, 0, 0, 0, 0, 0, 0, 0, 0
305310, 46.2999, 0, 0, 0, 0, 0, 0, 0, 0, 0, 0, 0
305320, 46.2999, 0, 0, 0, 0, 0, 0, 0, 0, 0, 0, 0
305330, 46.2999, 0, 0, 0, 0, 0, 0, 0, 0, 0, 0, 0
305340, 46.2999, 0, 0, 0, 0, 0, 0, 0, 0, 0, 0, 0
305350, 46.2999, 0, 0, 0, 0, 0, 0, 0, 0, 0, 0, 0
305360, 46.2999, 0, 0, 0, 0, 0, 0, 0, 0, 0, 0, 0
305370, 46.2999, 0, 0, 0, 0, 0, 0, 0, 0, 0, 0, 0
305380, 46.2999, 0, 0, 0, 0, 0, 0, 0, 0, 0, 0, 0
305390, 46.2999, 0, 0, 0, 0, 0, 0, 0, 0, 0, 0, 0
305400, 46.2999, 0, 0, 0, 0, 0, 0, 0, 0, 0, 0, 0
305411, 46.2999, 0, 0, 0, 0, 0, 0, 0, 0, 0, 0, 0
305420, 46.2999, 0, 0, 0, 0, 0, 0, 0, 0, 0, 0, 0
305430, 46.2999, 0, 0, 0, 0, 0, 0, 0, 0, 0, 0, 0
305440, 46.2999, 0, 0, 0, 0, 0, 0, 0, 0, 0, 0, 0
305451, 46.2999, 0, 0, 0, 0, 0, 0, 0, 0, 0, 0, 0
305460, 46.2999, 0, 0, 0, 0, 0, 0, 0, 0, 0, 0, 0
305470, 46.2999, 0, 0, 0, 0, 0, 0, 0, 0, 0, 0, 0
305480, 46.2999, 0, 0, 0, 0, 0, 0, 0, 0, 0, 0, 0
305490, 46.2999, 0, 0, 0, 0, 0, 0, 0, 0, 0, 0, 0
305500, 46.2999, 0, 0, 0, 0, 0, 0, 0, 0, 0, 0, 0
305510, 46.2999, 0, 0, 0, 0, 0, 0, 0, 0, 0, 0, 0
305520, 46.2999, 0, 0, 0, 0, 0, 0, 0, 0, 0, 0, 0
305530, 46.2999, 0, 0, 0, 0, 0, 0, 0, 0, 0, 0, 0
305541, 46.2999, 0, 0, 0, 0, 0, 0, 0, 0, 0, 0, 0
305550, 46.2999, 0, 0, 0, 0, 0, 0, 0, 0, 0, 0, 0
305560, 46.2999, 0, 0, 0, 0, 0, 0, 0, 0, 0, 0, 0
305570, 46.2999, 0, 0, 0, 0, 0, 0, 0, 0, 0, 0, 0
305581, 46.2999, 0, 0, 0, 0, 0, 0, 0, 0, 0, 0, 0
305590, 46.2999, 0, 0, 0, 0, 0, 0, 0, 0, 0, 0, 0
305600, 46.2999, 0, 0, 0, 0, 0, 0, 0, 0, 0, 0, 0
305610, 46.2999, 0, 0, 0, 0, 0, 0, 0, 0, 0, 0, 0
305620, 46.2999, 0, 0, 0, 0, 0, 0, 0, 0, 0, 0, 0
305630, 46.2999, 0, 0, 0, 0, 0, 0, 0, 0, 0, 0, 0
305640, 46.2999, 0, 0, 0, 0, 0, 0, 0, 0, 0, 0, 0
305650, 46.2999, 0, 0, 0, 0, 0, 0, 0, 0, 0, 0, 0
305660, 46.2999, 0, 0, 0, 0, 0, 0, 0, 0, 0, 0, 0
305670, 46.2999, 0, 0, 0, 0, 0, 0, 0, 0, 0, 0, 0
305680, 46.2999, 0, 0, 0, 0, 0, 0, 0, 0, 0, 0, 0
305690, 46.2999, 0, 0, 0, 0, 0, 0, 0, 0, 0, 0, 0
305700, 46.2999, 0, 0, 0, 0, 0, 0, 0, 0, 0, 0, 0
305711, 46.2999, 0, 0, 0, 0, 0, 0, 0, 0, 0, 0, 0
305720, 46.2999, 0, 0, 0, 0, 0, 0, 0, 0, 0, 0, 0
305730, 46.2999, 0, 0, 0, 0, 0, 0, 0, 0, 0, 0, 0
305740, 46.2999, 0, 0, 0, 0, 0, 0, 0, 0, 0, 0, 0
305751, 46.2999, 0, 0, 0, 0, 0, 0, 0, 0, 0, 0, 0
305760, 46.2999, 0, 0, 0, 0, 0, 0, 0, 0, 0, 0, 0
305770, 46.2999, 0, 0, 0, 0, 0, 0, 0, 0, 0, 0, 0
305780, 46.2999, 0, 0, 0, 0, 0, 0, 0, 0, 0, 0, 0
305790, 46.2999, 0, 0, 0, 0, 0, 0, 0, 0, 0, 0, 0
305800, 46.2999, 0, 0, 0, 0, 0, 0, 0, 0, 0, 0, 0
305810, 46.2999, 0, 0, 0, 0, 0, 0, 0, 0, 0, 0, 0
305820, 46.2999, 0, 0, 0, 0, 0, 0, 0, 0, 0, 0, 0
305830, 46.2999, 0, 0, 0, 0, 0, 0, 0, 0, 0, 0, 0
305840, 46.2999, 0, 0, 0, 0, 0, 0, 0, 0, 0, 0, 0
305850, 46.2999, 0, 0, 0, 0, 0, 0, 0, 0, 0, 0, 0
305860, 46.2999, 0, 0, 0, 0, 0, 0, 0, 0, 0, 0, 0
305870, 46.2999, 0, 0, 0, 0, 0, 0, 0, 0, 0, 0, 0
