QGPIORecord, QRC v6.1.0, 28-11-2021 @ 14:01:03, Windows 10 Version 2009, 10.0.19042, x86_64
Time, yA, yB, r, eA, eB, uA, uB, VoltageA, VoltageB, ValueIn9, ValueIn10, ValueIn11
418900, 0, 0, 0, 0, 0, 0.582972, 0.505217, 0, 0, 0, 0, 0
418912, 0, 0, 0, 0, 0, 0.582972, 0.505217, 0, 0, 0, 0, 0
418920, 0, 0, 0, 0, 0, 0.582972, 0.505217, 0, 0, 0, 0, 0
418930, 0, 0, 0, 0, 0, 0.582972, 0.505217, 0, 0, 0, 0, 0
418940, 0, 0, 0, 0, 0, 0.582972, 0.505217, 0, 0, 0, 0, 0
418951, 0, 0, 0, 0, 0, 0.582972, 0.505217, 0, 0, 0, 0, 0
418960, 0, 0, 0, 0, 0, 0.582972, 0.505217, 0, 0, 0, 0, 0
418970, 0, 0, 0, 0, 0, 0.582972, 0.505217, 0, 0, 0, 0, 0
418980, 0, 0, 0, 0, 0, 0.582972, 0.505217, 0, 0, 0, 0, 0
418991, 0, 0, 0, 0, 0, 0.582972, 0.505217, 0, 0, 0, 0, 0
419000, 0, 0, 0, 0, 0, 0.582972, 0.505217, 0, 0, 0, 0, 0
419010, 0, 0, 0, 0, 0, 0.582972, 0.505217, 0, 0, 0, 0, 0
419020, 0, 0, 0, 0, 0, 0.582972, 0.505217, 0, 0, 0, 0, 0
419031, 0, 0, 0, 0, 0, 0.582972, 0.505217, 0, 0, 0, 0, 0
419041, 0, 0, 0, 0, 0, 0.582972, 0.505217, 0, 0, 0, 0, 0
419050, 0, 0, 0, 0, 0, 0.582972, 0.505217, 0, 0, 0, 0, 0
419060, 0, 0, 0, 0, 0, 0.582972, 0.505217, 0, 0, 0, 0, 0
419070, 0, 0, 0, 0, 0, 0.582972, 0.505217, 0, 0, 0, 0, 0
419081, 0, 0, 0, 0, 0, 0.582972, 0.505217, 0, 0, 0, 0, 0
419090, 0, 0, 0, 0, 0, 0.582972, 0.505217, 0, 0, 0, 0, 0
419100, 0, 0, 0, 0, 0, 0.582972, 0.505217, 0, 0, 0, 0, 0
419110, 0, 0, 0, 0, 0, 0.582972, 0.505217, 0, 0, 0, 0, 0
419121, 0, 0, 0, 0, 0, 0.582972, 0.505217, 0, 0, 0, 0, 0
419130, 0, 0, 0, 0, 0, 0.582972, 0.505217, 0, 0, 0, 0, 0
419140, 0, 0, 0, 0, 0, 0.582972, 0.505217, 0, 0, 0, 0, 0
419150, 0, 0, 0, 0, 0, 0.582972, 0.505217, 0, 0, 0, 0, 0
419161, 0, 0, 0, 0, 0, 0.582972, 0.505217, 0, 0, 0, 0, 0
419170, 0, 0, 0, 0, 0, 0.582972, 0.505217, 0, 0, 0, 0, 0
419180, 0, 0, 0, 0, 0, 0.582972, 0.505217, 0, 0, 0, 0, 0
419190, 0, 0, 0, 0, 0, 0.582972, 0.505217, 0, 0, 0, 0, 0
419201, 0, 0, 0, 0, 0, 0.582972, 0.505217, 0, 0, 0, 0, 0
419211, 0, 0, 0, 0, 0, 0.582972, 0.505217, 0, 0, 0, 0, 0
419220, 0, 0, 0, 0, 0, 0.582972, 0.505217, 0, 0, 0, 0, 0
419230, 0, 0, 0, 0, 0, 0.582972, 0.505217, 0, 0, 0, 0, 0
419240, 0, 0, 0, 0, 0, 0.582972, 0.505217, 0, 0, 0, 0, 0
419251, 0, 0, 0, 0, 0, 0.582972, 0.505217, 0, 0, 0, 0, 0
419260, 0, 0, 0, 0, 0, 0.582972, 0.505217, 0, 0, 0, 0, 0
419270, 0, 0, 0, 0, 0, 0.582972, 0.505217, 0, 0, 0, 0, 0
419280, 0, 0, 0, 0, 0, 0.582972, 0.505217, 0, 0, 0, 0, 0
419291, 0, 0, 0, 0, 0, 0.582972, 0.505217, 0, 0, 0, 0, 0
419300, 0, 0, 0, 0, 0, 0.582972, 0.505217, 0, 0, 0, 0, 0
419310, 0, 0, 0, 0, 0, 0.582972, 0.505217, 0, 0, 0, 0, 0
419320, 0, 0, 0, 0, 0, 0.582972, 0.505217, 0, 0, 0, 0, 0
419331, 0, 0, 0, 0, 0, 0.582972, 0.505217, 0, 0, 0, 0, 0
419340, 0, 0, 0, 0, 0, 0.582972, 0.505217, 0, 0, 0, 0, 0
419350, 0, 0, 0, 0, 0, 0.582972, 0.505217, 0, 0, 0, 0, 0
419360, 0, 0, 0, 0, 0, 0.582972, 0.505217, 0, 0, 0, 0, 0
419371, 0, 0, 0, 0, 0, 0.582972, 0.505217, 0, 0, 0, 0, 0
419381, 0, 0, 0, 0, 0, 0.582972, 0.505217, 0, 0, 0, 0, 0
419390, 0, 0, 0, 0, 0, 0.582972, 0.505217, 0, 0, 0, 0, 0
419400, 0, 0, 0, 0, 0, 0.582972, 0.505217, 0, 0, 0, 0, 0
419410, 0, 0, 0, 0, 0, 0.582972, 0.505217, 0, 0, 0, 0, 0
419421, 0, 0, 0, 0, 0, 0.582972, 0.505217, 0, 0, 0, 0, 0
419430, 0, 0, 0, 0, 0, 0.582972, 0.505217, 0, 0, 0, 0, 0
419440, 0, 0, 0, 0, 0, 0.582972, 0.505217, 0, 0, 0, 0, 0
419450, 0, 0, 0, 0, 0, 0.582972, 0.505217, 0, 0, 0, 0, 0
419461, 0, 0, 0, 0, 0, 0.582972, 0.505217, 0, 0, 0, 0, 0
419470, 0, 0, 0, 0, 0, 0.582972, 0.505217, 0, 0, 0, 0, 0
419480, 0, 0, 0, 0, 0, 0.582972, 0.505217, 0, 0, 0, 0, 0
419490, 0, 0, 0, 0, 0, 0.582972, 0.505217, 0, 0, 0, 0, 0
419501, 0, 0, 0, 0, 0, 0.582972, 0.505217, 0, 0, 0, 0, 0
419511, 0, 0, 0, 0, 0, 0.582972, 0.505217, 0, 0, 0, 0, 0
419520, 0, 0, 0, 0, 0, 0.582972, 0.505217, 0, 0, 0, 0, 0
419530, 0, 0, 0, 0, 0, 0.582972, 0.505217, 0, 0, 0, 0, 0
419540, 0, 0, 0, 0, 0, 0.582972, 0.505217, 0, 0, 0, 0, 0
419551, 0, 0, 0, 0, 0, 0.582972, 0.505217, 0, 0, 0, 0, 0
419560, 0, 0, 0, 0, 0, 0.582972, 0.505217, 0, 0, 0, 0, 0
419570, 0, 0, 0, 0, 0, 0.582972, 0.505217, 0, 0, 0, 0, 0
419580, 0, 0, 0, 0, 0, 0.582972, 0.505217, 0, 0, 0, 0, 0
419591, 0, 0, 0, 0, 0, 0.582972, 0.505217, 0, 0, 0, 0, 0
419600, 0, 0, 0, 0, 0, 0.582972, 0.505217, 0, 0, 0, 0, 0
419610, 0, 0, 0, 0, 0, 0.582972, 0.505217, 0, 0, 0, 0, 0
419620, 0, 0, 0, 0, 0, 0.582972, 0.505217, 0, 0, 0, 0, 0
419631, 0, 0, 0, 0, 0, 0.582972, 0.505217, 0, 0, 0, 0, 0
419640, 0, 0, 0, 0, 0, 0.582972, 0.505217, 0, 0, 0, 0, 0
419650, 0, 0, 0, 0, 0, 0.582972, 0.505217, 0, 0, 0, 0, 0
419660, 0, 0, 0, 0, 0, 0.582972, 0.505217, 0, 0, 0, 0, 0
419671, 0, 0, 0, 0, 0, 0.582972, 0.505217, 0, 0, 0, 0, 0
419681, 0, 0, 0, 0, 0, 0.582972, 0.505217, 0, 0, 0, 0, 0
419690, 0, 0, 0, 0, 0, 0.582972, 0.505217, 0, 0, 0, 0, 0
419700, 0, 0, 0, 0, 0, 0.582972, 0.505217, 0, 0, 0, 0, 0
419710, 0, 0, 0, 0, 0, 0.582972, 0.505217, 0, 0, 0, 0, 0
419721, 0, 0, 0, 0, 0, 0.582972, 0.505217, 0, 0, 0, 0, 0
419730, 0, 0, 0, 0, 0, 0.582972, 0.505217, 0, 0, 0, 0, 0
419740, 0, 0, 0, 0, 0, 0.582972, 0.505217, 0, 0, 0, 0, 0
419750, 0, 0, 0, 0, 0, 0.582972, 0.505217, 0, 0, 0, 0, 0
419761, 0, 0, 0, 0, 0, 0.582972, 0.505217, 0, 0, 0, 0, 0
419770, 0, 0, 0, 0, 0, 0.582972, 0.505217, 0, 0, 0, 0, 0
419780, 0, 0, 0, 0, 0, 0.582972, 0.505217, 0, 0, 0, 0, 0
419790, 0, 0, 0, 0, 0, 0.582972, 0.505217, 0, 0, 0, 0, 0
419801, 0, 0, 0, 0, 0, 0.582972, 0.505217, 0, 0, 0, 0, 0
419810, 0, 0, 0, 0, 0, 0.582972, 0.505217, 0, 0, 0, 0, 0
419820, 0, 0, 0, 0, 0, 0.582972, 0.505217, 0, 0, 0, 0, 0
419830, 0, 0, 0, 0, 0, 0.582972, 0.505217, 0, 0, 0, 0, 0
419841, 0, 0, 0, 0, 0, 0.582972, 0.505217, 0, 0, 0, 0, 0
419851, 0, 0, 0, 0, 0, 0.582972, 0.505217, 0, 0, 0, 0, 0
419860, 0, 0, 0, 0, 0, 0.582972, 0.505217, 0, 0, 0, 0, 0
419870, 0, 0, 0, 0, 0, 0.582972, 0.505217, 0, 0, 0, 0, 0
419880, 0, 0, 0, 0, 0, 0.582972, 0.505217, 0, 0, 0, 0, 0
419891, 0, 0, 0, 0, 0, 0.582972, 0.505217, 0, 0, 0, 0, 0
419900, 0, 0, 0, 0, 0, 0.582972, 0.505217, 0, 0, 0, 0, 0
419910, 0, 0, 0, 0, 0, 0.582972, 0.505217, 0, 0, 0, 0, 0
419920, 0, 0, 0, 0, 0, 0.582972, 0.505217, 0, 0, 0, 0, 0
419931, 0, 0, 0, 0, 0, 0.582972, 0.505217, 0, 0, 0, 0, 0
419940, 0, 0, 0, 0, 0, 0.582972, 0.505217, 0, 0, 0, 0, 0
419950, 0, 0, 0, 0, 0, 0.582972, 0.505217, 0, 0, 0, 0, 0
419960, 0, 0, 0, 0, 0, 0.582972, 0.505217, 0, 0, 0, 0, 0
419971, 0, 0, 0, 0, 0, 0.582972, 0.505217, 0, 0, 0, 0, 0
419980, 0, 0, 0, 0, 0, 0.582972, 0.505217, 0, 0, 0, 0, 0
419990, 0, 0, 0, 0, 0, 0.582972, 0.505217, 0, 0, 0, 0, 0
420000, 0, 0, 0, 0, 0, 0.582972, 0.505217, 0, 0, 0, 0, 0
420011, 0, 0, 0, 0, 0, 0.582972, 0.505217, 0, 0, 0, 0, 0
420021, 0, 0, 0, 0, 0, 0.582972, 0.505217, 0, 0, 0, 0, 0
420030, 0, 0, 0, 0, 0, 0.582972, 0.505217, 0, 0, 0, 0, 0
420040, 0, 0, 0, 0, 0, 0.582972, 0.505217, 0, 0, 0, 0, 0
420050, 0, 0, 0, 0, 0, 0.582972, 0.505217, 0, 0, 0, 0, 0
420061, 0, 0, 0, 0, 0, 0.582972, 0.505217, 0, 0, 0, 0, 0
420070, 0, 0, 0, 0, 0, 0.582972, 0.505217, 0, 0, 0, 0, 0
420080, 0, 0, 0, 0, 0, 0.582972, 0.505217, 0, 0, 0, 0, 0
420090, 0, 0, 0, 0, 0, 0.582972, 0.505217, 0, 0, 0, 0, 0
420101, 0, 0, 0, 0, 0, 0.582972, 0.505217, 0, 0, 0, 0, 0
420110, 0, 0, 0, 0, 0, 0.582972, 0.505217, 0, 0, 0, 0, 0
420120, 0, 0, 0, 0, 0, 0.582972, 0.505217, 0, 0, 0, 0, 0
420130, 0, 0, 0, 0, 0, 0.582972, 0.505217, 0, 0, 0, 0, 0
420141, 0, 0, 0, 0, 0, 0.582972, 0.505217, 0, 0, 0, 0, 0
420151, 0, 0, 0, 0, 0, 0.582972, 0.505217, 0, 0, 0, 0, 0
420160, 0, 0, 0, 0, 0, 0.582972, 0.505217, 0, 0, 0, 0, 0
420170, 0, 0, 0, 0, 0, 0.582972, 0.505217, 0, 0, 0, 0, 0
420180, 0, 0, 0, 0, 0, 0.582972, 0.505217, 0, 0, 0, 0, 0
420191, 0, 0, 0, 0, 0, 0.582972, 0.505217, 0, 0, 0, 0, 0
420200, 0, 0, 0, 0, 0, 0.582972, 0.505217, 0, 0, 0, 0, 0
420210, 0, 0, 0, 0, 0, 0.582972, 0.505217, 0, 0, 0, 0, 0
420220, 0, 0, 0, 0, 0, 0.582972, 0.505217, 0, 0, 0, 0, 0
420231, 0, 0, 0, 0, 0, 0.582972, 0.505217, 0, 0, 0, 0, 0
420240, 0, 0, 0, 0, 0, 0.582972, 0.505217, 0, 0, 0, 0, 0
420250, 0, 0, 0, 0, 0, 0.582972, 0.505217, 0, 0, 0, 0, 0
420260, 0, 0, 0, 0, 0, 0.582972, 0.505217, 0, 0, 0, 0, 0
420271, 0, 0, 0, 0, 0, 0.582972, 0.505217, 0, 0, 0, 0, 0
420280, 0, 0, 0, 0, 0, 0.582972, 0.505217, 0, 0, 0, 0, 0
420290, 0, 0, 0, 0, 0, 0.582972, 0.505217, 0, 0, 0, 0, 0
420300, 0, 0, 0, 0, 0, 0.582972, 0.505217, 0, 0, 0, 0, 0
420311, 0, 0, 0, 0, 0, 0.582972, 0.505217, 0, 0, 0, 0, 0
420321, 0, 0, 0, 0, 0, 0.582972, 0.505217, 0, 0, 0, 0, 0
420330, 0, 0, 0, 0, 0, 0.582972, 0.505217, 0, 0, 0, 0, 0
420340, 0, 0, 0, 0, 0, 0.582972, 0.505217, 0, 0, 0, 0, 0
420350, 0, 0, 0, 0, 0, 0.582972, 0.505217, 0, 0, 0, 0, 0
420361, 0, 0, 0, 0, 0, 0.582972, 0.505217, 0, 0, 0, 0, 0
420370, 0, 0, 0, 0, 0, 0.582972, 0.505217, 0, 0, 0, 0, 0
420380, 0, 0, 0, 0, 0, 0.582972, 0.505217, 0, 0, 0, 0, 0
420390, 0, 0, 0, 0, 0, 0.582972, 0.505217, 0, 0, 0, 0, 0
420401, 0, 0, 0, 0, 0, 0.582972, 0.505217, 0, 0, 0, 0, 0
420410, 0, 0, 0, 0, 0, 0.582972, 0.505217, 0, 0, 0, 0, 0
420420, 0, 0, 0, 0, 0, 0.582972, 0.505217, 0, 0, 0, 0, 0
420430, 0, 0, 0, 0, 0, 0.582972, 0.505217, 0, 0, 0, 0, 0
420441, 0, 0, 0, 0, 0, 0.582972, 0.505217, 0, 0, 0, 0, 0
420450, 0, 0, 0, 0, 0, 0.582972, 0.505217, 0, 0, 0, 0, 0
420460, 0, 0, 0, 0, 0, 0.582972, 0.505217, 0, 0, 0, 0, 0
420470, 0, 0, 0, 0, 0, 0.582972, 0.505217, 0, 0, 0, 0, 0
420481, 0, 0, 0, 0, 0, 0.582972, 0.505217, 0, 0, 0, 0, 0
420491, 0, 0, 0, 0, 0, 0.582972, 0.505217, 0, 0, 0, 0, 0
420500, 0, 0, 0, 0, 0, 0.582972, 0.505217, 0, 0, 0, 0, 0
420510, 0, 0, 0, 0, 0, 0.582972, 0.505217, 0, 0, 0, 0, 0
420520, 0, 0, 0, 0, 0, 0.582972, 0.505217, 0, 0, 0, 0, 0
420531, 0, 0, 0, 0, 0, 0.582972, 0.505217, 0, 0, 0, 0, 0
420540, 0, 0, 0, 0, 0, 0.582972, 0.505217, 0, 0, 0, 0, 0
420550, 0, 0, 0, 0, 0, 0.582972, 0.505217, 0, 0, 0, 0, 0
420560, 0, 0, 0, 0, 0, 0.582972, 0.505217, 0, 0, 0, 0, 0
420571, 0, 0, 0, 0, 0, 0.582972, 0.505217, 0, 0, 0, 0, 0
420580, 0, 0, 0, 0, 0, 0.582972, 0.505217, 0, 0, 0, 0, 0
420590, 0, 0, 0, 0, 0, 0.582972, 0.505217, 0, 0, 0, 0, 0
420600, 0, 0, 0, 0, 0, 0.582972, 0.505217, 0, 0, 0, 0, 0
420611, 0, 0, 0, 0, 0, 0.582972, 0.505217, 0, 0, 0, 0, 0
420620, 0, 0, 0, 0, 0, 0.582972, 0.505217, 0, 0, 0, 0, 0
420630, 0, 0, 0, 0, 0, 0.582972, 0.505217, 0, 0, 0, 0, 0
420640, 0, 0, 0, 0, 0, 0.582972, 0.505217, 0, 0, 0, 0, 0
420651, 0, 0, 0, 0, 0, 0.582972, 0.505217, 0, 0, 0, 0, 0
420661, 0, 0, 0, 0, 0, 0.582972, 0.505217, 0, 0, 0, 0, 0
420670, 0, 0, 0, 0, 0, 0.582972, 0.505217, 0, 0, 0, 0, 0
420680, 0, 0, 0, 0, 0, 0.582972, 0.505217, 0, 0, 0, 0, 0
420690, 0, 0, 0, 0, 0, 0.582972, 0.505217, 0, 0, 0, 0, 0
420701, 0, 0, 0, 0, 0, 0.582972, 0.505217, 0, 0, 0, 0, 0
420710, 0, 0, 0, 0, 0, 0.582972, 0.505217, 0, 0, 0, 0, 0
420720, 0, 0, 0, 0, 0, 0.582972, 0.505217, 0, 0, 0, 0, 0
420730, 0, 0, 0, 0, 0, 0.582972, 0.505217, 0, 0, 0, 0, 0
420741, 0, 0, 0, 0, 0, 0.582972, 0.505217, 0, 0, 0, 0, 0
420750, 0, 0, 0, 0, 0, 0.582972, 0.505217, 0, 0, 0, 0, 0
420760, 0, 0, 0, 0, 0, 0.582972, 0.505217, 0, 0, 0, 0, 0
420770, 0, 0, 0, 0, 0, 0.582972, 0.505217, 0, 0, 0, 0, 0
420781, 0, 0, 0, 0, 0, 0.582972, 0.505217, 0, 0, 0, 0, 0
420791, 0, 0, 10, 10, 10, 9.38717, 9.30941, 0, 0, 0, 0, 0
420800, 0, 0, 10, 10, 10, 10.5016, 10.4238, 0, 0, 0, 0, 0
420810, 5.25586, 5.23482, 10, 4.74414, 4.76518, 6.98859, 6.92936, 0, 0, 0, 0, 0
420820, 11.5741, 11.2095, 10, -1.5741, -1.20946, 1.95456, 2.2002, 0, 0, 0, 0, 0
420831, 12.612, 12.2473, 10, -2.61195, -2.2473, 0.865406, 1.15167, 0, 0, 0, 0, 0
420840, 8.06786, 7.73126, 10, 1.93214, 2.26874, 4.57504, 4.87725, 0, 0, 0, 0, 0
420850, 3.15211, 3.15562, 10, 6.84789, 6.84438, 9.11828, 9.15856, 0, 0, 0, 0, 0
420860, 3.85687, 4.5511, 10, 6.14313, 5.4489, 9.26092, 8.69268, 0, 0, 0, 0, 0
420871, 8.39745, 8.05734, 10, 1.60255, 1.94266, 5.94789, 6.21294, 0, 0, 0, 0, 0
420881, 12.2789, 11.5776, 10, -2.27886, -1.57761, 2.7092, 3.33011, 0, 0, 0, 0, 0
420890, 11.9212, 11.2095, 10, -1.92122, -1.20946, 2.77012, 3.47844, 0, 0, 0, 0, 0
420900, 8.41849, 7.72425, 10, 1.58151, 2.27575, 5.6399, 6.4121, 0, 0, 0, 0, 0
420911, 4.90523, 5.60297, 10, 5.09477, 4.39703, 8.90928, 8.53332, 0, 0, 0, 0, 0
420921, 6.31474, 7.36311, 10, 3.68526, 2.63689, 8.23607, 7.47366, 0, 0, 0, 0, 0
420930, 9.80345, 9.45283, 10, 0.196548, 0.547172, 5.57523, 5.92768, 0, 0, 0, 0, 0
420940, 12.6365, 10.8939, 10, -2.6365, -0.893893, 3.10286, 4.71992, 0, 0, 0, 0, 0
420951, 11.5461, 10.1365, 10, -1.54605, -0.136545, 3.7691, 5.28709, 0, 0, 0, 0, 0
420961, 7.71724, 8.07487, 10, 2.28276, 1.92513, 6.96777, 7.08701, 0, 0, 0, 0, 0
420970, 6.66186, 8.05384, 10, 3.33814, 1.94616, 8.15134, 7.32006, 0, 0, 0, 0, 0
420980, 8.75859, 9.11623, 10, 1.24141, 0.883771, 6.67733, 6.60159, 0, 0, 0, 0, 0
420990, 10.8834, 10.1786, 10, -0.883374, -0.17862, 4.94497, 5.76473, 0, 0, 0, 0, 0
421001, 11.9037, 10.1576, 10, -1.90369, -0.157582, 3.94823, 5.76334, 0, 0, 0, 0, 0
421010, 9.81748, 9.47036, 10, 0.182523, 0.529641, 5.57282, 6.35083, 0, 0, 0, 0, 0
421020, 7.71724, 8.75859, 10, 2.28276, 1.24141, 7.44226, 7.0365, 0, 0, 0, 0, 0
421030, 8.40797, 9.11973, 10, 1.59203, 0.880265, 7.08851, 6.85689, 0, 0, 0, 0, 0
421041, 10.1541, 9.81748, 10, -0.154077, 0.182523, 5.72862, 6.34068, 0, 0, 0, 0, 0
421051, 10.8799, 10.1751, 10, -0.879869, -0.175114, 5.07245, 6.04615, 0, 0, 0, 0, 0
421060, 10.1716, 9.82449, 10, -0.171608, 0.17551, 5.59796, 6.33533, 0, 0, 0, 0, 0
421070, 9.10922, 9.45633, 10, 0.890783, 0.543666, 6.51419, 6.67902, 0, 0, 0, 0, 0
421081, 8.77262, 9.81046, 10, 1.22738, 0.189535, 6.9098, 6.42782, 0, 0, 0, 0, 0
421091, 9.45283, 9.81748, 10, 0.547172, 0.182523, 6.44771, 6.44277, 0, 0, 0, 0, 0
421100, 10.5257, 10.1751, 10, -0.525738, -0.175114, 5.56408, 6.14824, 0, 0, 0, 0, 0
421110, 10.1611, 10.1541, 10, -0.161089, -0.154077, 5.82653, 6.14724, 0, 0, 0, 0, 0
421121, 9.45283, 10.5117, 10, 0.547172, -0.511713, 6.43215, 5.81521, 0, 0, 0, 0, 0
421131, 9.11623, 10.5187, 10, 0.883771, -0.518725, 6.78947, 5.75201, 0, 0, 0, 0, 0
421140, 9.13025, 10.5222, 10, 0.869746, -0.522232, 6.87561, 5.69111, 0, 0, 0, 0, 0
421150, 10.1716, 10.5257, 10, -0.171608, -0.525738, 6.05571, 5.62983, 0, 0, 0, 0, 0
421160, 10.1541, 9.81748, 10, -0.154077, 0.182523, 6.05202, 6.19481, 0, 0, 0, 0, 0
421171, 9.81046, 10.1611, 10, 0.189535, -0.161089, 6.33737, 5.91263, 0, 0, 0, 0, 0
421181, 9.47387, 10.1681, 10, 0.526134, -0.168101, 6.65484, 5.8885, 0, 0, 0, 0, 0
421190, 9.82098, 10.1751, 10, 0.179017, -0.175114, 6.40786, 5.86359, 0, 0, 0, 0, 0
421200, 9.80696, 10.1506, 10, 0.193042, -0.15057, 6.44016, 5.86569, 0, 0, 0, 0, 0
421211, 10.1716, 10.1821, 10, -0.171608, -0.182126, 6.14063, 5.82113, 0, 0, 0, 0, 0
421221, 9.80696, 10.1471, 10, 0.193042, -0.147064, 6.44255, 5.8317, 0, 0, 0, 0, 0
421230, 10.1716, 9.8315, 10, -0.171608, 0.168498, 6.14302, 6.09314, 0, 0, 0, 0, 0
421240, 9.8315, 10.1681, 10, 0.168498, -0.168101, 6.42333, 5.81557, 0, 0, 0, 0, 0
421251, 10.1436, 10.1576, 10, -0.143558, -0.157582, 6.16737, 5.80609, 0, 0, 0, 0, 0
421261, 9.82098, 10.1681, 10, 0.179017, -0.168101, 6.43537, 5.77927, 0, 0, 0, 0, 0
421270, 10.1716, 10.1716, 10, -0.171608, -0.171608, 6.14662, 5.75745, 0, 0, 0, 0, 0
421280, 9.828, 10.1716, 10, 0.172004, -0.171608, 6.43002, 5.73833, 0, 0, 0, 0, 0
421291, 10.1506, 9.80696, 10, -0.15057, 0.193042, 6.16519, 6.04025, 0, 0, 0, 0, 0
421301, 10.1786, 9.828, 10, -0.17862, 0.172004, 6.12371, 6.04324, 0, 0, 0, 0, 0
421310, 10.1576, 10.1506, 10, -0.157582, -0.15057, 6.12233, 5.77841, 0, 0, 0, 0, 0
421320, 9.80696, 9.82098, 10, 0.193042, 0.179017, 6.41347, 6.0518, 0, 0, 0, 0, 0
421330, 9.83851, 10.1856, 10, 0.161486, -0.185633, 6.4072, 5.75071, 0, 0, 0, 0, 0
421341, 10.4837, 10.133, 10, -0.483663, -0.133039, 5.85719, 5.77633, 0, 0, 0, 0, 0
421351, 10.1821, 9.82098, 10, -0.182126, 0.179017, 6.06877, 6.03624, 0, 0, 0, 0, 0
421360, 10.1751, 10.1856, 10, -0.175114, -0.185633, 6.05465, 5.73515, 0, 0, 0, 0, 0
421370, 9.47387, 9.81748, 10, 0.526134, 0.182523, 6.65253, 6.03859, 0, 0, 0, 0, 0
421381, 10.1576, 10.1576, 10, -0.157582, -0.157582, 6.1092, 5.75949, 0, 0, 0, 0, 0
421391, 10.1611, 9.81046, 10, -0.161089, 0.189535, 6.08855, 6.04754, 0, 0, 0, 0, 0
421400, 10.1681, 9.81748, 10, -0.168101, 0.182523, 6.06443, 6.06249, 0, 0, 0, 0, 0
421410, 9.82098, 9.82098, 10, 0.179017, 0.179017, 6.3513, 6.07974, 0, 0, 0, 0, 0
421421, 9.79995, 9.80696, 10, 0.200054, 0.193042, 6.38978, 6.11204, 0, 0, 0, 0, 0
421431, 10.1821, 10.1821, 10, -0.182126, -0.182126, 6.07559, 5.80325, 0, 0, 0, 0, 0
421440, 10.1576, 10.1471, 10, -0.157582, -0.147064, 6.0769, 5.81382, 0, 0, 0, 0, 0
421450, 9.82098, 9.83501, 10, 0.179017, 0.164991, 6.35569, 6.07217, 0, 0, 0, 0, 0
421460, 10.1681, 10.1681, 10, -0.168101, -0.168101, 6.07003, 5.7973, 0, 0, 0, 0, 0
421471, 10.1576, 9.80696, 10, -0.157582, 0.193042, 6.06056, 6.09652, 0, 0, 0, 0, 0
421480, 10.1821, 10.1611, 10, -0.182126, -0.161089, 6.02139, 5.80625, 0, 0, 0, 0, 0
421490, 9.81748, 9.81748, 10, 0.182523, 0.182523, 6.32214, 6.09082, 0, 0, 0, 0, 0
421500, 10.1506, 9.81748, 10, -0.15057, 0.182523, 6.04922, 6.11116, 0, 0, 0, 0, 0
421511, 10.1751, 10.1681, 10, -0.175114, -0.168101, 6.01083, 5.82281, 0, 0, 0, 0, 0
421521, 10.1751, 9.82449, 10, -0.175114, 0.17551, 5.99131, 6.1066, 0, 0, 0, 0, 0
421530, 10.1541, 9.45283, 10, -0.154077, 0.547172, 5.99032, 6.45337, 0, 0, 0, 0, 0
421540, 10.1576, 9.81748, 10, -0.157582, 0.182523, 5.97006, 6.1933, 0, 0, 0, 0, 0
421551, 9.83501, 10.1856, 10, 0.164991, -0.185633, 6.2365, 5.88951, 0, 0, 0, 0, 0
421561, 9.81748, 10.1576, 10, 0.182523, -0.157582, 6.27032, 5.89352, 0, 0, 0, 0, 0
421570, 10.1611, 9.82098, 10, -0.161089, 0.179017, 5.98814, 6.17231, 0, 0, 0, 0, 0
421580, 10.1611, 9.81748, 10, -0.161089, 0.182523, 5.97019, 6.19535, 0, 0, 0, 0, 0
421591, 10.5187, 10.1681, 10, -0.518725, -0.168101, 5.63737, 5.90699, 0, 0, 0, 0, 0
421601, 10.1681, 10.1471, 10, -0.168101, -0.147064, 5.88826, 5.90678, 0, 0, 0, 0, 0
421610, 9.828, 9.828, 10, 0.172004, 0.172004, 6.16896, 6.1713, 0, 0, 0, 0, 0
421620, 9.44231, 9.81046, 10, 0.557691, 0.189535, 6.52769, 6.20591, 0, 0, 0, 0, 0
421630, 9.82449, 10.1716, 10, 0.17551, -0.171608, 6.25337, 5.90907, 0, 0, 0, 0, 0
421641, 10.1751, 9.82449, 10, -0.175114, 0.17551, 5.96423, 6.19556, 0, 0, 0, 0, 0
421650, 9.82098, 9.45283, 10, 0.179017, 0.547172, 6.2565, 6.54233, 0, 0, 0, 0, 0
421660, 10.1576, 10.1751, 10, -0.157582, -0.175114, 5.9801, 5.9674, 0, 0, 0, 0, 0
421670, 10.1751, 10.5257, 10, -0.175114, -0.525738, 5.9471, 5.63918, 0, 0, 0, 0, 0
421681, 9.81748, 10.1471, 10, 0.182523, -0.147064, 6.24246, 5.91399, 0, 0, 0, 0, 0
421691, 10.1506, 9.47387, 10, -0.15057, 0.526134, 5.96954, 6.4903, 0, 0, 0, 0, 0
421700, 10.1821, 9.828, 10, -0.182126, 0.172004, 5.92497, 6.23715, 0, 0, 0, 0, 0
421710, 9.80696, 10.1506, 10, 0.193042, -0.15057, 6.23498, 5.97231, 0, 0, 0, 0, 0
421721, 10.1681, 10.1751, 10, -0.168101, -0.175114, 5.93854, 5.93393, 0, 0, 0, 0, 0
421731, 10.1716, 9.82449, 10, -0.171608, 0.17551, 5.91672, 6.22311, 0, 0, 0, 0, 0
421740, 9.82449, 9.80696, 10, 0.17551, 0.193042, 6.2032, 6.2581, 0, 0, 0, 0, 0
421750, 10.1471, 10.1576, 10, -0.147064, -0.157582, 5.93876, 5.97092, 0, 0, 0, 0, 0
421761, 9.83501, 10.1856, 10, 0.164991, -0.185633, 6.19711, 5.92866, 0, 0, 0, 0, 0
421771, 10.1471, 9.79644, 10, -0.147064, 0.20356, 5.94076, 6.25062, 0, 0, 0, 0, 0
421780, 10.1716, 9.81748, 10, -0.171608, 0.182523, 5.90276, 6.25479, 0, 0, 0, 0, 0
421790, 9.828, 9.8315, 10, 0.172004, 0.168498, 6.18616, 6.26278, 0, 0, 0, 0, 0
421800, 10.1611, 10.1611, 10, -0.161089, -0.161089, 5.91207, 5.99138, 0, 0, 0, 0, 0
421811, 10.1576, 10.1576, 10, -0.157582, -0.157582, 5.8972, 5.97652, 0, 0, 0, 0, 0
421821, 9.828, 10.1611, 10, 0.172004, -0.161089, 6.16982, 5.95587, 0, 0, 0, 0, 0
421830, 10.1611, 9.828, 10, -0.161089, 0.172004, 5.89572, 6.23118, 0, 0, 0, 0, 0
421840, 9.81046, 9.80345, 10, 0.189535, 0.196548, 6.18647, 6.27196, 0, 0, 0, 0, 0
421851, 9.82449, 10.1751, 10, 0.17551, -0.175114, 6.19524, 5.96664, 0, 0, 0, 0, 0
421861, 10.1506, 9.81046, 10, -0.15057, 0.189535, 5.92771, 6.26817, 0, 0, 0, 0, 0
421870, 10.1821, 10.1716, 10, -0.182126, -0.171608, 5.88315, 5.97133, 0, 0, 0, 0, 0
421880, 9.80345, 9.80345, 10, 0.196548, 0.196548, 6.19625, 6.27634, 0, 0, 0, 0, 0
421891, 10.1611, 9.82098, 10, -0.161089, 0.179017, 5.90328, 6.28281, 0, 0, 0, 0, 0
421901, 9.8315, 10.1821, 10, 0.168498, -0.182126, 6.1755, 5.9848, 0, 0, 0, 0, 0
421910, 10.1681, 10.1576, 10, -0.168101, -0.157582, 5.89793, 5.98612, 0, 0, 0, 0, 0
421920, 10.1506, 9.80696, 10, -0.15057, 0.193042, 5.89463, 6.27725, 0, 0, 0, 0, 0
421931, 9.81046, 9.81046, 10, 0.189535, 0.189535, 6.17729, 6.29568, 0, 0, 0, 0, 0
421941, 10.1856, 10.1856, 10, -0.185633, -0.185633, 5.8681, 5.98649, 0, 0, 0, 0, 0
421950, 9.81748, 10.1436, 10, 0.182523, -0.143558, 6.17155, 6.00285, 0, 0, 0, 0, 0
421960, 10.1471, 9.82098, 10, -0.147064, 0.179017, 5.90171, 6.27085, 0, 0, 0, 0, 0
421970, 9.828, 9.8315, 10, 0.172004, 0.168498, 6.16624, 6.28154, 0, 0, 0, 0, 0
421981, 10.1716, 10.1576, 10, -0.171608, -0.157582, 5.88289, 6.01323, 0, 0, 0, 0, 0
421991, 10.1541, 10.1576, 10, -0.154077, -0.157582, 5.8792, 5.99567, 0, 0, 0, 0, 0
422000, 9.81748, 9.82449, 10, 0.182523, 0.17551, 6.15838, 6.27137, 0, 0, 0, 0, 0
422010, 9.82449, 9.81046, 10, 0.17551, 0.189535, 6.17254, 6.30328, 0, 0, 0, 0, 0
422021, 10.1716, 9.828, 10, -0.171608, 0.172004, 5.88649, 6.30897, 0, 0, 0, 0, 0
422031, 10.1541, 10.1541, 10, -0.154077, -0.154077, 5.8828, 6.04104, 0, 0, 0, 0, 0
422040, 9.82449, 9.82449, 10, 0.17551, 0.17551, 6.15581, 6.31405, 0, 0, 0, 0, 0
422050, 9.81748, 9.82098, 10, 0.182523, 0.179017, 6.18154, 6.33669, 0, 0, 0, 0, 0
422061, 9.81748, 10.1611, 10, 0.182523, -0.161089, 6.20188, 6.05721, 0, 0, 0, 0, 0
422071, 10.1716, 10.5117, 10, -0.171608, -0.511713, 5.91044, 5.73056, 0, 0, 0, 0, 0
422080, 10.1576, 10.1611, 10, -0.157582, -0.161089, 5.90366, 5.98223, 0, 0, 0, 0, 0
422090, 9.828, 9.8315, 10, 0.172004, 0.168498, 6.17627, 6.25445, 0, 0, 0, 0, 0
422100, 10.1681, 10.1576, 10, -0.168101, -0.157582, 5.89601, 5.98615, 0, 0, 0, 0, 0
422111, 10.1436, 10.1506, 10, -0.143558, -0.15057, 5.89888, 5.97476, 0, 0, 0, 0, 0
422120, 9.84202, 9.83851, 10, 0.157979, 0.161486, 6.14836, 6.23272, 0, 0, 0, 0, 0
422130, 10.1681, 9.45984, 10, -0.168101, 0.540159, 5.87888, 6.58411, 0, 0, 0, 0, 0
422140, 10.1471, 9.80345, 10, -0.147064, 0.196548, 5.87867, 6.34178, 0, 0, 0, 0, 0
422151, 9.82098, 10.1716, 10, 0.179017, -0.171608, 6.14937, 6.03955, 0, 0, 0, 0, 0
422161, 9.81748, 10.1576, 10, 0.182523, -0.157582, 6.1724, 6.03278, 0, 0, 0, 0, 0
422170, 9.81046, 9.82098, 10, 0.189535, 0.179017, 6.19892, 6.31156, 0, 0, 0, 0, 0
422180, 10.1856, 10.1856, 10, -0.185633, -0.185633, 5.88973, 6.01047, 0, 0, 0, 0, 0
422191, 10.1681, 9.81748, 10, -0.168101, 0.182523, 5.88448, 6.31391, 0, 0, 0, 0, 0
422201, 10.1576, 10.1436, 10, -0.157582, -0.143558, 5.87501, 6.04717, 0, 0, 0, 0, 0
422210, 10.1541, 9.82098, 10, -0.154077, 0.179017, 5.86054, 6.31517, 0, 0, 0, 0, 0
422220, 9.82098, 10.1751, 10, 0.179017, -0.175114, 6.13663, 6.02334, 0, 0, 0, 0, 0
422231, 9.82449, 10.1716, 10, 0.17551, -0.171608, 6.15349, 6.0069, 0, 0, 0, 0, 0
422241, 10.1576, 9.80696, 10, -0.157582, 0.193042, 5.87979, 6.30883, 0, 0, 0, 0, 0
422250, 9.828, 9.80345, 10, 0.172004, 0.196548, 6.1524, 6.33342, 0, 0, 0, 0, 0
422260, 9.81748, 10.1962, 10, 0.182523, -0.196151, 6.18083, 6.00959, 0, 0, 0, 0, 0
422270, 10.1576, 9.80345, 10, -0.157582, 0.196548, 5.90174, 6.33347, 0, 0, 0, 0, 0
422281, 10.1611, 10.1611, 10, -0.161089, -0.161089, 5.88109, 6.0405, 0, 0, 0, 0, 0
422291, 9.82098, 9.80345, 10, 0.179017, 0.196548, 6.16257, 6.33742, 0, 0, 0, 0, 0
422300, 10.1541, 9.82449, 10, -0.154077, 0.17551, 5.88926, 6.3408, 0, 0, 0, 0, 0
422310, 9.828, 10.1786, 10, 0.172004, -0.17862, 6.15918, 6.04858, 0, 0, 0, 0, 0
422321, 9.82098, 10.5187, 10, 0.179017, -0.518725, 6.18452, 5.72924, 0, 0, 0, 0, 0
422331, 10.1576, 9.80696, 10, -0.157582, 0.193042, 5.90812, 6.29808, 0, 0, 0, 0, 0
422340, 10.1751, 9.82449, 10, -0.175114, 0.17551, 5.87512, 6.30416, 0, 0, 0, 0, 0
422350, 9.82449, 9.82449, 10, 0.17551, 0.17551, 6.16431, 6.32372, 0, 0, 0, 0, 0
422361, 9.81046, 9.81046, 10, 0.189535, 0.189535, 6.19621, 6.35563, 0, 0, 0, 0, 0
422371, 10.1611, 10.1506, 10, -0.161089, -0.15057, 5.90864, 6.07731, 0, 0, 0, 0, 0
422380, 10.1506, 9.81046, 10, -0.15057, 0.189535, 5.89995, 6.35997, 0, 0, 0, 0, 0
422390, 9.828, 10.1786, 10, 0.172004, -0.17862, 6.16717, 6.05696, 0, 0, 0, 0, 0
422401, 9.80696, 10.1576, 10, 0.193042, -0.157582, 6.20486, 6.05558, 0, 0, 0, 0, 0
422411, 9.80696, 9.81046, 10, 0.193042, 0.189535, 6.22637, 6.34362, 0, 0, 0, 0, 0
422420, 10.1891, 10.1821, 10, -0.189138, -0.182126, 5.9114, 6.03753, 0, 0, 0, 0, 0
422430, 10.1541, 9.81046, 10, -0.154077, 0.189535, 5.9212, 6.34445, 0, 0, 0, 0, 0
422440, 10.1716, 10.1681, 10, -0.171608, -0.168101, 5.88859, 6.0507, 0, 0, 0, 0, 0
422451, 9.82449, 10.1751, 10, 0.17551, -0.175114, 6.17508, 6.02579, 0, 0, 0, 0, 0
422461, 9.82098, 9.81748, 10, 0.179017, 0.182523, 6.19772, 6.32115, 0, 0, 0, 0, 0
422470, 10.1541, 10.1506, 10, -0.154077, -0.15057, 5.92441, 6.04823, 0, 0, 0, 0, 0
422480, 10.1716, 9.828, 10, -0.171608, 0.172004, 5.8918, 6.31545, 0, 0, 0, 0, 0
422491, 10.1611, 9.46685, 10, -0.161089, 0.533147, 5.88194, 6.65258, 0, 0, 0, 0, 0
422501, 9.81046, 10.1576, 10, 0.189535, -0.157582, 6.17269, 6.10386, 0, 0, 0, 0, 0
422510, 9.82449, 10.1751, 10, 0.17551, -0.175114, 6.18146, 6.07086, 0, 0, 0, 0, 0
422520, 10.1751, 9.82449, 10, -0.175114, 0.17551, 5.89232, 6.36005, 0, 0, 0, 0, 0
422531, 10.1541, 9.79644, 10, -0.154077, 0.20356, 5.89133, 6.4043, 0, 0, 0, 0, 0
422541, 9.81046, 10.1716, 10, 0.189535, -0.171608, 6.17668, 6.09668, 0, 0, 0, 0, 0
422550, 10.1821, 10.5257, 10, -0.182126, -0.525738, 5.87059, 5.76577, 0, 0, 0, 0, 0
422560, 10.1436, 9.79995, 10, -0.143558, 0.200054, 5.88425, 6.34619, 0, 0, 0, 0, 0
422571, 9.828, 9.8315, 10, 0.172004, 0.168498, 6.14607, 6.3407, 0, 0, 0, 0, 0
422581, 10.1751, 10.1751, 10, -0.175114, -0.175114, 5.85963, 6.05695, 0, 0, 0, 0, 0
422590, 10.1576, 10.1365, 10, -0.157582, -0.136545, 5.85555, 6.07139, 0, 0, 0, 0, 0
422600, 9.81046, 9.828, 10, 0.189535, 0.172004, 6.1436, 6.32783, 0, 0, 0, 0, 0
422610, 9.82098, 9.47036, 10, 0.179017, 0.529641, 6.15546, 6.66187, 0, 0, 0, 0, 0
422621, 10.1751, 10.1681, 10, -0.175114, -0.168101, 5.86363, 6.10659, 0, 0, 0, 0, 0
422631, 10.1576, 10.5047, 10, -0.157582, -0.504701, 5.85955, 5.7915, 0, 0, 0, 0, 0
422640, 9.80696, 9.82449, 10, 0.193042, 0.17551, 6.15069, 6.33413, 0, 0, 0, 0, 0
422650, 9.828, 9.81046, 10, 0.172004, 0.189535, 6.15368, 6.36604, 0, 0, 0, 0, 0
422661, 10.1681, 9.828, 10, -0.168101, 0.172004, 5.87341, 6.37172, 0, 0, 0, 0, 0
422671, 10.1576, 10.1576, 10, -0.157582, -0.157582, 5.86394, 6.10072, 0, 0, 0, 0, 0
422680, 9.82449, 9.82449, 10, 0.17551, 0.17551, 6.13964, 6.37642, 0, 0, 0, 0, 0
422690, 9.80345, 10.1541, 10, 0.196548, -0.154077, 6.17772, 6.1058, 0, 0, 0, 0, 0
422701, 9.82449, 10.1751, 10, 0.17551, -0.175114, 6.1811, 6.07011, 0, 0, 0, 0, 0
422711, 10.1751, 10.1681, 10, -0.175114, -0.168101, 5.89196, 6.05677, 0, 0, 0, 0, 0
422720, 10.1541, 9.80345, 10, -0.154077, 0.196548, 5.89097, 6.35908, 0, 0, 0, 0, 0
422730, 10.1751, 9.8315, 10, -0.175114, 0.168498, 5.85528, 6.35629, 0, 0, 0, 0, 0
422740, 9.82098, 10.1751, 10, 0.179017, -0.175114, 6.14755, 6.07254, 0, 0, 0, 0, 0
422751, 9.80345, 10.1365, 10, 0.196548, -0.136545, 6.18293, 6.08698, 0, 0, 0, 0, 0
422760, 10.1611, 9.82098, 10, -0.161089, 0.179017, 5.88996, 6.3496, 0, 0, 0, 0, 0
422770, 10.1716, 9.828, 10, -0.171608, 0.172004, 5.86275, 6.36337, 0, 0, 0, 0, 0
422780, 9.828, 10.1681, 10, 0.172004, -0.168101, 6.14615, 6.0831, 0, 0, 0, 0, 0
422791, 10.1436, 10.1541, 10, -0.143558, -0.154077, 5.88749, 6.07672, 0, 0, 0, 0, 0
422801, 10.1786, 9.82449, 10, -0.17862, 0.17551, 5.84062, 6.34972, 0, 0, 0, 0, 0
422810, 9.8315, 10.1856, 10, 0.168498, -0.185633, 6.12633, 6.05132, 0, 0, 0, 0, 0
422820, 9.81046, 10.1506, 10, 0.189535, -0.15057, 6.16363, 6.06151, 0, 0, 0, 0, 0
422831, 10.1611, 9.81046, 10, -0.161089, 0.189535, 5.87605, 6.34416, 0, 0, 0, 0, 0
422841, 10.1576, 9.81748, 10, -0.157582, 0.182523, 5.86119, 6.35911, 0, 0, 0, 0, 0
422850, 10.1611, 9.81748, 10, -0.161089, 0.182523, 5.84054, 6.37945, 0, 0, 0, 0, 0
422860, 9.828, 9.82449, 10, 0.172004, 0.17551, 6.11585, 6.39362, 0, 0, 0, 0, 0
422871, 10.1751, 10.1751, 10, -0.175114, -0.175114, 5.82941, 6.10448, 0, 0, 0, 0, 0
422881, 9.80696, 10.1365, 10, 0.193042, -0.136545, 6.13402, 6.11892, 0, 0, 0, 0, 0
422890, 9.82449, 9.828, 10, 0.17551, 0.172004, 6.1401, 6.37536, 0, 0, 0, 0, 0
422900, 9.79995, 9.80696, 10, 0.200054, 0.193042, 6.18127, 6.41305, 0, 0, 0, 0, 0
422910, 10.8729, 10.1786, 10, -0.872856, -0.17862, 5.25895, 6.10734, 0, 0, 0, 0, 0
422921, 10.1681, 9.82098, 10, -0.168101, 0.179017, 5.78216, 6.40231, 0, 0, 0, 0, 0
422930, 9.46685, 9.80696, 10, 0.533147, 0.193042, 6.38082, 6.4346, 0, 0, 0, 0, 0
422940, 9.47387, 9.82098, 10, 0.526134, 0.179017, 6.43406, 6.44377, 0, 0, 0, 0, 0
422950, 9.81046, 10.1611, 10, 0.189535, -0.161089, 6.19634, 6.16428, 0, 0, 0, 0, 0
422961, 10.1716, 10.1821, 10, -0.171608, -0.182126, 5.89951, 6.12781, 0, 0, 0, 0, 0
422971, 10.1611, 9.79644, 10, -0.161089, 0.20356, 5.88964, 6.44708, 0, 0, 0, 0, 0
422980, 10.1681, 9.8315, 10, -0.168101, 0.168498, 5.86552, 6.4389, 0, 0, 0, 0, 0
422990, 9.79995, 10.1506, 10, 0.200054, -0.15057, 6.17092, 6.17676, 0, 0, 0, 0, 0
423001, 9.84202, 10.1891, 10, 0.157979, -0.189138, 6.15617, 6.12602, 0, 0, 0, 0, 0
423011, 10.1541, 10.1471, 10, -0.154077, -0.147064, 5.89903, 6.14199, 0, 0, 0, 0, 0
423020, 10.1541, 9.81748, 10, -0.154077, 0.182523, 5.88186, 6.41577, 0, 0, 0, 0, 0
423030, 9.81748, 9.81748, 10, 0.182523, 0.182523, 6.16104, 6.43611, 0, 0, 0, 0, 0
423041, 9.82449, 10.1611, 10, 0.17551, -0.161089, 6.17521, 6.15393, 0, 0, 0, 0, 0
423051, 9.80345, 10.5117, 10, 0.196548, -0.511713, 6.21329, 5.82728, 0, 0, 0, 0, 0
423060, 10.1891, 9.83501, 10, -0.189138, 0.164991, 5.89563, 6.36604, 0, 0, 0, 0, 0
423070, 9.81748, 9.81046, 10, 0.182523, 0.189535, 6.20177, 6.40604, 0, 0, 0, 0, 0
423080, 10.1576, 10.1716, 10, -0.157582, -0.171608, 5.92267, 6.1092, 0, 0, 0, 0, 0
423091, 10.5047, 9.79293, 10, -0.504701, 0.207067, 5.5995, 6.42347, 0, 0, 0, 0, 0
423101, 10.1751, 10.1786, 10, -0.175114, -0.17862, 5.83343, 6.10698, 0, 0, 0, 0, 0
423110, 9.47387, 9.8315, 10, 0.526134, 0.168498, 6.43131, 6.39268, 0, 0, 0, 0, 0
423120, 9.82098, 9.82098, 10, 0.179017, 0.179017, 6.18433, 6.42072, 0, 0, 0, 0, 0
423131, 10.1611, 9.81046, 10, -0.161089, 0.189535, 5.90485, 6.44993, 0, 0, 0, 0, 0
423141, 10.1541, 10.1506, 10, -0.154077, -0.15057, 5.89307, 6.17162, 0, 0, 0, 0, 0
423150, 10.1821, 10.1821, 10, -0.182126, -0.182126, 5.8512, 6.12706, 0, 0, 0, 0, 0
423160, 9.81748, 9.80696, 10, 0.182523, 0.193042, 6.15195, 6.43707, 0, 0, 0, 0, 0
423171, 10.1541, 10.1541, 10, -0.154077, -0.154077, 5.87594, 6.15297, 0, 0, 0, 0, 0
423181, 9.82098, 10.1786, 10, 0.179017, -0.17862, 6.15204, 6.11419, 0, 0, 0, 0, 0
423190, 10.1786, 9.828, 10, -0.17862, 0.172004, 5.85711, 6.40298, 0, 0, 0, 0, 0
423200, 9.80696, 9.79995, 10, 0.193042, 0.200054, 6.16443, 6.44685, 0, 0, 0, 0, 0
423211, 10.1576, 9.82098, 10, -0.157582, 0.179017, 5.87724, 6.45062, 0, 0, 0, 0, 0
423221, 10.1611, 10.1576, 10, -0.161089, -0.157582, 5.8566, 6.17422, 0, 0, 0, 0, 0
423230, 9.828, 10.1716, 10, 0.172004, -0.171608, 6.1319, 6.14431, 0, 0, 0, 0, 0
423240, 9.82098, 10.1576, 10, 0.179017, -0.157582, 6.15725, 6.13753, 0, 0, 0, 0, 0
423250, 10.1681, 9.828, 10, -0.168101, 0.172004, 5.87159, 6.41015, 0, 0, 0, 0, 0
423261, 10.4907, 9.79995, 10, -0.490676, 0.200054, 5.56885, 6.45401, 0, 0, 0, 0, 0
423271, 9.828, 10.1716, 10, 0.172004, -0.171608, 6.09761, 6.14909, 0, 0, 0, 0, 0
423280, 9.47737, 9.83501, 10, 0.522629, 0.164991, 6.42547, 6.42631, 0, 0, 0, 0, 0
423290, 9.81748, 10.1506, 10, 0.182523, -0.15057, 6.18428, 6.16687, 0, 0, 0, 0, 0
423301, 10.5082, 9.82449, 10, -0.508206, 0.17551, 5.59649, 6.43718, 0, 0, 0, 0, 0
423311, 10.1576, 10.1576, 10, -0.157582, -0.157582, 5.84855, 6.16348, 0, 0, 0, 0, 0
423320, 9.828, 9.828, 10, 0.172004, 0.172004, 6.12116, 6.43609, 0, 0, 0, 0, 0
423330, 9.82449, 9.82449, 10, 0.17551, 0.17551, 6.14342, 6.45834, 0, 0, 0, 0, 0
423341, 10.1611, 10.1541, 10, -0.161089, -0.154077, 5.86663, 6.18773, 0, 0, 0, 0, 0
423351, 9.80696, 10.1541, 10, 0.193042, -0.154077, 6.16046, 6.17056, 0, 0, 0, 0, 0
423360, 9.82098, 9.81748, 10, 0.179017, 0.182523, 6.16963, 6.44974, 0, 0, 0, 0, 0
423370, 10.1576, 10.1681, 10, -0.157582, -0.168101, 5.89323, 6.16138, 0, 0, 0, 0, 0
423380, 10.1786, 10.1751, 10, -0.17862, -0.175114, 5.85714, 6.13647, 0, 0, 0, 0, 0
423391, 10.1365, 10.1506, 10, -0.136545, -0.15057, 5.87428, 6.13857, 0, 0, 0, 0, 0
423400, 9.8315, 9.828, 10, 0.168498, 0.172004, 6.12763, 6.40579, 0, 0, 0, 0, 0
423410, 9.8315, 9.83501, 10, 0.168498, 0.164991, 6.14641, 6.41878, 0, 0, 0, 0, 0
423420, 10.1611, 10.1541, 10, -0.161089, -0.154077, 5.87501, 6.15626, 0, 0, 0, 0, 0
423431, 10.1471, 10.1471, 10, -0.147064, -0.147064, 5.86941, 6.14526, 0, 0, 0, 0, 0
423441, 10.1856, 9.828, 10, -0.185633, 0.172004, 5.81906, 6.40978, 0, 0, 0, 0, 0
423450, 9.81046, 9.47737, 10, 0.189535, 0.522629, 6.12868, 6.73765, 0, 0, 0, 0, 0
423460, 9.81046, 10.1611, 10, 0.189535, -0.161089, 6.1498, 6.19393, 0, 0, 0, 0, 0
423471, 9.82098, 10.1611, 10, 0.179017, -0.161089, 6.16166, 6.17598, 0, 0, 0, 0, 0
423481, 10.1576, 10.1541, 10, -0.157582, -0.154077, 5.88526, 6.1642, 0, 0, 0, 0, 0
423490, 10.1681, 9.828, 10, -0.168101, 0.172004, 5.85844, 6.43412, 0, 0, 0, 0, 0
423500, 10.1681, 9.81748, 10, -0.168101, 0.182523, 5.83971, 6.46255, 0, 0, 0, 0, 0
423511, 9.828, 10.1786, 10, 0.172004, -0.17862, 6.12041, 6.16493, 0, 0, 0, 0, 0
423521, 9.78943, 10.1365, 10, 0.210573, -0.136545, 6.17354, 6.18207, 0, 0, 0, 0, 0
423530, 9.82449, 10.1716, 10, 0.17551, -0.171608, 6.16613, 6.13598, 0, 0, 0, 0, 0
423540, 10.1856, 9.83851, 10, -0.185633, 0.161486, 5.86773, 6.41012, 0, 0, 0, 0, 0
423550, 10.1541, 9.80345, 10, -0.154077, 0.196548, 5.87483, 6.45899, 0, 0, 0, 0, 0
423561, 9.82098, 9.82098, 10, 0.179017, 0.179017, 6.15092, 6.46546, 0, 0, 0, 0, 0
423570, 10.1751, 9.82098, 10, -0.175114, 0.179017, 5.85909, 6.48541, 0, 0, 0, 0, 0
423580, 9.80345, 10.1506, 10, 0.196548, -0.15057, 6.16679, 6.21518, 0, 0, 0, 0, 0
423590, 9.828, 10.1856, 10, 0.172004, -0.185633, 6.16708, 6.16753, 0, 0, 0, 0, 0
423601, 10.1541, 10.1471, 10, -0.154077, -0.147064, 5.89917, 6.1808, 0, 0, 0, 0, 0
423611, 9.82449, 9.82449, 10, 0.17551, 0.17551, 6.17217, 6.44841, 0, 0, 0, 0, 0
423620, 10.1611, 9.82098, 10, -0.161089, 0.179017, 5.89538, 6.47106, 0, 0, 0, 0, 0
423630, 10.1611, 10.1611, 10, -0.161089, -0.161089, 5.87743, 6.19157, 0, 0, 0, 0, 0
423641, 9.82449, 10.1681, 10, 0.17551, -0.168101, 6.15583, 6.16745, 0, 0, 0, 0, 0
423651, 9.81046, 9.82098, 10, 0.189535, 0.179017, 6.18773, 6.45432, 0, 0, 0, 0, 0
423660, 10.1751, 10.1751, 10, -0.175114, -0.175114, 5.88781, 6.16249, 0, 0, 0, 0, 0
423670, 10.1471, 10.1471, 10, -0.147064, -0.147064, 5.89299, 6.16767, 0, 0, 0, 0, 0
423681, 9.82098, 9.82098, 10, 0.179017, 0.179017, 6.16369, 6.43837, 0, 0, 0, 0, 0
423691, 9.828, 9.81748, 10, 0.172004, 0.182523, 6.17746, 6.46141, 0, 0, 0, 0, 0
423700, 10.1681, 10.1681, 10, -0.168101, -0.168101, 5.8972, 6.17305, 0, 0, 0, 0, 0
423710, 10.1576, 10.1611, 10, -0.157582, -0.161089, 5.88772, 6.16049, 0, 0, 0, 0, 0
423720, 10.1751, 9.82449, 10, -0.175114, 0.17551, 5.85473, 6.43889, 0, 0, 0, 0, 0
423731, 9.81046, 9.80696, 10, 0.189535, 0.193042, 6.15626, 6.47388, 0, 0, 0, 0, 0
423741, 9.82449, 9.82098, 10, 0.17551, 0.179017, 6.16503, 6.48305, 0, 0, 0, 0, 0
423750, 10.1541, 10.1751, 10, -0.154077, -0.175114, 5.89442, 6.19121, 0, 0, 0, 0, 0
423760, 10.1786, 10.1541, 10, -0.17862, -0.154077, 5.85564, 6.19022, 0, 0, 0, 0, 0
423771, 10.1471, 9.81748, 10, -0.147064, 0.182523, 5.86351, 6.4694, 0, 0, 0, 0, 0
423781, 9.8315, 10.1821, 10, 0.168498, -0.182126, 6.12495, 6.16869, 0, 0, 0, 0, 0
423790, 10.1716, 9.82098, 10, -0.171608, 0.179017, 5.84429, 6.46635, 0, 0, 0, 0, 0
423800, 9.81046, 10.1471, 10, 0.189535, -0.147064, 6.14313, 6.19922, 0, 0, 0, 0, 0
423811, 9.81748, 9.81748, 10, 0.182523, 0.182523, 6.15807, 6.473, 0, 0, 0, 0, 0
423821, 10.1506, 9.81748, 10, -0.15057, 0.182523, 5.88516, 6.49334, 0, 0, 0, 0, 0
423830, 10.1821, 10.1821, 10, -0.182126, -0.182126, 5.84059, 6.19264, 0, 0, 0, 0, 0
423840, 10.1611, 10.1541, 10, -0.161089, -0.154077, 5.83882, 6.19704, 0, 0, 0, 0, 0
423851, 9.80696, 9.82098, 10, 0.193042, 0.179017, 6.13265, 6.47313, 0, 0, 0, 0, 0
423861, 10.1681, 10.1681, 10, -0.168101, -0.168101, 5.83621, 6.18747, 0, 0, 0, 0, 0
423870, 9.828, 9.80696, 10, 0.172004, 0.193042, 6.11691, 6.48669, 0, 0, 0, 0, 0
423880, 10.1611, 10.1681, 10, -0.161089, -0.168101, 5.84282, 6.19025, 0, 0, 0, 0, 0
423890, 10.1611, 9.82449, 10, -0.161089, 0.17551, 5.82486, 6.47404, 0, 0, 0, 0, 0
423901, 10.1611, 10.1611, 10, -0.161089, -0.161089, 5.80691, 6.19725, 0, 0, 0, 0, 0
423911, 9.81748, 9.81046, 10, 0.182523, 0.189535, 6.09148, 6.48799, 0, 0, 0, 0, 0
423920, 9.82449, 9.828, 10, 0.17551, 0.172004, 6.10565, 6.49368, 0, 0, 0, 0, 0
423930, 10.1716, 9.82098, 10, -0.171608, 0.179017, 5.8196, 6.51902, 0, 0, 0, 0, 0
423941, 9.80696, 10.1506, 10, 0.193042, -0.15057, 6.12152, 6.2488, 0, 0, 0, 0, 0
423951, 9.81046, 9.80696, 10, 0.189535, 0.193042, 6.13994, 6.53454, 0, 0, 0, 0, 0
423960, 10.1611, 10.1751, 10, -0.161089, -0.175114, 5.85237, 6.23192, 0, 0, 0, 0, 0
423970, 10.1821, 9.8315, 10, -0.182126, 0.168498, 5.81589, 6.51493, 0, 0, 0, 0, 0
423981, 9.80696, 10.1576, 10, 0.193042, -0.157582, 6.12591, 6.24662, 0, 0, 0, 0, 0
423991, 9.82449, 10.1611, 10, 0.17551, -0.161089, 6.13198, 6.22597, 0, 0, 0, 0, 0
424000, 10.1471, 10.1541, 10, -0.147064, -0.154077, 5.86754, 6.21419, 0, 0, 0, 0, 0
424010, 9.83501, 10.1891, 10, 0.164991, -0.189138, 6.12589, 6.16615, 0, 0, 0, 0, 0
424020, 10.1611, 10.1611, 10, -0.161089, -0.161089, 5.85719, 6.16977, 0, 0, 0, 0, 0
424031, 9.81748, 10.1576, 10, 0.182523, -0.157582, 6.14176, 6.15491, 0, 0, 0, 0, 0
424040, 10.1611, 9.81748, 10, -0.161089, 0.182523, 5.85958, 6.43678, 0, 0, 0, 0, 0
424050, 10.1751, 9.828, 10, -0.175114, 0.172004, 5.82928, 6.44786, 0, 0, 0, 0, 0
424060, 9.80696, 10.1576, 10, 0.193042, -0.157582, 6.1339, 6.17686, 0, 0, 0, 0, 0
424071, 9.80696, 9.81046, 10, 0.193042, 0.189535, 6.15541, 6.4649, 0, 0, 0, 0, 0
424081, 9.82449, 9.80696, 10, 0.17551, 0.193042, 6.16149, 6.48911, 0, 0, 0, 0, 0
424090, 10.1821, 10.1962, 10, -0.182126, -0.196151, 5.86617, 6.16797, 0, 0, 0, 0, 0
424100, 10.1611, 10.1506, 10, -0.161089, -0.15057, 5.8644, 6.18624, 0, 0, 0, 0, 0
424111, 9.79293, 9.80696, 10, 0.207067, 0.193042, 6.17058, 6.47199, 0, 0, 0, 0, 0
424121, 10.1681, 9.81748, 10, -0.168101, 0.182523, 5.86335, 6.48424, 0, 0, 0, 0, 0
424130, 10.1821, 10.1786, 10, -0.182126, -0.17862, 5.83227, 6.18662, 0, 0, 0, 0, 0
424140, 10.1611, 10.1506, 10, -0.161089, -0.15057, 5.8305, 6.19141, 0, 0, 0, 0, 0
424151, 9.80696, 9.82449, 10, 0.193042, 0.17551, 6.12433, 6.46172, 0, 0, 0, 0, 0
424161, 9.81046, 9.80696, 10, 0.189535, 0.193042, 6.14275, 6.49671, 0, 0, 0, 0, 0
424170, 9.82098, 9.81748, 10, 0.179017, 0.182523, 6.15461, 6.50896, 0, 0, 0, 0, 0
424180, 10.1891, 10.1962, 10, -0.189138, -0.196151, 5.85043, 6.19591, 0, 0, 0, 0, 0
424190, 10.1365, 10.1436, 10, -0.136545, -0.143558, 5.87566, 6.22036, 0, 0, 0, 0, 0
424201, 9.81748, 9.81748, 10, 0.182523, 0.182523, 6.14136, 6.49145, 0, 0, 0, 0, 0
424210, 9.83501, 9.82449, 10, 0.164991, 0.17551, 6.14626, 6.50561, 0, 0, 0, 0, 0
424220, 10.1716, 10.1681, 10, -0.171608, -0.168101, 5.8683, 6.22265, 0, 0, 0, 0, 0
424230, 10.1471, 10.1576, 10, -0.147064, -0.157582, 5.87078, 6.21318, 0, 0, 0, 0, 0
424241, 9.828, 10.1786, 10, 0.172004, -0.17862, 6.13531, 6.1771, 0, 0, 0, 0, 0
424251, 9.79644, 10.1506, 10, 0.20356, -0.15057, 6.18226, 6.18189, 0, 0, 0, 0, 0
424260, 10.1856, 9.8315, 10, -0.185633, 0.168498, 5.86229, 6.44602, 0, 0, 0, 0, 0
424270, 9.82449, 9.81748, 10, 0.17551, 0.182523, 6.15956, 6.47714, 0, 0, 0, 0, 0
424281, 10.1576, 10.1681, 10, -0.157582, -0.168101, 5.88586, 6.18879, 0, 0, 0, 0, 0
424291, 10.1681, 9.81748, 10, -0.168101, 0.182523, 5.85904, 6.47875, 0, 0, 0, 0, 0
424300, 9.81748, 10.1576, 10, 0.182523, -0.157582, 6.149, 6.19966, 0, 0, 0, 0, 0
424310, 9.81046, 10.1576, 10, 0.189535, -0.157582, 6.17551, 6.1821, 0, 0, 0, 0, 0
424321, 10.1681, 9.8315, 10, -0.168101, 0.168498, 5.88177, 6.45162, 0, 0, 0, 0, 0
424331, 9.82449, 9.82098, 10, 0.17551, 0.179017, 6.16555, 6.47966, 0, 0, 0, 0, 0
424340, 10.1716, 10.1541, 10, -0.171608, -0.154077, 5.87951, 6.20635, 0, 0, 0, 0, 0
424350, 9.81748, 10.1751, 10, 0.182523, -0.175114, 6.17216, 6.17066, 0, 0, 0, 0, 0
424360, 10.1576, 9.81748, 10, -0.157582, 0.182523, 5.89307, 6.46601, 0, 0, 0, 0, 0
424371, 10.1716, 9.82098, 10, -0.171608, 0.179017, 5.86316, 6.48327, 0, 0, 0, 0, 0
424381, 10.1611, 10.1471, 10, -0.161089, -0.147064, 5.8533, 6.21613, 0, 0, 0, 0, 0
424390, 9.80345, 9.82098, 10, 0.196548, 0.179017, 6.15021, 6.48683, 0, 0, 0, 0, 0
424400, 9.82098, 9.82098, 10, 0.179017, 0.179017, 6.15669, 6.50678, 0, 0, 0, 0, 0
424411, 10.1751, 9.828, 10, -0.175114, 0.172004, 5.86485, 6.52055, 0, 0, 0, 0, 0
424421, 10.1576, 10.1541, 10, -0.157582, -0.154077, 5.86077, 6.25263, 0, 0, 0, 0, 0
424430, 9.82449, 10.1751, 10, 0.17551, -0.175114, 6.13647, 6.21694, 0, 0, 0, 0, 0
424440, 10.1681, 9.81748, 10, -0.168101, 0.182523, 5.85351, 6.5123, 0, 0, 0, 0, 0
424451, 9.82449, 10.1681, 10, 0.17551, -0.168101, 6.1373, 6.22394, 0, 0, 0, 0, 0
424461, 10.1541, 10.1541, 10, -0.154077, -0.154077, 5.86668, 6.21756, 0, 0, 0, 0, 0
424471, 9.82098, 9.828, 10, 0.179017, 0.172004, 6.14277, 6.48747, 0, 0, 0, 0, 0
424480, 10.1751, 10.1751, 0, -10.1751, -10.1751, -2.95325, -2.60316, 0, 0, 0, 0, 0
424491, 9.80345, 9.80696, 0, -9.80345, -9.80696, -3.75994, -3.41294, 0, 0, 0, 0, 0
424501, 4.55811, 4.55811, 0, -4.55811, -4.55811, -0.234331, 0.11537, 0, 0, 0, 0, 0
424510, -0.350624, 0, 0, 0.350624, 0, 3.57946, 3.62047, 0, 0, 0, 0, 0
424520, 1.05187, 1.05187, 0, -1.05187, -1.05187, 2.38375, 2.69438, 0, 0, 0, 0, 0
424530, 3.50624, 3.50624, 0, -3.50624, -3.50624, 0.105658, 0.416286, 0, 0, 0, 0, 0
424541, 3.85336, 3.50274, 0, -3.85336, -3.50274, -0.590681, 0.0286431, 0, 0, 0, 0, 0
424550, 1.4025, 1.75312, 0, -1.4025, -1.75312, 1.13769, 1.17869, 0, 0, 0, 0, 0
424560, 0, -0.350624, 0, 0, 0.350624, 2.21618, 2.83551, 0, 0, 0, 0, 0
424570, 0, 0.350624, 0, 0, -0.350624, 2.21618, 2.25719, 0, 0, 0, 0, 0
424581, 0.701248, 1.04486, 0, -0.701248, -1.04486, 1.59879, 1.6069, 0, 0, 0, 0, 0
424591, 1.04837, 1.39899, 0, -1.04837, -1.39899, 1.21503, 1.17867, 0, 0, 0, 0, 0
424600, 1.05187, 1.4025, 0, -1.05187, -1.4025, 1.09512, 1.01969, 0, 0, 0, 0, 0
424610, 0.701248, 0.350624, 0, -0.701248, -0.350624, 1.28659, 1.78948, 0, 0, 0, 0, 0
424621, 0.701248, 0.701248, 0, -0.701248, -0.701248, 1.20845, 1.44171, 0, 0, 0, 0, 0
424631, 0.347118, 0.697742, 0, -0.347118, -0.697742, 1.44209, 1.36665, 0, 0, 0, 0, 0
424640, 0.350624, 0.350624, 0, -0.350624, -0.350624, 1.40032, 1.59451, 0, 0, 0, 0, 0
424650, 0.701248, 0.350624, 0, -0.701248, -0.350624, 1.05255, 1.55543, 0, 0, 0, 0, 0
424660, 0.347118, 0.697742, 0, -0.347118, -0.697742, 1.28619, 1.21075, 0, 0, 0, 0, 0
424671, 0.350624, 0.350624, 0, -0.350624, -0.350624, 1.24441, 1.4386, 0, 0, 0, 0, 0
424680, 0.350624, 0.350624, 0, -0.350624, -0.350624, 1.20534, 1.39953, 0, 0, 0, 0, 0
424690, 0.350624, 0.350624, 0, -0.350624, -0.350624, 1.16627, 1.36046, 0, 0, 0, 0, 0
424700, 0, 0.350624, 0, 0, -0.350624, 1.43589, 1.32139, 0, 0, 0, 0, 0
424711, 0.347118, 0, 0, -0.347118, 0, 1.13028, 1.59101, 0, 0, 0, 0, 0
424720, 0.350624, 0, 0, -0.350624, 0, 1.08851, 1.59101, 0, 0, 0, 0, 0
424730, 0, 0.350624, 0, 0, -0.350624, 1.35813, 1.28231, 0, 0, 0, 0, 0
424740, 0.350624, 0.347118, 0, -0.350624, -0.347118, 1.04944, 1.24633, 0, 0, 0, 0, 0
424751, 0, 0.350624, 0, 0, -0.350624, 1.31906, 1.20456, 0, 0, 0, 0, 0
424761, 0.347118, 0, 0, -0.347118, 0, 1.01345, 1.47418, 0, 0, 0, 0, 0
424770, 0.350624, 0, 0, -0.350624, 0, 0.971683, 1.47418, 0, 0, 0, 0, 0
424780, 0, 0, 0, 0, 0, 1.24131, 1.47418, 0, 0, 0, 0, 0
424791, 0, 0.350624, 0, 0, -0.350624, 1.24131, 1.16548, 0, 0, 0, 0, 0
424801, 0, 0.350624, 0, 0, -0.350624, 1.24131, 1.12641, 0, 0, 0, 0, 0
424810, 0.350624, 0, 0, -0.350624, 0, 0.932609, 1.39603, 0, 0, 0, 0, 0
424820, 0, 0, 0, 0, 0, 1.20223, 1.39603, 0, 0, 0, 0, 0
424830, 0.350624, 0, 0, -0.350624, 0, 0.893536, 1.39603, 0, 0, 0, 0, 0
424841, 0, 0, 0, 0, 0, 1.16316, 1.39603, 0, 0, 0, 0, 0
424850, 0, 0.347118, 0, 0, -0.347118, 1.16316, 1.09042, 0, 0, 0, 0, 0
424860, 0, 0, 0, 0, 0, 1.16316, 1.35735, 0, 0, 0, 0, 0
424870, 0, 0, 0, 0, 0, 1.16316, 1.35735, 0, 0, 0, 0, 0
424881, 0.347118, 0, 0, -0.347118, 0, 0.857552, 1.35735, 0, 0, 0, 0, 0
424890, 0, 0, 0, 0, 0, 1.12448, 1.35735, 0, 0, 0, 0, 0
424900, 0, 0, 0, 0, 0, 1.12448, 1.35735, 0, 0, 0, 0, 0
424910, 0, 0, 0, 0, 0, 1.12448, 1.35735, 0, 0, 0, 0, 0
424921, 0, 0, 0, 0, 0, 1.12448, 1.35735, 0, 0, 0, 0, 0
424930, 0, 0, 0, 0, 0, 1.12448, 1.35735, 0, 0, 0, 0, 0
424940, 0, 0, 0, 0, 0, 1.12448, 1.35735, 0, 0, 0, 0, 0
424950, 0, 0, 0, 0, 0, 1.12448, 1.35735, 0, 0, 0, 0, 0
424961, 0, 0, 0, 0, 0, 1.12448, 1.35735, 0, 0, 0, 0, 0
424971, 0, 0, 0, 0, 0, 1.12448, 1.35735, 0, 0, 0, 0, 0
424980, 0, 0, 0, 0, 0, 1.12448, 1.35735, 0, 0, 0, 0, 0
424990, 0, 0, 0, 0, 0, 1.12448, 1.35735, 0, 0, 0, 0, 0
425000, 0, 0, 0, 0, 0, 1.12448, 1.35735, 0, 0, 0, 0, 0
425011, 0, 0.347118, 0, 0, -0.347118, 1.12448, 1.05174, 0, 0, 0, 0, 0
425020, 0, 0, 0, 0, 0, 1.12448, 1.31867, 0, 0, 0, 0, 0
425030, 0, 0, 0, 0, 0, 1.12448, 1.31867, 0, 0, 0, 0, 0
425040, 0, 0, 0, 0, 0, 1.12448, 1.31867, 0, 0, 0, 0, 0
425051, 0, 0, 0, 0, 0, 1.12448, 1.31867, 0, 0, 0, 0, 0
425060, 0, 0, 0, 0, 0, 1.12448, 1.31867, 0, 0, 0, 0, 0
425070, 0, 0, 0, 0, 0, 1.12448, 1.31867, 0, 0, 0, 0, 0
425080, 0, 0, 0, 0, 0, 1.12448, 1.31867, 0, 0, 0, 0, 0
425091, 0, 0, 0, 0, 0, 1.12448, 1.31867, 0, 0, 0, 0, 0
425100, 0, 0, 0, 0, 0, 1.12448, 1.31867, 0, 0, 0, 0, 0
425110, 0, 0, 0, 0, 0, 1.12448, 1.31867, 0, 0, 0, 0, 0
425120, 0, 0, 0, 0, 0, 1.12448, 1.31867, 0, 0, 0, 0, 0
425131, 0, 0, 0, 0, 0, 1.12448, 1.31867, 0, 0, 0, 0, 0
425141, 0, 0, 0, 0, 0, 1.12448, 1.31867, 0, 0, 0, 0, 0
425150, 0, 0, 0, 0, 0, 1.12448, 1.31867, 0, 0, 0, 0, 0
425160, 0, 0, 0, 0, 0, 1.12448, 1.31867, 0, 0, 0, 0, 0
425170, 0, 0, 0, 0, 0, 1.12448, 1.31867, 0, 0, 0, 0, 0
425181, 0, 0, 0, 0, 0, 1.12448, 1.31867, 0, 0, 0, 0, 0
425190, 0, 0, 0, 0, 0, 1.12448, 1.31867, 0, 0, 0, 0, 0
425200, 0, 0, 0, 0, 0, 1.12448, 1.31867, 0, 0, 0, 0, 0
425210, 0, 0, 0, 0, 0, 1.12448, 1.31867, 0, 0, 0, 0, 0
425221, 0, 0, 0, 0, 0, 1.12448, 1.31867, 0, 0, 0, 0, 0
425230, 0, 0, 0, 0, 0, 1.12448, 1.31867, 0, 0, 0, 0, 0
425240, 0, 0, 0, 0, 0, 1.12448, 1.31867, 0, 0, 0, 0, 0
425250, 0, 0, 0, 0, 0, 1.12448, 1.31867, 0, 0, 0, 0, 0
425261, 0, 0, 0, 0, 0, 1.12448, 1.31867, 0, 0, 0, 0, 0
425271, 0, 0, 0, 0, 0, 1.12448, 1.31867, 0, 0, 0, 0, 0
425280, 0, 0, 0, 0, 0, 1.12448, 1.31867, 0, 0, 0, 0, 0
425290, 0, 0, 0, 0, 0, 1.12448, 1.31867, 0, 0, 0, 0, 0
425300, 0, 0, 0, 0, 0, 1.12448, 1.31867, 0, 0, 0, 0, 0
425311, 0, 0, 0, 0, 0, 1.12448, 1.31867, 0, 0, 0, 0, 0
425320, 0, 0, 0, 0, 0, 1.12448, 1.31867, 0, 0, 0, 0, 0
425330, 0, 0, 0, 0, 0, 1.12448, 1.31867, 0, 0, 0, 0, 0
425340, 0, 0, 0, 0, 0, 1.12448, 1.31867, 0, 0, 0, 0, 0
425351, 0, 0, 0, 0, 0, 1.12448, 1.31867, 0, 0, 0, 0, 0
425360, 0, 0, 0, 0, 0, 1.12448, 1.31867, 0, 0, 0, 0, 0
425370, 0, 0, 0, 0, 0, 1.12448, 1.31867, 0, 0, 0, 0, 0
425380, 0, 0, 0, 0, 0, 1.12448, 1.31867, 0, 0, 0, 0, 0
425391, 0, 0, 0, 0, 0, 1.12448, 1.31867, 0, 0, 0, 0, 0
425400, 0, 0, 0, 0, 0, 1.12448, 1.31867, 0, 0, 0, 0, 0
425410, 0, 0, 0, 0, 0, 1.12448, 1.31867, 0, 0, 0, 0, 0
425420, 0, 0, 0, 0, 0, 1.12448, 1.31867, 0, 0, 0, 0, 0
425431, 0, 0, 0, 0, 0, 1.12448, 1.31867, 0, 0, 0, 0, 0
425441, 0, 0, 0, 0, 0, 1.12448, 1.31867, 0, 0, 0, 0, 0
425450, 0, 0, 0, 0, 0, 1.12448, 1.31867, 0, 0, 0, 0, 0
425460, 0, 0, 0, 0, 0, 1.12448, 1.31867, 0, 0, 0, 0, 0
425470, 0, 0, 0, 0, 0, 1.12448, 1.31867, 0, 0, 0, 0, 0
425481, 0, 0, 0, 0, 0, 1.12448, 1.31867, 0, 0, 0, 0, 0
425490, 0, 0, 0, 0, 0, 1.12448, 1.31867, 0, 0, 0, 0, 0
425500, 0, 0, 0, 0, 0, 1.12448, 1.31867, 0, 0, 0, 0, 0
425510, 0, 0, 0, 0, 0, 1.12448, 1.31867, 0, 0, 0, 0, 0
425521, 0, 0, 0, 0, 0, 1.12448, 1.31867, 0, 0, 0, 0, 0
425530, 0, 0, 0, 0, 0, 1.12448, 1.31867, 0, 0, 0, 0, 0
425540, 0, 0, 0, 0, 0, 1.12448, 1.31867, 0, 0, 0, 0, 0
425550, 0, 0, 0, 0, 0, 1.12448, 1.31867, 0, 0, 0, 0, 0
425561, 0, 0, 0, 0, 0, 1.12448, 1.31867, 0, 0, 0, 0, 0
425570, 0, 0, 0, 0, 0, 1.12448, 1.31867, 0, 0, 0, 0, 0
425580, 0, 0, 0, 0, 0, 1.12448, 1.31867, 0, 0, 0, 0, 0
425590, 0, 0, 0, 0, 0, 1.12448, 1.31867, 0, 0, 0, 0, 0
425601, 0, 0, 0, 0, 0, 1.12448, 1.31867, 0, 0, 0, 0, 0
425611, 0, 0, 0, 0, 0, 1.12448, 1.31867, 0, 0, 0, 0, 0
425620, 0, 0, 0, 0, 0, 1.12448, 1.31867, 0, 0, 0, 0, 0
425630, 0, 0, 0, 0, 0, 1.12448, 1.31867, 0, 0, 0, 0, 0
425640, 0, 0, 0, 0, 0, 1.12448, 1.31867, 0, 0, 0, 0, 0
425651, 0, 0, 0, 0, 0, 1.12448, 1.31867, 0, 0, 0, 0, 0
425660, 0, 0, 0, 0, 0, 1.12448, 1.31867, 0, 0, 0, 0, 0
425670, 0, 0, 0, 0, 0, 1.12448, 1.31867, 0, 0, 0, 0, 0
425680, 0, 0, 0, 0, 0, 1.12448, 1.31867, 0, 0, 0, 0, 0
425691, 0, 0, 0, 0, 0, 1.12448, 1.31867, 0, 0, 0, 0, 0
425700, 0, 0, 0, 0, 0, 1.12448, 1.31867, 0, 0, 0, 0, 0
425710, 0, 0, 0, 0, 0, 1.12448, 1.31867, 0, 0, 0, 0, 0
425720, 0, 0, 0, 0, 0, 1.12448, 1.31867, 0, 0, 0, 0, 0
425731, 0, 0, 0, 0, 0, 1.12448, 1.31867, 0, 0, 0, 0, 0
425740, 0, 0, 0, 0, 0, 1.12448, 1.31867, 0, 0, 0, 0, 0
425750, 0, 0, 0, 0, 0, 1.12448, 1.31867, 0, 0, 0, 0, 0
425760, 0, 0, 0, 0, 0, 1.12448, 1.31867, 0, 0, 0, 0, 0
425771, 0, 0, 0, 0, 0, 1.12448, 1.31867, 0, 0, 0, 0, 0
425781, 0, 0, 0, 0, 0, 1.12448, 1.31867, 0, 0, 0, 0, 0
425790, 0, 0, 0, 0, 0, 1.12448, 1.31867, 0, 0, 0, 0, 0
425800, 0, 0, 0, 0, 0, 1.12448, 1.31867, 0, 0, 0, 0, 0
425810, 0, 0, 0, 0, 0, 1.12448, 1.31867, 0, 0, 0, 0, 0
425821, 0, 0, 0, 0, 0, 1.12448, 1.31867, 0, 0, 0, 0, 0
425830, 0, 0, 0, 0, 0, 1.12448, 1.31867, 0, 0, 0, 0, 0
425840, 0, 0, 0, 0, 0, 1.12448, 1.31867, 0, 0, 0, 0, 0
425850, 0, 0, 0, 0, 0, 1.12448, 1.31867, 0, 0, 0, 0, 0
425861, 0, 0, 0, 0, 0, 1.12448, 1.31867, 0, 0, 0, 0, 0
425870, 0, 0, 0, 0, 0, 1.12448, 1.31867, 0, 0, 0, 0, 0
425880, 0, 0, 0, 0, 0, 1.12448, 1.31867, 0, 0, 0, 0, 0
425890, 0, 0, 0, 0, 0, 1.12448, 1.31867, 0, 0, 0, 0, 0
425901, 0, 0, 0, 0, 0, 1.12448, 1.31867, 0, 0, 0, 0, 0
425911, 0, 0, 0, 0, 0, 1.12448, 1.31867, 0, 0, 0, 0, 0
425920, 0, 0, 0, 0, 0, 1.12448, 1.31867, 0, 0, 0, 0, 0
425930, 0, 0, 0, 0, 0, 1.12448, 1.31867, 0, 0, 0, 0, 0
425940, 0, 0, 0, 0, 0, 1.12448, 1.31867, 0, 0, 0, 0, 0
425951, 0, 0, 0, 0, 0, 1.12448, 1.31867, 0, 0, 0, 0, 0
425960, 0, 0, 0, 0, 0, 1.12448, 1.31867, 0, 0, 0, 0, 0
425970, 0, 0, 0, 0, 0, 1.12448, 1.31867, 0, 0, 0, 0, 0
425980, 0, 0, 0, 0, 0, 1.12448, 1.31867, 0, 0, 0, 0, 0
425991, 0, 0, 0, 0, 0, 1.12448, 1.31867, 0, 0, 0, 0, 0
426000, 0, 0, 0, 0, 0, 1.12448, 1.31867, 0, 0, 0, 0, 0
426010, 0, 0, 0, 0, 0, 1.12448, 1.31867, 0, 0, 0, 0, 0
426020, 0, 0, 0, 0, 0, 1.12448, 1.31867, 0, 0, 0, 0, 0
426031, 0, 0, 0, 0, 0, 1.12448, 1.31867, 0, 0, 0, 0, 0
426040, 0, 0, 0, 0, 0, 1.12448, 1.31867, 0, 0, 0, 0, 0
426050, 0, 0, 0, 0, 0, 1.12448, 1.31867, 0, 0, 0, 0, 0
426060, 0, 0, 0, 0, 0, 1.12448, 1.31867, 0, 0, 0, 0, 0
426071, 0, 0, 0, 0, 0, 1.12448, 1.31867, 0, 0, 0, 0, 0
426081, 0, 0, 0, 0, 0, 1.12448, 1.31867, 0, 0, 0, 0, 0
426090, 0, 0, 0, 0, 0, 1.12448, 1.31867, 0, 0, 0, 0, 0
426100, 0, 0, 0, 0, 0, 1.12448, 1.31867, 0, 0, 0, 0, 0
426110, 0, 0, 0, 0, 0, 1.12448, 1.31867, 0, 0, 0, 0, 0
426121, 0, 0, 0, 0, 0, 1.12448, 1.31867, 0, 0, 0, 0, 0
426130, 0, 0, 0, 0, 0, 1.12448, 1.31867, 0, 0, 0, 0, 0
426140, 0, 0, 0, 0, 0, 1.12448, 1.31867, 0, 0, 0, 0, 0
426150, 0, 0, 0, 0, 0, 1.12448, 1.31867, 0, 0, 0, 0, 0
426161, 0, 0, 0, 0, 0, 1.12448, 1.31867, 0, 0, 0, 0, 0
426170, 0, 0, 0, 0, 0, 1.12448, 1.31867, 0, 0, 0, 0, 0
426180, 0, 0, 0, 0, 0, 1.12448, 1.31867, 0, 0, 0, 0, 0
426190, 0, 0, 0, 0, 0, 1.12448, 1.31867, 0, 0, 0, 0, 0
426201, 0, 0, 0, 0, 0, 1.12448, 1.31867, 0, 0, 0, 0, 0
426210, 0, 0, 0, 0, 0, 1.12448, 1.31867, 0, 0, 0, 0, 0
426220, 0, 0, 0, 0, 0, 1.12448, 1.31867, 0, 0, 0, 0, 0
426230, 0, 0, 0, 0, 0, 1.12448, 1.31867, 0, 0, 0, 0, 0
426241, 0, 0, 0, 0, 0, 1.12448, 1.31867, 0, 0, 0, 0, 0
426251, 0, 0, 0, 0, 0, 1.12448, 1.31867, 0, 0, 0, 0, 0
426260, 0, 0, 0, 0, 0, 1.12448, 1.31867, 0, 0, 0, 0, 0
426270, 0, 0, 0, 0, 0, 1.12448, 1.31867, 0, 0, 0, 0, 0
426280, 0, 0, 0, 0, 0, 1.12448, 1.31867, 0, 0, 0, 0, 0
426291, 0, 0, 0, 0, 0, 1.12448, 1.31867, 0, 0, 0, 0, 0
426300, 0, 0, 0, 0, 0, 1.12448, 1.31867, 0, 0, 0, 0, 0
426310, 0, 0, 0, 0, 0, 1.12448, 1.31867, 0, 0, 0, 0, 0
426320, 0, 0, 0, 0, 0, 1.12448, 1.31867, 0, 0, 0, 0, 0
426331, 0, 0, 0, 0, 0, 1.12448, 1.31867, 0, 0, 0, 0, 0
426340, 0, 0, 0, 0, 0, 1.12448, 1.31867, 0, 0, 0, 0, 0
426350, 0, 0, 0, 0, 0, 1.12448, 1.31867, 0, 0, 0, 0, 0
426360, 0, 0, 0, 0, 0, 1.12448, 1.31867, 0, 0, 0, 0, 0
426371, 0, 0, 0, 0, 0, 1.12448, 1.31867, 0, 0, 0, 0, 0
426380, 0, 0, 0, 0, 0, 1.12448, 1.31867, 0, 0, 0, 0, 0
426390, 0, 0, 0, 0, 0, 1.12448, 1.31867, 0, 0, 0, 0, 0
426400, 0, 0, 0, 0, 0, 1.12448, 1.31867, 0, 0, 0, 0, 0
426411, 0, 0, 0, 0, 0, 1.12448, 1.31867, 0, 0, 0, 0, 0
426421, 0, 0, 0, 0, 0, 1.12448, 1.31867, 0, 0, 0, 0, 0
426430, 0, 0, 0, 0, 0, 1.12448, 1.31867, 0, 0, 0, 0, 0
426440, 0, 0, 0, 0, 0, 1.12448, 1.31867, 0, 0, 0, 0, 0
426450, 0, 0, 0, 0, 0, 1.12448, 1.31867, 0, 0, 0, 0, 0
