QGPIORecord, QRC v6.1.0, 08-12-2021 @ 16:58:07, Windows 10 Version 2009, 10.0.19042, x86_64
Time, VoltA, voltB, desired_velocity, P, L, vA, vB, y, x, NaN, nu, S
4720, 0, 0, 0, 0, 0, 0, 0, 0.354951, 0, 0, 0, 0
4730, 0, 0, 0, 0, 0, 0, 0, 0.350238, 0, 0, 0, 0
4742, 0, 0, 0, 0, 0, 0, 0, 0.354951, 0, 0, 0, 0
4750, 0, 0, 0, 0, 0, 0, 0, 0.345653, 0, 0, 0, 0
4760, 0, 0, 0, 0, 0, 0, 0, 0.354951, 0, 0, 0, 0
4770, 0, 0, 0, 0, 0, 0, 0, 0.354951, 0, 0, 0, 0
4781, 0, 0, 0, 0, 0, 0, 0, 0.350238, 0, 0, 0, 0
4790, 0, 0, 0, 0, 0, 0, 0, 0.345653, 0, 0, 0, 0
4800, 0, 0, 0, 0, 0, 0, 0, 0.354951, 0, 0, 0, 0
4810, 0, 0, 0, 0, 0, 0, 0, 0.354951, 0, 0, 0, 0
4820, 0, 0, 0, 0, 0, 0, 0, 0.354951, 0, 0, 0, 0
4830, 0, 0, 0, 0, 0, 0, 0, 0.354951, 0, 0, 0, 0
4840, 0, 0, 0, 0, 0, 0, 0, 0.354951, 0, 0, 0, 0
4850, 0, 0, 0, 0, 0, 0, 0, 0.354951, 0, 0, 0, 0
4860, 0, 0, 0, 0, 0, 0, 0, 0.350238, 0, 0, 0, 0
4870, 0, 0, 0, 0, 0, 0, 0, 0.354951, 0, 0, 0, 0
4880, 0, 0, 0, 0, 0, 0, 0, 0.354951, 0, 0, 0, 0
4890, 0, 0, 0, 0, 0, 0, 0, 0.354951, 0, 0, 0, 0
4900, 0, 0, 0, 0, 0, 0, 0, 0.345653, 0, 0, 0, 0
4911, 0, 0, 0, 0, 0, 0, 0, 0.354951, 0, 0, 0, 0
4920, 0, 0, 0, 0, 0, 0, 0, 0.354951, 0, 0, 0, 0
4930, 0, 0, 0, 0, 0, 0, 0, 0.350238, 0, 0, 0, 0
4940, 0, 0, 0, 0, 0, 0, 0, 0.354951, 0, 0, 0, 0
4951, 0, 0, 0, 0, 0, 0, 0, 0.354951, 0, 0, 0, 0
4960, 0, 0, 0, 0, 0, 0, 0, 0.350238, 0, 0, 0, 0
4970, 0, 0, 0, 0, 0, 0, 0, 0.354951, 0, 0, 0, 0
4980, 0, 0, 0, 0, 0, 0, 0, 0.350238, 0, 0, 0, 0
4990, 0, 0, 0, 0, 0, 0, 0, 0.354951, 0, 0, 0, 0
5000, 0, 0, 0, 0, 0, 0, 0, 0.354951, 0, 0, 0, 0
5010, 0, 0, 0, 0, 0, 0, 0, 0.350238, 0, 0, 0, 0
5020, 0, 0, 0, 0, 0, 0, 0, 0.354951, 0, 0, 0, 0
5030, 0, 0, 0, 0, 0, 0, 0, 0.354951, 0, 0, 0, 0
5040, 0, 0, 0, 0, 0, 0, 0, 0.350238, 0, 0, 0, 0
5050, 0, 0, 0, 0, 0, 0, 0, 0.350238, 0, 0, 0, 0
5060, 0, 0, 0, 0, 0, 0, 0, 0.350238, 0, 0, 0, 0
5070, 0, 0, 0, 0, 0, 0, 0, 0.354951, 0, 0, 0, 0
5081, 0, 0, 0, 0, 0, 0, 0, 0.354951, 0, 0, 0, 0
5090, 0, 0, 0, 0, 0, 0, 0, 0.350238, 0, 0, 0, 0
5100, 0, 0, 0, 0, 0, 0, 0, 0.354951, 0, 0, 0, 0
5110, 0, 0, 0, 0, 0, 0, 0, 0.354951, 0, 0, 0, 0
5121, 0, 0, 0, 0, 0, 0, 0, 0.354951, 0, 0, 0, 0
5130, 0, 0, 0, 0, 0, 0, 0, 0.350238, 0, 0, 0, 0
5140, 0, 0, 0, 0, 0, 0, 0, 0.354951, 0, 0, 0, 0
5150, 0, 0, 0, 0, 0, 0, 0, 0.354951, 0, 0, 0, 0
5160, 0, 0, 0, 0, 0, 0, 0, 0.350238, 0, 0, 0, 0
5170, 0, 0, 0, 0, 0, 0, 0, 0.354951, 0, 0, 0, 0
5180, 0, 0, 0, 0, 0, 0, 0, 0.354951, 0, 0, 0, 0
5190, 0, 0, 0, 0, 0, 0, 0, 0.354951, 0, 0, 0, 0
5200, 0, 0, 0, 0, 0, 0, 0, 0.354951, 0, 0, 0, 0
5210, 0, 0, 0, 0, 0, 0, 0, 0.354951, 0, 0, 0, 0
5220, 0, 0, 0, 0, 0, 0, 0, 0.354951, 0, 0, 0, 0
5230, 0, 0, 0, 0, 0, 0, 0, 0.359796, 0, 0, 0, 0
5240, 0, 0, 0, 0, 0, 0, 0, 0.354951, 0, 0, 0, 0
5251, 0, 0, 0, 0, 0, 0, 0, 0.354951, 0, 0, 0, 0
5260, 0, 0, 0, 0, 0, 0, 0, 0.354951, 0, 0, 0, 0
5270, 0, 0, 0, 0, 0, 0, 0, 0.350238, 0, 0, 0, 0
5280, 0, 0, 0, 0, 0, 0, 0, 0.354951, 0, 0, 0, 0
5291, 0, 0, 0, 0, 0, 0, 0, 0.354951, 0, 0, 0, 0
5300, 0, 0, 0, 0, 0, 0, 0, 0.354951, 0, 0, 0, 0
5310, 0, 0, 0, 0, 0, 0, 0, 0.345653, 0, 0, 0, 0
5320, 0, 0, 0, 0, 0, 0, 0, 0.354951, 0, 0, 0, 0
5330, 0, 0, 0, 0, 0, 0, 0, 0.354951, 0, 0, 0, 0
5340, 0, 0, 0, 0, 0, 0, 0, 0.350238, 0, 0, 0, 0
5350, 0, 0, 0, 0, 0, 0, 0, 0.354951, 0, 0, 0, 0
5360, 0, 0, 0, 0, 0, 0, 0, 0.354951, 0, 0, 0, 0
5370, 0, 0, 0, 0, 0, 0, 0, 0.354951, 0, 0, 0, 0
5381, 0, 0, 0, 0, 0, 0, 0, 0.359796, 0, 0, 0, 0
5390, 0, 0, 0, 0, 0, 0, 0, 0.354951, 0, 0, 0, 0
5400, 0, 0, 0, 0, 0, 0, 0, 0.354951, 0, 0, 0, 0
5410, 0, 0, 0, 0, 0, 0, 0, 0.354951, 0, 0, 0, 0
5421, 0, 0, 0, 0, 0, 0, 0, 0.350238, 0, 0, 0, 0
5430, 0, 0, 0, 0, 0, 0, 0, 0.354951, 0, 0, 0, 0
5440, 0, 0, 0, 0, 0, 0, 0, 0.350238, 0, 0, 0, 0
5450, 0, 0, 0, 0, 0, 0, 0, 0.350238, 0, 0, 0, 0
5460, 0, 0, 0, 0, 0, 0, 0, 0.354951, 0, 0, 0, 0
5470, 0, 0, 0, 0, 0, 0, 0, 0.350238, 0, 0, 0, 0
5480, 0, 0, 0, 0, 0, 0, 0, 0.354951, 0, 0, 0, 0
5490, 0, 0, 0, 0, 0, 0, 0, 0.354951, 0, 0, 0, 0
5500, 0, 0, 0, 0, 0, 0, 0, 0.350238, 0, 0, 0, 0
5510, 0, 0, 0, 0, 0, 0, 0, 0.354951, 0, 0, 0, 0
5520, 0, 0, 0, 0, 0, 0, 0, 0.354951, 0, 0, 0, 0
5530, 0, 0, 0, 0, 0, 0, 0, 0.345653, 0, 0, 0, 0
5540, 0, 0, 0, 0, 0, 0, 0, 0.354951, -0.15, 0, 0, 0
5551, 0.147358, 0.164382, 11.012, 9.51812e-07, -0.999905, 0, 0, 0.350238, -0.350219, 0, 0.200238, 0.010001
5561, 0.445549, 0.497025, 11.2718, 9.51113e-07, -0.99905, 0, 0, 0.354951, -0.354943, 0, 0.00831056, 0.0010019
5570, 0.747221, 0.833549, 11.2721, 9.51113e-07, -0.99905, 0, 0, 0.354951, -0.354947, 0, 0.00367126, 0.0010019
5580, 1.0489, 1.17008, 11.2721, 9.51113e-07, -0.99905, 0, 0, 0.354951, -0.354947, 0, 0.00366691, 0.0010019
5591, 1.34123, 1.50142, 11.2721, 9.51113e-07, -0.99905, 0.697742, 0.347118, 0.354951, -0.354947, 0, 0.00366691, 0.0010019
5601, 1.62893, 1.82236, 11.2721, 9.51113e-07, -0.99905, 0.347118, 0.697742, 0.354951, -0.354947, 0, 0.00366691, 0.0010019
5611, 1.90505, 2.11996, 10.7612, 9.51113e-07, -0.99905, 1.05187, 1.39899, 0.345653, -0.345658, 0, -0.00563091, 0.0010019
5620, 2.17173, 2.40703, 11.2716, 9.51113e-07, -0.99905, 1.05187, 1.4025, 0.354951, -0.354938, 0, 0.0127898, 0.0010019
5630, 2.44055, 2.69122, 11.2721, 9.51113e-07, -0.99905, 1.4025, 2.10374, 0.354951, -0.354947, 0, 0.00367543, 0.0010019
5641, 2.69535, 2.95452, 11.2721, 9.51113e-07, -0.99905, 2.10024, 2.80149, 0.354951, -0.354947, 0, 0.00366691, 0.0010019
5651, 2.93262, 3.19826, 11.0131, 9.51113e-07, -0.99905, 2.45437, 3.15562, 0.350238, -0.350239, 0, -0.0010457, 0.0010019
5660, 3.15234, 3.42237, 11.0129, 9.51113e-07, -0.99905, 3.15211, 3.85687, 0.350238, -0.350235, 0, 0.00357828, 0.0010019
5670, 3.36144, 3.63988, 11.2718, 9.51113e-07, -0.99905, 3.50624, 3.85687, 0.354951, -0.354943, 0, 0.00829521, 0.0010019
5681, 3.54346, 3.83257, 10.0446, 9.51113e-07, -0.99905, 4.20749, 4.5511, 0.332612, -0.332629, 0, -0.0186677, 0.0010019
5691, 3.69823, 3.98957, 10.276, 9.51113e-07, -0.99905, 4.5476, 5.25235, 0.336844, -0.336837, 0, 0.0074794, 0.0010019
5701, 3.84662, 4.13416, 10.2763, 9.51113e-07, -0.99905, 4.91575, 5.61349, 0.336844, -0.336841, 0, 0.0033468, 0.0010019
5710, 3.98107, 4.26845, 10.2763, 9.51113e-07, -0.99905, 5.58895, 5.94308, 0.336844, -0.336841, 0, 0.00334299, 0.0010019
5721, 4.09986, 4.38521, 9.81708, 9.51113e-07, -0.99905, 5.62752, 6.32877, 0.328488, -0.328492, 0, -0.00501376, 0.0010019
5731, 4.20437, 4.49651, 10.2758, 9.51113e-07, -0.99905, 6.65485, 6.30773, 0.336844, -0.336833, 0, 0.0115425, 0.0010019
5741, 4.29808, 4.60623, 10.0437, 9.51113e-07, -0.99905, 6.66186, 6.66186, 0.332612, -0.332612, 0, -0.00088203, 0.0010019
5750, 4.38399, 4.70206, 10.0435, 9.51113e-07, -0.99905, 7.00547, 7.00547, 0.332612, -0.332609, 0, 0.00326335, 0.0010019
5761, 4.45438, 4.78058, 9.59598, 9.51113e-07, -0.99905, 7.37363, 7.37363, 0.324468, -0.324472, 0, -0.00487658, 0.0010019
5771, 4.5112, 4.83874, 9.38022, 9.51113e-07, -0.99905, 7.3561, 7.70672, 0.320549, -0.320549, 0, -0.00080514, 0.0010019
5781, 4.55778, 4.88551, 9.16998, 9.51113e-07, -0.99905, 7.71373, 7.71023, 0.316726, -0.316727, 0, -0.000774652, 0.0010019
5790, 4.59491, 4.92704, 9.37982, 9.51113e-07, -0.99905, 8.06085, 8.05734, 0.320549, -0.320542, 0, 0.00680193, 0.0010019
5800, 4.63012, 4.96632, 9.38001, 9.51113e-07, -0.99905, 8.06786, 8.07137, 0.320549, -0.320546, 0, 0.00305492, 0.0010019
5811, 4.66111, 5.00099, 9.38001, 9.51113e-07, -0.99905, 8.37641, 8.36589, 0.320549, -0.320546, 0, 0.0030514, 0.0010019
5821, 4.68713, 5.03001, 9.38001, 9.51113e-07, -0.99905, 8.43952, 8.45004, 0.320549, -0.320546, 0, 0.0030514, 0.0010019
5830, 4.70178, 5.04615, 8.56988, 9.51113e-07, -0.99905, 8.41498, 8.41849, 0.305805, -0.305816, 0, -0.0116923, 0.0010019
5840, 4.70113, 5.04014, 8.56913, 9.51113e-07, -0.99905, 8.77262, 9.12324, 0.305805, -0.305802, 0, 0.00277409, 0.0010019
5851, 4.69332, 5.02107, 8.37851, 9.51113e-07, -0.99905, 8.75859, 9.1022, 0.302336, -0.302336, 0, -0.00068152, 0.0010019
5861, 4.68556, 5.00199, 8.56895, 9.51113e-07, -0.99905, 8.76911, 9.12324, 0.305805, -0.305799, 0, 0.00619146, 0.0010019
5871, 4.67047, 4.97993, 8.19232, 9.51113e-07, -0.99905, 9.11973, 9.11623, 0.298947, -0.298951, 0, -0.00406674, 0.0010019
5880, 4.64088, 4.94692, 7.83229, 9.51113e-07, -0.99905, 9.11623, 9.11973, 0.292402, -0.292405, 0, -0.00388721, 0.0010019
5891, 4.60647, 4.90853, 7.83195, 9.51113e-07, -0.99905, 9.11973, 9.11623, 0.292402, -0.292399, 0, 0.00254181, 0.0010019
5901, 4.56991, 4.86277, 7.65818, 9.51113e-07, -0.99905, 9.1022, 9.4388, 0.289239, -0.28924, 0, -0.000614792, 0.0010019
5911, 4.52218, 4.8044, 7.00028, 9.51113e-07, -0.99905, 9.12324, 9.13025, 0.277269, -0.277278, 0, -0.00948191, 0.0010019
5920, 4.46545, 4.74624, 6.99966, 9.51113e-07, -0.99905, 9.11623, 8.7656, 0.277269, -0.277267, 0, 0.00226608, 0.0010019
5931, 4.40434, 4.68844, 6.99966, 9.51113e-07, -0.99905, 9.44932, 9.10571, 0.277269, -0.277267, 0, 0.00227705, 0.0010019
5941, 4.34551, 4.63312, 7.15873, 9.51113e-07, -0.99905, 9.10571, 8.75859, 0.280164, -0.280159, 0, 0.00517204, 0.0010019
5951, 4.28756, 4.56864, 6.39632, 9.51113e-07, -0.99905, 8.77963, 9.11623, 0.266286, -0.266297, 0, -0.0115465, 0.0010019
5960, 4.21917, 4.49235, 6.39561, 9.51113e-07, -0.99905, 9.12324, 8.78664, 0.266286, -0.266284, 0, 0.00206783, 0.0010019
5970, 4.15105, 4.42662, 6.39561, 9.51113e-07, -0.99905, 8.75859, 8.40797, 0.266286, -0.266284, 0, 0.00208053, 0.0010019
5981, 4.08772, 4.36643, 6.39561, 9.51113e-07, -0.99905, 8.7656, 8.41498, 0.266286, -0.266284, 0, 0.00208053, 0.0010019
5991, 4.02434, 4.30641, 6.39561, 9.51113e-07, -0.99905, 8.7621, 8.39745, 0.266286, -0.266284, 0, 0.00208053, 0.0010019
6000, 3.95807, 4.23777, 5.83992, 9.51113e-07, -0.99905, 8.4255, 8.43602, 0.256173, -0.25618, 0, -0.00803253, 0.0010019
6010, 3.87763, 4.1583, 5.32605, 9.51113e-07, -0.99905, 8.75158, 8.05384, 0.24683, -0.246837, 0, -0.0074522, 0.0010019
6021, 3.79342, 4.08005, 5.20328, 9.51113e-07, -0.99905, 8.07137, 7.71724, 0.244605, -0.244605, 0, -0.000501573, 0.0010019
6031, 3.71379, 4.00174, 5.32545, 9.51113e-07, -0.99905, 8.40797, 8.05734, 0.24683, -0.246826, 0, 0.00391605, 0.0010019
6041, 3.63291, 3.92723, 5.4502, 9.51113e-07, -0.99905, 8.41147, 7.71023, 0.249098, -0.249095, 0, 0.00400275, 0.0010019
6050, 3.55817, 3.86478, 5.45032, 9.51113e-07, -0.99905, 8.07487, 7.37363, 0.249098, -0.249097, 0, 0.00177512, 0.0010019
6061, 3.48482, 3.79861, 4.85001, 9.51113e-07, -0.99905, 7.70672, 7.3596, 0.238173, -0.238182, 0, -0.00915205, 0.0010019
6071, 3.40826, 3.72886, 4.84945, 9.51113e-07, -0.99905, 7.71373, 7.01248, 0.238173, -0.238172, 0, 0.00156756, 0.0010019
6081, 3.33634, 3.66449, 4.84945, 9.51113e-07, -0.99905, 7.3596, 6.99846, 0.238173, -0.238172, 0, 0.00157756, 0.0010019
6090, 3.26912, 3.59996, 4.84945, 9.51113e-07, -0.99905, 7.36311, 7.023, 0.238173, -0.238172, 0, 0.00157757, 0.0010019
6100, 3.20062, 3.52863, 4.40745, 9.51113e-07, -0.99905, 7.01248, 7.01248, 0.230129, -0.230135, 0, -0.0064664, 0.0010019
6111, 3.12539, 3.45533, 3.99526, 9.51113e-07, -0.99905, 7.01248, 6.30072, 0.222635, -0.222641, 0, -0.00606768, 0.0010019
6121, 3.04607, 3.38271, 4.09516, 9.51113e-07, -0.99905, 7.00547, 6.65485, 0.22446, -0.224457, 0, 0.00311773, 0.0010019
6130, 2.97144, 3.30982, 3.99497, 9.51113e-07, -0.99905, 6.66186, 6.31825, 0.222635, -0.222636, 0, -0.000491142, 0.0010019
6140, 2.89874, 3.23914, 3.8963, 9.51113e-07, -0.99905, 6.66186, 6.30773, 0.220841, -0.220842, 0, -0.000496194, 0.0010019
6151, 2.82619, 3.17385, 3.99479, 9.51113e-07, -0.99905, 6.65134, 5.9571, 0.222635, -0.222632, 0, 0.00305992, 0.0010019
6161, 2.75919, 3.10963, 3.61033, 9.51113e-07, -0.99905, 5.96061, 5.95009, 0.215637, -0.215642, 0, -0.00569728, 0.0010019
6170, 2.68905, 3.04186, 3.42707, 9.51113e-07, -0.99905, 6.31825, 5.62752, 0.212308, -0.21231, 0, -0.00216059, 0.0010019
6180, 2.61413, 2.97383, 3.24986, 9.51113e-07, -0.99905, 5.9571, 5.60648, 0.209086, -0.209088, 0, -0.00211029, 0.0010019
6191, 2.54632, 2.90342, 3.24969, 9.51113e-07, -0.99905, 5.60999, 5.60999, 0.209086, -0.209085, 0, 0.0010542, 0.0010019
6201, 2.47983, 2.83442, 3.3375, 9.51113e-07, -0.99905, 5.94659, 5.59947, 0.210684, -0.210682, 0, 0.00265518, 0.0010019
6211, 2.41336, 2.76551, 2.91216, 9.51113e-07, -0.99905, 5.26988, 5.26638, 0.202942, -0.202948, 0, -0.00665517, 0.0010019
6220, 2.35159, 2.69666, 2.99418, 9.51113e-07, -0.99905, 5.25235, 5.25235, 0.204442, -0.20444, 0, 0.00244021, 0.0010019
6231, 2.29111, 2.63443, 2.99426, 9.51113e-07, -0.99905, 5.25586, 4.90523, 0.204442, -0.204441, 0, 0.00097543, 0.0010019
6241, 2.23418, 2.57614, 2.91184, 9.51113e-07, -0.99905, 4.90523, 4.90523, 0.202942, -0.202942, 0, -0.000526026, 0.0010019
6251, 2.18183, 2.51786, 2.99418, 9.51113e-07, -0.99905, 4.91224, 4.90523, 0.204442, -0.20444, 0, 0.00244592, 0.0010019
6260, 2.12989, 2.45992, 2.59453, 9.51113e-07, -0.99905, 4.55811, 4.56513, 0.197167, -0.197173, 0, -0.00629942, 0.0010019
6270, 2.07837, 2.40239, 2.67168, 9.51113e-07, -0.99905, 4.55811, 4.55461, 0.198578, -0.198576, 0, 0.00224812, 0.0010019
6281, 2.02491, 2.3481, 2.44262, 9.51113e-07, -0.99905, 4.5511, 4.19697, 0.194408, -0.194411, 0, -0.00329952, 0.0010019
6291, 1.96541, 2.29742, 2.22324, 9.51113e-07, -0.99905, 4.56162, 3.86388, 0.19042, -0.190423, 0, -0.00319791, 0.0010019
6300, 1.90292, 2.23818, 2.22304, 9.51113e-07, -0.99905, 4.55461, 4.5511, 0.19042, -0.190419, 0, 0.000719517, 0.0010019
6310, 1.84985, 2.17898, 2.22304, 9.51113e-07, -0.99905, 3.85687, 3.86037, 0.19042, -0.190419, 0, 0.000723168, 0.0010019
6321, 1.80158, 2.13031, 2.22304, 9.51113e-07, -0.99905, 4.19697, 3.84635, 0.19042, -0.190419, 0, 0.000723168, 0.0010019
6331, 1.74954, 2.07749, 1.94522, 9.51113e-07, -0.99905, 3.86037, 3.86037, 0.185364, -0.185368, 0, -0.00433284, 0.0010019
6340, 1.69832, 2.02559, 1.94496, 9.51113e-07, -0.99905, 3.85687, 3.50624, 0.185364, -0.185363, 0, 0.000628084, 0.0010019
6350, 1.65276, 1.97481, 2.01294, 9.51113e-07, -0.99905, 3.50624, 3.85336, 0.186601, -0.186599, 0, 0.00186981, 0.0010019
6361, 1.60377, 1.92017, 1.68243, 9.51113e-07, -0.99905, 3.84985, 3.50274, 0.180585, -0.18059, 0, -0.00536011, 0.0010019
6371, 1.55036, 1.871, 1.68212, 9.51113e-07, -0.99905, 3.50624, 3.15562, 0.180585, -0.180584, 0, 0.000541687, 0.0010019
6381, 1.50709, 1.82274, 1.74641, 9.51113e-07, -0.99905, 3.15562, 3.50624, 0.181755, -0.181753, 0, 0.00171724, 0.0010019
6390, 1.46861, 1.77458, 1.68218, 9.51113e-07, -0.99905, 3.14861, 3.14861, 0.180585, -0.180585, 0, -0.0006008, 0.0010019
6401, 1.42922, 1.73587, 1.68212, 9.51113e-07, -0.99905, 3.15912, 2.8085, 0.180585, -0.180584, 0, 0.000546142, 0.0010019
6411, 1.38646, 1.6934, 1.43353, 9.51113e-07, -0.99905, 3.15211, 3.15211, 0.17606, -0.176064, 0, -0.00397687, 0.0010019
6421, 1.34042, 1.64733, 1.4333, 9.51113e-07, -0.99905, 3.15562, 2.80149, 0.17606, -0.17606, 0, 0.000462115, 0.0010019
6430, 1.3029, 1.60553, 1.37321, 9.51113e-07, -0.99905, 2.45437, 2.80499, 0.174967, -0.174967, 0, -0.000627324, 0.0010019
6440, 1.26693, 1.56016, 1.19757, 9.51113e-07, -0.99905, 2.80499, 2.80499, 0.171771, -0.171774, 0, -0.0027498, 0.0010019
6451, 1.22395, 1.51746, 1.1974, 9.51113e-07, -0.99905, 2.80149, 2.45086, 0.171771, -0.171771, 0, 0.000386596, 0.0010019
6461, 1.18571, 1.48009, 1.1974, 9.51113e-07, -0.99905, 2.45086, 2.44736, 0.171771, -0.171771, 0, 0.000389531, 0.0010019
6470, 1.15605, 1.44176, 1.14039, 9.51113e-07, -0.99905, 2.10374, 2.45788, 0.170734, -0.170734, 0, -0.000648156, 0.0010019
6480, 1.12634, 1.40856, 1.19735, 9.51113e-07, -0.99905, 2.45437, 2.10374, 0.171771, -0.17177, 0, 0.0014077, 0.0010019
6491, 1.08975, 1.37298, 0.973663, 9.51113e-07, -0.99905, 2.45086, 2.45086, 0.167699, -0.167703, 0, -0.00368142, 0.0010019
6501, 1.05413, 1.33325, 0.919278, 9.51113e-07, -0.99905, 2.10374, 2.10374, 0.166713, -0.166714, 0, -0.000673026, 0.0010019
6511, 1.02316, 1.30393, 0.973403, 9.51113e-07, -0.99905, 2.10374, 1.75312, 0.167699, -0.167698, 0, 0.00128409, 0.0010019
6520, 0.992952, 1.27547, 0.973454, 9.51113e-07, -0.99905, 2.10024, 2.10024, 0.167699, -0.167699, 0, 0.000317574, 0.0010019
6531, 0.968175, 1.24783, 1.02832, 9.51113e-07, -0.99905, 1.75312, 1.75312, 0.168698, -0.168697, 0, 0.00131519, 0.0010019
6541, 0.943399, 1.22019, 0.973505, 9.51113e-07, -0.99905, 2.10024, 2.10024, 0.167699, -0.1677, 0, -0.000663072, 0.0010019
6551, 0.917888, 1.19697, 0.973454, 9.51113e-07, -0.99905, 1.75312, 1.4025, 0.167699, -0.167699, 0, 0.000315771, 0.0010019
6560, 0.894176, 1.17575, 0.760761, 9.51113e-07, -0.99905, 1.75312, 1.75312, 0.163829, -0.163832, 0, -0.00355417, 0.0010019
6571, 0.867615, 1.14612, 0.760562, 9.51113e-07, -0.99905, 1.75312, 1.75312, 0.163829, -0.163828, 0, 0.000243858, 0.0010019
6581, 0.845789, 1.11654, 0.760562, 9.51113e-07, -0.99905, 1.39899, 1.74961, 0.163829, -0.163828, 0, 0.000247419, 0.0010019
6591, 0.823964, 1.09219, 0.760562, 9.51113e-07, -0.99905, 1.75312, 1.4025, 0.163829, -0.163828, 0, 0.000247419, 0.0010019
6600, 0.802139, 1.06779, 0.760562, 9.51113e-07, -0.99905, 1.39899, 1.75312, 0.163829, -0.163828, 0, 0.000247419, 0.0010019
6610, 0.785704, 1.04417, 0.812745, 9.51113e-07, -0.99905, 1.4025, 1.4025, 0.164778, -0.164777, 0, 0.0011971, 0.0010019
6621, 0.766561, 1.02282, 0.558169, 9.51113e-07, -0.99905, 1.39899, 1.39899, 0.160144, -0.160149, 0, -0.00436868, 0.0010019
6631, 0.744008, 1.0029, 0.557931, 9.51113e-07, -0.99905, 1.4025, 1.05187, 0.160144, -0.160144, 0, 0.000177249, 0.0010019
6640, 0.726144, 0.982915, 0.55793, 9.51113e-07, -0.99905, 1.04837, 1.4025, 0.160144, -0.160144, 0, 0.000181496, 0.0010019
6650, 0.708279, 0.962934, 0.55793, 9.51113e-07, -0.99905, 1.4025, 1.05187, 0.160144, -0.160144, 0, 0.000181511, 0.0010019
6661, 0.690368, 0.948187, 0.55793, 9.51113e-07, -0.99905, 1.05187, 1.05187, 0.160144, -0.160144, 0, 0.000181511, 0.0010019
6671, 0.677196, 0.928259, 0.55793, 9.51113e-07, -0.99905, 1.04837, 1.39899, 0.160144, -0.160144, 0, 0.000181511, 0.0010019
6681, 0.664023, 0.908331, 0.55793, 9.51113e-07, -0.99905, 1.05187, 1.05187, 0.160144, -0.160144, 0, 0.000181511, 0.0010019
6690, 0.650804, 0.893584, 0.55793, 9.51113e-07, -0.99905, 1.05187, 1.05187, 0.160144, -0.160144, 0, 0.000181511, 0.0010019
6701, 0.637632, 0.87889, 0.55793, 9.51113e-07, -0.99905, 1.04837, 1.04837, 0.160144, -0.160144, 0, 0.000181511, 0.0010019
6711, 0.629198, 0.86943, 0.55793, 9.51113e-07, -0.99905, 0.697742, 0.701248, 0.160144, -0.160144, 0, 0.000181511, 0.0010019
6721, 0.622828, 0.857037, 0.365014, 9.51113e-07, -0.99905, 0.701248, 1.05187, 0.156633, -0.156637, 0, -0.0033294, 0.0010019
6730, 0.609135, 0.841762, 0.364835, 9.51113e-07, -0.99905, 1.05187, 0.701248, 0.156633, -0.156633, 0, 0.000115469, 0.0010019
6740, 0.595439, 0.826485, 0.364834, 9.51113e-07, -0.99905, 0.701248, 1.05187, 0.156633, -0.156633, 0, 0.000118673, 0.0010019
6751, 0.586483, 0.816493, 0.364834, 9.51113e-07, -0.99905, 0.697742, 0.347118, 0.156633, -0.156633, 0, 0.000118688, 0.0010019
6761, 0.5769, 0.805803, 0.318015, 9.51113e-07, -0.99905, 0.701248, 1.05187, 0.155781, -0.155782, 0, -0.000733376, 0.0010019
6770, 0.562624, 0.789878, 0.36479, 9.51113e-07, -0.99905, 1.04837, 0.697742, 0.156633, -0.156633, 0, 0.000954717, 0.0010019
6780, 0.548975, 0.779886, 0.364834, 9.51113e-07, -0.99905, 0.701248, 0.701248, 0.156633, -0.156633, 0, 0.000119463, 0.0010019
6791, 0.540653, 0.775836, 0.412207, 9.51113e-07, -0.99905, 0.697742, 0.347118, 0.157496, -0.157495, 0, 0.000980839, 0.0010019
6801, 0.532331, 0.771787, 0.364878, 9.51113e-07, -0.99905, 0.701248, 0.701248, 0.156633, -0.156634, 0, -0.000727251, 0.0010019
6810, 0.523375, 0.761796, 0.364834, 9.51113e-07, -0.99905, 0.697742, 0.697742, 0.156633, -0.156633, 0, 0.000117898, 0.0010019
6820, 0.514418, 0.751805, 0.364834, 9.51113e-07, -0.99905, 0.701248, 0.701248, 0.156633, -0.156633, 0, 0.000118688, 0.0010019
6831, 0.505462, 0.741814, 0.364834, 9.51113e-07, -0.99905, 0.697742, 0.697742, 0.156633, -0.156633, 0, 0.000118688, 0.0010019
6841, 0.501197, 0.737056, 0.364834, 9.51113e-07, -0.99905, 0.350624, 0.350624, 0.156633, -0.156633, 0, 0.000118688, 0.0010019
6851, 0.496885, 0.732246, 0.364834, 9.51113e-07, -0.99905, 0.701248, 0.701248, 0.156633, -0.156633, 0, 0.000118688, 0.0010019
6860, 0.488516, 0.728144, 0.412207, 9.51113e-07, -0.99905, 0.701248, 0.350624, 0.157496, -0.157495, 0, 0.000980839, 0.0010019
6871, 0.480147, 0.724042, 0.364878, 9.51113e-07, -0.99905, 0.701248, 0.701248, 0.156633, -0.156634, 0, -0.000727251, 0.0010019
6881, 0.476517, 0.719992, 0.412208, 9.51113e-07, -0.99905, 0.347118, 0.347118, 0.157496, -0.157495, 0, 0.000980049, 0.0010019
6891, 0.472887, 0.715943, 0.364878, 9.51113e-07, -0.99905, 0.701248, 0.701248, 0.156633, -0.156634, 0, -0.000727266, 0.0010019
6900, 0.466113, 0.708387, 0.180788, 9.51113e-07, -0.99905, 0.350624, 0.350624, 0.153284, -0.153287, 0, -0.00323159, 0.0010019
6910, 0.456322, 0.697465, 0.135919, 9.51113e-07, -0.99905, 0.697742, 0.697742, 0.152471, -0.152471, 0, -0.000757754, 0.0010019
6921, 0.441837, 0.68654, 0.180574, 9.51113e-07, -0.99905, 0.701248, 0.350624, 0.153284, -0.153283, 0, 0.000856891, 0.0010019
6931, 0.432594, 0.676282, 0.180615, 9.51113e-07, -0.99905, 0.350624, 0.697742, 0.153284, -0.153284, 0, 5.95003e-05, 0.0010019
6940, 0.428649, 0.6667, 0.22583, 9.51113e-07, -0.99905, 0.350624, 0.350624, 0.154107, -0.154106, 0, 0.000881612, 0.0010019
6950, 0.420013, 0.6623, 0.180658, 9.51113e-07, -0.99905, 0.701248, 0.350624, 0.153284, -0.153285, 0, -0.000748634, 0.0010019
6961, 0.410819, 0.657277, 0.180615, 9.51113e-07, -0.99905, 0.347118, 0.347118, 0.153284, -0.153284, 0, 5.79953e-05, 0.0010019
6971, 0.406363, 0.652306, 0.180615, 9.51113e-07, -0.99905, 0.347118, 0.347118, 0.153284, -0.153284, 0, 5.87553e-05, 0.0010019
6980, 0.40186, 0.652517, 0.180615, 9.51113e-07, -0.99905, 0.350624, 0, 0.153284, -0.153284, 0, 5.87553e-05, 0.0010019
6990, 0.397357, 0.652727, 0.180615, 9.51113e-07, -0.99905, 0.347118, 0.347118, 0.153284, -0.153284, 0, 5.87553e-05, 0.0010019
7001, 0.397546, 0.652938, 0.180615, 9.51113e-07, -0.99905, 0, 0, 0.153284, -0.153284, 0, 5.87553e-05, 0.0010019
7011, 0.39834, 0.659005, 0.22583, 9.51113e-07, -0.99905, 0.347118, 0, 0.154107, -0.154106, 0, 0.000881612, 0.0010019
7021, 0.393844, 0.664406, 0.135962, 9.51113e-07, -0.99905, 0.350624, 0, 0.152471, -0.152472, 0, -0.00156207, 0.0010019
7030, 0.393388, 0.669131, 0.180574, 9.51113e-07, -0.99905, 0, 0, 0.153284, -0.153283, 0, 0.000856131, 0.0010019
7041, 0.393529, 0.674523, 0.180615, 9.51113e-07, -0.99905, 0.350624, 0, 0.153284, -0.153284, 0, 5.95003e-05, 0.0010019
7051, 0.393671, 0.674681, 0.180615, 9.51113e-07, -0.99905, 0, 0.350624, 0.153284, -0.153284, 0, 5.87553e-05, 0.0010019
7061, 0.398505, 0.674839, 0.180615, 9.51113e-07, -0.99905, 0, 0, 0.153284, -0.153284, 0, 5.87553e-05, 0.0010019
7070, 0.398647, 0.67505, 0.180615, 9.51113e-07, -0.99905, 0.350624, 0.347118, 0.153284, -0.153284, 0, 5.87553e-05, 0.0010019
7080, 0.398789, 0.67526, 0.180615, 9.51113e-07, -0.99905, 0, 0, 0.153284, -0.153284, 0, 5.87553e-05, 0.0010019
7091, 0.404228, 0.676146, 0.22583, 9.51113e-07, -0.99905, 0, 0.347118, 0.154107, -0.154106, 0, 0.000881612, 0.0010019
7101, 0.404975, 0.677032, 0.180658, 9.51113e-07, -0.99905, 0.350624, 0, 0.153284, -0.153285, 0, -0.000748634, 0.0010019
7110, 0.405118, 0.677191, 0.180615, 9.51113e-07, -0.99905, 0, 0.350624, 0.153284, -0.153284, 0, 5.79953e-05, 0.0010019
7120, 0.405307, 0.67735, 0.180615, 9.51113e-07, -0.99905, 0.347118, 0, 0.153284, -0.153284, 0, 5.87553e-05, 0.0010019
7131, 0.400804, 0.677508, 0.180615, 9.51113e-07, -0.99905, 0.350624, 0.350624, 0.153284, -0.153284, 0, 5.87553e-05, 0.0010019
7141, 0.400946, 0.677666, 0.180615, 9.51113e-07, -0.99905, 0, 0, 0.153284, -0.153284, 0, 5.87553e-05, 0.0010019
7151, 0.401088, 0.677877, 0.180615, 9.51113e-07, -0.99905, 0.350624, 0.347118, 0.153284, -0.153284, 0, 5.87553e-05, 0.0010019
7160, 0.40123, 0.678087, 0.180615, 9.51113e-07, -0.99905, 0, 0, 0.153284, -0.153284, 0, 5.87553e-05, 0.0010019
7171, 0.400229, 0.682153, 0.0917297, 9.51113e-07, -0.99905, 0.347118, 0, 0.151666, -0.151668, 0, -0.00155888, 0.0010019
7181, 0.399227, 0.686217, 0.180533, 9.51113e-07, -0.99905, 0, 0, 0.153284, -0.153282, 0, 0.00164598, 0.0010019
7190, 0.40406, 0.691608, 0.180615, 9.51113e-07, -0.99905, 0, 0, 0.153284, -0.153284, 0, 6.02305e-05, 0.0010019
7200, 0.409499, 0.697675, 0.22583, 9.51113e-07, -0.99905, 0, 0, 0.154107, -0.154106, 0, 0.000881612, 0.0010019
7211, 0.410293, 0.703743, 0.180658, 9.51113e-07, -0.99905, 0.347118, 0, 0.153284, -0.153285, 0, -0.000748634, 0.0010019
7221, 0.410483, 0.709136, 0.180615, 9.51113e-07, -0.99905, 0, 0, 0.153284, -0.153284, 0, 5.79953e-05, 0.0010019
7231, 0.415317, 0.709294, 0.180615, 9.51113e-07, -0.99905, 0, 0.350624, 0.153284, -0.153284, 0, 5.87553e-05, 0.0010019
7240, 0.416676, 0.710811, 0.27157, 9.51113e-07, -0.99905, 0.350624, 0, 0.154939, -0.154938, 0, 0.00171404, 0.0010019
7250, 0.418036, 0.717562, 0.180701, 9.51113e-07, -0.99905, 0, 0, 0.153284, -0.153285, 0, -0.0015654, 0.0010019
7261, 0.422871, 0.722955, 0.180615, 9.51113e-07, -0.99905, 0, 0, 0.153284, -0.153284, 0, 5.72354e-05, 0.0010019
7271, 0.42831, 0.729023, 0.22583, 9.51113e-07, -0.99905, 0, 0, 0.154107, -0.154106, 0, 0.000881612, 0.0010019
7280, 0.433749, 0.73509, 0.180658, 9.51113e-07, -0.99905, 0, 0, 0.153284, -0.153285, 0, -0.000748634, 0.0010019
7290, 0.434543, 0.741158, 0.22583, 9.51113e-07, -0.99905, 0.347118, 0, 0.154107, -0.154106, 0, 0.000880852, 0.0010019
7301, 0.435943, 0.742667, 0.225872, 9.51113e-07, -0.99905, 0, 0.350624, 0.154107, -0.154107, 0, 7.42227e-05, 0.0010019
7311, 0.436738, 0.743502, 0.180658, 9.51113e-07, -0.99905, 0.347118, 0, 0.153284, -0.153285, 0, -0.000749379, 0.0010019
7320, 0.436927, 0.748895, 0.180615, 9.51113e-07, -0.99905, 0, 0, 0.153284, -0.153284, 0, 5.79953e-05, 0.0010019
7330, 0.441761, 0.749105, 0.180615, 9.51113e-07, -0.99905, 0, 0.347118, 0.153284, -0.153284, 0, 5.87553e-05, 0.0010019
7341, 0.441903, 0.749316, 0.180615, 9.51113e-07, -0.99905, 0.350624, 0, 0.153284, -0.153284, 0, 5.87553e-05, 0.0010019
7351, 0.438005, 0.750201, 0.22583, 9.51113e-07, -0.99905, 0.347118, 0.347118, 0.154107, -0.154106, 0, 0.000881612, 0.0010019
7361, 0.4388, 0.745854, 0.180658, 9.51113e-07, -0.99905, 0, 0.350624, 0.153284, -0.153285, 0, -0.000748634, 0.0010019
7370, 0.438942, 0.740831, 0.180615, 9.51113e-07, -0.99905, 0.350624, 0.347118, 0.153284, -0.153284, 0, 5.79953e-05, 0.0010019
7380, 0.436732, 0.733184, 0.00484116, 9.51113e-07, -0.99905, 0, 0.350624, 0.150085, -0.150088, 0, -0.00314018, 0.0010019
7391, 0.432214, 0.722911, 0.00467725, 9.51113e-07, -0.99905, 0.347118, 0.347118, 0.150085, -0.150085, 0, -1.40071e-06, 0.0010019
7401, 0.423003, 0.712635, 0.00467725, 9.51113e-07, -0.99905, 0.350624, 0.350624, 0.150085, -0.150085, 0, 1.51992e-06, 0.0010019
7410, 0.413744, 0.702306, 0.00467725, 9.51113e-07, -0.99905, 0.350624, 0.350624, 0.150085, -0.150085, 0, 1.51992e-06, 0.0010019
7420, 0.405064, 0.687389, 0.0478765, 9.51113e-07, -0.99905, 0.350624, 0.701248, 0.150871, -0.15087, 0, 0.000787705, 0.0010019
7431, 0.395294, 0.671256, -0.0802394, 9.51113e-07, -0.99905, 0.347118, 0.347118, 0.148539, -0.148541, 0, -0.00231603, 0.0010019
7441, 0.389637, 0.659712, 0.00459775, 9.51113e-07, -0.99905, 0, 0.350624, 0.150085, -0.150084, 0, 0.00151786, 0.0010019
7450, 0.385116, 0.649435, 0.00467725, 9.51113e-07, -0.99905, 0.347118, 0.347118, 0.150085, -0.150085, 0, 2.93553e-06, 0.0010019
7460, 0.375951, 0.639211, 0.00467725, 9.51113e-07, -0.99905, 0.347118, 0.347118, 0.150085, -0.150085, 0, 1.51992e-06, 0.0010019
7471, 0.366739, 0.628935, 0.00467725, 9.51113e-07, -0.99905, 0.350624, 0.350624, 0.150085, -0.150085, 0, 1.51992e-06, 0.0010019
7481, 0.357528, 0.618659, 0.00467725, 9.51113e-07, -0.99905, 0.347118, 0.347118, 0.150085, -0.150085, 0, 1.51992e-06, 0.0010019
7491, 0.348316, 0.608383, 0.00467725, 9.51113e-07, -0.99905, 0.350624, 0.350624, 0.150085, -0.150085, 0, 1.51992e-06, 0.0010019
7500, 0.343178, 0.602651, -0.0380392, 9.51113e-07, -0.99905, 0, 0, 0.149308, -0.149308, 0, -0.000775874, 0.0010019
7511, 0.338039, 0.596971, 0.00463709, 9.51113e-07, -0.99905, 0.350624, 0.347118, 0.150085, -0.150084, 0, 0.000764295, 0.0010019
7521, 0.329405, 0.587392, 0.0478765, 9.51113e-07, -0.99905, 0.347118, 0.347118, 0.150871, -0.15087, 0, 0.00078842, 0.0010019
7531, 0.326042, 0.58364, 0.0479166, 9.51113e-07, -0.99905, 0, 0, 0.150871, -0.150871, 0, 1.63019e-05, 0.0010019
7540, 0.322054, 0.579244, 0.00471741, 9.51113e-07, -0.99905, 0.350624, 0.347118, 0.150085, -0.150086, 0, -0.000770599, 0.0010019
7550, 0.317488, 0.574203, 0.00467725, 9.51113e-07, -0.99905, 0, 0, 0.150085, -0.150085, 0, 8.04663e-07, 0.0010019
7561, 0.317613, 0.569161, 0.00467725, 9.51113e-07, -0.99905, 0, 0.347118, 0.150085, -0.150085, 0, 1.51992e-06, 0.0010019
7571, 0.313046, 0.564119, 0.00467725, 9.51113e-07, -0.99905, 0.350624, 0, 0.150085, -0.150085, 0, 1.51992e-06, 0.0010019
7580, 0.30848, 0.559025, 0.00467725, 9.51113e-07, -0.99905, 0, 0.350624, 0.150085, -0.150085, 0, 1.51992e-06, 0.0010019
7590, 0.303913, 0.553931, 0.00467725, 9.51113e-07, -0.99905, 0.350624, 0, 0.150085, -0.150085, 0, 1.51992e-06, 0.0010019
7601, 0.299346, 0.548836, 0.00467725, 9.51113e-07, -0.99905, 0, 0.350624, 0.150085, -0.150085, 0, 1.51992e-06, 0.0010019
7611, 0.299471, 0.543742, 0.00467725, 9.51113e-07, -0.99905, 0, 0, 0.150085, -0.150085, 0, 1.51992e-06, 0.0010019
7620, 0.299597, 0.543882, 0.00467725, 9.51113e-07, -0.99905, 0, 0, 0.150085, -0.150085, 0, 1.51992e-06, 0.0010019
7630, 0.29503, 0.544021, 0.00467725, 9.51113e-07, -0.99905, 0.350624, 0, 0.150085, -0.150085, 0, 1.51992e-06, 0.0010019
7641, 0.290463, 0.538927, 0.00467725, 9.51113e-07, -0.99905, 0, 0.350624, 0.150085, -0.150085, 0, 1.51992e-06, 0.0010019
7651, 0.289452, 0.532565, -0.0802804, 9.51113e-07, -0.99905, 0, 0, 0.148539, -0.14854, 0, -0.00154462, 0.0010019
7660, 0.288439, 0.531435, 0.00459775, 9.51113e-07, -0.99905, 0, 0, 0.150085, -0.150084, 0, 0.00151859, 0.0010019
7670, 0.283871, 0.531573, 0.00467725, 9.51113e-07, -0.99905, 0.350624, 0, 0.150085, -0.150085, 0, 2.93553e-06, 0.0010019
7681, 0.279882, 0.527124, 0.0478765, 9.51113e-07, -0.99905, 0, 0.350624, 0.150871, -0.15087, 0, 0.000787705, 0.0010019
7691, 0.280586, 0.522675, 0.00471741, 9.51113e-07, -0.99905, 0, 0, 0.150085, -0.150086, 0, -0.000769883, 0.0010019
7701, 0.28129, 0.52346, 0.0478765, 9.51113e-07, -0.99905, 0, 0, 0.150871, -0.15087, 0, 0.00078699, 0.0010019
7710, 0.281994, 0.524245, 0.00471741, 9.51113e-07, -0.99905, 0, 0, 0.150085, -0.150086, 0, -0.000769883, 0.0010019
7720, 0.282119, 0.519204, 0.00467725, 9.51113e-07, -0.99905, 0, 0.347118, 0.150085, -0.150085, 0, 8.04663e-07, 0.0010019
7731, 0.2776, 0.514162, 0.00467725, 9.51113e-07, -0.99905, 0.347118, 0, 0.150085, -0.150085, 0, 1.51992e-06, 0.0010019
7741, 0.27308, 0.514302, 0.00467725, 9.51113e-07, -0.99905, 0, 0, 0.150085, -0.150085, 0, 1.51992e-06, 0.0010019
7750, 0.273783, 0.515086, 0.0478765, 9.51113e-07, -0.99905, 0, 0, 0.150871, -0.15087, 0, 0.000787705, 0.0010019
7760, 0.273915, 0.515234, -0.0379983, 9.51113e-07, -0.99905, 0, 0, 0.149308, -0.149309, 0, -0.00154728, 0.0010019
7771, 0.273469, 0.514736, 0.00463709, 9.51113e-07, -0.99905, 0, 0, 0.150085, -0.150084, 0, 0.000763565, 0.0010019
7781, 0.274172, 0.515519, 0.0478765, 9.51113e-07, -0.99905, 0, 0, 0.150871, -0.15087, 0, 0.00078842, 0.0010019
7790, 0.274875, 0.511071, 0.00471741, 9.51113e-07, -0.99905, 0, 0.350624, 0.150085, -0.150086, 0, -0.000769883, 0.0010019
7800, 0.275001, 0.505977, 0.00467725, 9.51113e-07, -0.99905, 0, 0, 0.150085, -0.150085, 0, 8.04663e-07, 0.0010019
7811, 0.275126, 0.506117, 0.00467725, 9.51113e-07, -0.99905, 0, 0, 0.150085, -0.150085, 0, 1.51992e-06, 0.0010019
7821, 0.275251, 0.506256, 0.00467725, 9.51113e-07, -0.99905, 0, 0, 0.150085, -0.150085, 0, 1.51992e-06, 0.0010019
7830, 0.275955, 0.507041, 0.0478765, 9.51113e-07, -0.99905, 0, 0, 0.150871, -0.15087, 0, 0.000787705, 0.0010019
7840, 0.276658, 0.507826, 0.00471741, 9.51113e-07, -0.99905, 0, 0, 0.150085, -0.150086, 0, -0.000769883, 0.0010019
7851, 0.276784, 0.507966, 0.00467725, 9.51113e-07, -0.99905, 0, 0, 0.150085, -0.150085, 0, 8.04663e-07, 0.0010019
7861, 0.277487, 0.508751, 0.0478765, 9.51113e-07, -0.99905, 0, 0, 0.150871, -0.15087, 0, 0.000787705, 0.0010019
7871, 0.278191, 0.509536, 0.00471741, 9.51113e-07, -0.99905, 0, 0, 0.150085, -0.150086, 0, -0.000769883, 0.0010019
7880, 0.278317, 0.509676, 0.00467725, 9.51113e-07, -0.99905, 0, 0, 0.150085, -0.150085, 0, 8.04663e-07, 0.0010019
7890, 0.27375, 0.509816, 0.00467725, 9.51113e-07, -0.99905, 0.350624, 0, 0.150085, -0.150085, 0, 1.51992e-06, 0.0010019
7901, 0.269184, 0.509955, 0.00467725, 9.51113e-07, -0.99905, 0, 0, 0.150085, -0.150085, 0, 1.51992e-06, 0.0010019
7911, 0.268737, 0.509457, -0.0380392, 9.51113e-07, -0.99905, 0, 0, 0.149308, -0.149308, 0, -0.000775874, 0.0010019
7920, 0.26829, 0.508959, 0.00463709, 9.51113e-07, -0.99905, 0, 0, 0.150085, -0.150084, 0, 0.000764295, 0.0010019
7930, 0.268993, 0.509743, 0.0478765, 9.51113e-07, -0.99905, 0, 0, 0.150871, -0.15087, 0, 0.00078842, 0.0010019
7941, 0.270275, 0.511173, 0.0479166, 9.51113e-07, -0.99905, 0, 0, 0.150871, -0.150871, 0, 1.63019e-05, 0.0010019
7951, 0.270979, 0.511958, 0.00471741, 9.51113e-07, -0.99905, 0, 0, 0.150085, -0.150086, 0, -0.000770599, 0.0010019
7960, 0.271683, 0.512743, 0.0478765, 9.51113e-07, -0.99905, 0, 0, 0.150871, -0.15087, 0, 0.00078699, 0.0010019
7970, 0.272387, 0.513529, 0.00471741, 9.51113e-07, -0.99905, 0, 0, 0.150085, -0.150086, 0, -0.000769883, 0.0010019
7981, 0.27309, 0.514314, 0.0478765, 9.51113e-07, -0.99905, 0, 0, 0.150871, -0.15087, 0, 0.00078699, 0.0010019
7991, 0.273794, 0.515099, 0.00471741, 9.51113e-07, -0.99905, 0, 0, 0.150085, -0.150086, 0, -0.000769883, 0.0010019
8001, 0.27392, 0.515239, 0.00467725, 9.51113e-07, -0.99905, 0, 0, 0.150085, -0.150085, 0, 8.04663e-07, 0.0010019
8010, 0.274623, 0.516024, 0.0478765, 9.51113e-07, -0.99905, 0, 0, 0.150871, -0.15087, 0, 0.000787705, 0.0010019
8020, 0.275327, 0.516809, 0.00471741, 9.51113e-07, -0.99905, 0, 0, 0.150085, -0.150086, 0, -0.000769883, 0.0010019
8031, 0.275453, 0.516949, 0.00467725, 9.51113e-07, -0.99905, 0, 0, 0.150085, -0.150085, 0, 8.04663e-07, 0.0010019
8041, 0.275578, 0.517089, 0.00467725, 9.51113e-07, -0.99905, 0, 0, 0.150085, -0.150085, 0, 1.51992e-06, 0.0010019
8050, 0.275703, 0.517228, 0.00467725, 9.51113e-07, -0.99905, 0, 0, 0.150085, -0.150085, 0, 1.51992e-06, 0.0010019
8060, 0.275828, 0.517368, 0.00467725, 9.51113e-07, -0.99905, 0, 0, 0.150085, -0.150085, 0, 1.51992e-06, 0.0010019
8071, 0.275953, 0.517507, 0.00467725, 9.51113e-07, -0.99905, 0, 0, 0.150085, -0.150085, 0, 1.51992e-06, 0.0010019
8081, 0.276078, 0.517647, 0.00467725, 9.51113e-07, -0.99905, 0, 0, 0.150085, -0.150085, 0, 1.51992e-06, 0.0010019
8090, 0.276782, 0.518432, 0.0478765, 9.51113e-07, -0.99905, 0, 0, 0.150871, -0.15087, 0, 0.000787705, 0.0010019
8100, 0.277485, 0.519217, 0.00471741, 9.51113e-07, -0.99905, 0, 0, 0.150085, -0.150086, 0, -0.000769883, 0.0010019
8111, 0.277611, 0.519357, 0.00467725, 9.51113e-07, -0.99905, 0, 0, 0.150085, -0.150085, 0, 8.04663e-07, 0.0010019
8121, 0.277736, 0.519497, 0.00467725, 9.51113e-07, -0.99905, 0, 0, 0.150085, -0.150085, 0, 1.51992e-06, 0.0010019
8131, 0.277861, 0.514402, 0.00467725, 9.51113e-07, -0.99905, 0, 0.350624, 0.150085, -0.150085, 0, 1.51992e-06, 0.0010019
8140, 0.277987, 0.509308, 0.00467725, 9.51113e-07, -0.99905, 0, 0, 0.150085, -0.150085, 0, 1.51992e-06, 0.0010019
8151, 0.278112, 0.509448, 0.00467725, 9.51113e-07, -0.99905, 0, 0, 0.150085, -0.150085, 0, 1.51992e-06, 0.0010019
8161, 0.278815, 0.510232, 0.0478765, 9.51113e-07, -0.99905, 0, 0, 0.150871, -0.15087, 0, 0.000787705, 0.0010019
8171, 0.278382, 0.509749, -0.0802394, 9.51113e-07, -0.99905, 0, 0, 0.148539, -0.148541, 0, -0.00231603, 0.0010019
8180, 0.27737, 0.50862, 0.00459775, 9.51113e-07, -0.99905, 0, 0, 0.150085, -0.150084, 0, 0.00151786, 0.0010019
8190, 0.277494, 0.508758, 0.00467725, 9.51113e-07, -0.99905, 0, 0, 0.150085, -0.150085, 0, 2.93553e-06, 0.0010019
8201, 0.277619, 0.508898, 0.00467725, 9.51113e-07, -0.99905, 0, 0, 0.150085, -0.150085, 0, 1.51992e-06, 0.0010019
8211, 0.277744, 0.509038, 0.00467725, 9.51113e-07, -0.99905, 0, 0, 0.150085, -0.150085, 0, 1.51992e-06, 0.0010019
8220, 0.277869, 0.509177, 0.00467725, 9.51113e-07, -0.99905, 0, 0, 0.150085, -0.150085, 0, 1.51992e-06, 0.0010019
8230, 0.277995, 0.509317, 0.00467725, 9.51113e-07, -0.99905, 0, 0, 0.150085, -0.150085, 0, 1.51992e-06, 0.0010019
8241, 0.278698, 0.510102, 0.0478765, 9.51113e-07, -0.99905, 0, 0, 0.150871, -0.15087, 0, 0.000787705, 0.0010019
8251, 0.279402, 0.510887, 0.00471741, 9.51113e-07, -0.99905, 0, 0, 0.150085, -0.150086, 0, -0.000769883, 0.0010019
8260, 0.279527, 0.511027, 0.00467725, 9.51113e-07, -0.99905, 0, 0, 0.150085, -0.150085, 0, 8.04663e-07, 0.0010019
8270, 0.274961, 0.511167, 0.00467725, 9.51113e-07, -0.99905, 0.350624, 0, 0.150085, -0.150085, 0, 1.51992e-06, 0.0010019
8281, 0.270394, 0.511306, 0.00467725, 9.51113e-07, -0.99905, 0, 0, 0.150085, -0.150085, 0, 1.51992e-06, 0.0010019
8291, 0.270519, 0.511446, 0.00467725, 9.51113e-07, -0.99905, 0, 0, 0.150085, -0.150085, 0, 1.51992e-06, 0.0010019
8300, 0.270644, 0.511586, 0.00467725, 9.51113e-07, -0.99905, 0, 0, 0.150085, -0.150085, 0, 1.51992e-06, 0.0010019
8310, 0.270769, 0.511725, 0.00467725, 9.51113e-07, -0.99905, 0, 0, 0.150085, -0.150085, 0, 1.51992e-06, 0.0010019
8321, 0.271473, 0.51251, 0.0478765, 9.51113e-07, -0.99905, 0, 0, 0.150871, -0.15087, 0, 0.000787705, 0.0010019
8331, 0.272176, 0.513295, 0.00471741, 9.51113e-07, -0.99905, 0, 0, 0.150085, -0.150086, 0, -0.000769883, 0.0010019
8341, 0.272302, 0.513435, 0.00467725, 9.51113e-07, -0.99905, 0, 0, 0.150085, -0.150085, 0, 8.04663e-07, 0.0010019
8350, 0.272427, 0.513575, 0.00467725, 9.51113e-07, -0.99905, 0, 0, 0.150085, -0.150085, 0, 1.51992e-06, 0.0010019
8360, 0.272553, 0.513714, 0.00467725, 9.51113e-07, -0.99905, 0, 0, 0.150085, -0.150085, 0, 1.51992e-06, 0.0010019
8371, 0.272678, 0.513854, 0.00467725, 9.51113e-07, -0.99905, 0, 0, 0.150085, -0.150085, 0, 1.51992e-06, 0.0010019
8381, 0.272803, 0.513994, 0.00467725, 9.51113e-07, -0.99905, 0, 0, 0.150085, -0.150085, 0, 1.51992e-06, 0.0010019
8390, 0.272356, 0.513496, -0.0380392, 9.51113e-07, -0.99905, 0, 0, 0.149308, -0.149308, 0, -0.000775874, 0.0010019
8400, 0.271909, 0.512997, 0.00463709, 9.51113e-07, -0.99905, 0, 0, 0.150085, -0.150084, 0, 0.000764295, 0.0010019
8411, 0.272034, 0.513136, 0.00467725, 9.51113e-07, -0.99905, 0, 0, 0.150085, -0.150085, 0, 2.23517e-06, 0.0010019
8421, 0.272737, 0.513921, 0.0478765, 9.51113e-07, -0.99905, 0, 0, 0.150871, -0.15087, 0, 0.000787705, 0.0010019
8430, 0.273441, 0.514706, 0.00471741, 9.51113e-07, -0.99905, 0, 0, 0.150085, -0.150086, 0, -0.000769883, 0.0010019
8440, 0.273567, 0.514846, 0.00467725, 9.51113e-07, -0.99905, 0, 0, 0.150085, -0.150085, 0, 8.04663e-07, 0.0010019
8451, 0.273692, 0.514986, 0.00467725, 9.51113e-07, -0.99905, 0, 0, 0.150085, -0.150085, 0, 1.51992e-06, 0.0010019
8461, 0.273817, 0.515125, 0.00467725, 9.51113e-07, -0.99905, 0, 0, 0.150085, -0.150085, 0, 1.51992e-06, 0.0010019
8470, 0.27452, 0.51591, 0.0478765, 9.51113e-07, -0.99905, 0, 0, 0.150871, -0.15087, 0, 0.000787705, 0.0010019
8480, 0.275224, 0.516695, 0.00471741, 9.51113e-07, -0.99905, 0, 0, 0.150085, -0.150086, 0, -0.000769883, 0.0010019
8491, 0.275928, 0.51748, 0.0478765, 9.51113e-07, -0.99905, 0, 0, 0.150871, -0.15087, 0, 0.00078699, 0.0010019
8501, 0.27721, 0.51891, 0.0479166, 9.51113e-07, -0.99905, 0, 0, 0.150871, -0.150871, 0, 1.63019e-05, 0.0010019
8511, 0.277343, 0.519058, -0.0379983, 9.51113e-07, -0.99905, 0, 0, 0.149308, -0.149309, 0, -0.00154799, 0.0010019
8520, 0.276896, 0.51856, 0.00463709, 9.51113e-07, -0.99905, 0, 0, 0.150085, -0.150084, 0, 0.000763565, 0.0010019
8530, 0.277021, 0.518699, 0.00467725, 9.51113e-07, -0.99905, 0, 0, 0.150085, -0.150085, 0, 2.23517e-06, 0.0010019
8541, 0.277146, 0.518839, 0.00467725, 9.51113e-07, -0.99905, 0, 0, 0.150085, -0.150085, 0, 1.51992e-06, 0.0010019
8551, 0.277271, 0.518979, 0.00467725, 9.51113e-07, -0.99905, 0, 0, 0.150085, -0.150085, 0, 1.51992e-06, 0.0010019
8560, 0.277396, 0.519118, 0.00467725, 9.51113e-07, -0.99905, 0, 0, 0.150085, -0.150085, 0, 1.51992e-06, 0.0010019
8570, 0.2781, 0.519903, 0.0478765, 9.51113e-07, -0.99905, 0, 0, 0.150871, -0.15087, 0, 0.000787705, 0.0010019
8581, 0.278803, 0.520688, 0.00471741, 9.51113e-07, -0.99905, 0, 0, 0.150085, -0.150086, 0, -0.000769883, 0.0010019
8591, 0.278929, 0.520828, 0.00467725, 9.51113e-07, -0.99905, 0, 0, 0.150085, -0.150085, 0, 8.04663e-07, 0.0010019
8600, 0.279632, 0.521613, 0.0478765, 9.51113e-07, -0.99905, 0, 0, 0.150871, -0.15087, 0, 0.000787705, 0.0010019
8610, 0.280336, 0.522398, 0.00471741, 9.51113e-07, -0.99905, 0, 0, 0.150085, -0.150086, 0, -0.000769883, 0.0010019
8621, 0.28104, 0.523183, 0.0478765, 9.51113e-07, -0.99905, 0, 0, 0.150871, -0.15087, 0, 0.00078699, 0.0010019
8631, 0.281744, 0.523968, 0.00471741, 9.51113e-07, -0.99905, 0, 0, 0.150085, -0.150086, 0, -0.000769883, 0.0010019
8641, 0.281869, 0.524108, 0.00467725, 9.51113e-07, -0.99905, 0, 0, 0.150085, -0.150085, 0, 8.04663e-07, 0.0010019
8650, 0.282573, 0.519711, 0.0478765, 9.51113e-07, -0.99905, 0, 0.347118, 0.150871, -0.15087, 0, 0.000787705, 0.0010019
8660, 0.283276, 0.515315, 0.00471741, 9.51113e-07, -0.99905, 0, 0, 0.150085, -0.150086, 0, -0.000769883, 0.0010019
8671, 0.283402, 0.515455, 0.00467725, 9.51113e-07, -0.99905, 0, 0, 0.150085, -0.150085, 0, 8.04663e-07, 0.0010019
8681, 0.284105, 0.516239, 0.0478765, 9.51113e-07, -0.99905, 0, 0, 0.150871, -0.15087, 0, 0.000787705, 0.0010019
8690, 0.284809, 0.517024, 0.00471741, 9.51113e-07, -0.99905, 0, 0, 0.150085, -0.150086, 0, -0.000769883, 0.0010019
8700, 0.280243, 0.517165, 0.00467725, 9.51113e-07, -0.99905, 0.350624, 0, 0.150085, -0.150085, 0, 8.04663e-07, 0.0010019
8711, 0.275676, 0.517304, 0.00467725, 9.51113e-07, -0.99905, 0, 0, 0.150085, -0.150085, 0, 1.51992e-06, 0.0010019
8721, 0.276379, 0.518089, 0.0478765, 9.51113e-07, -0.99905, 0, 0, 0.150871, -0.15087, 0, 0.000787705, 0.0010019
8730, 0.277083, 0.518874, 0.00471741, 9.51113e-07, -0.99905, 0, 0, 0.150085, -0.150086, 0, -0.000769883, 0.0010019
8740, 0.277209, 0.519014, 0.00467725, 9.51113e-07, -0.99905, 0, 0, 0.150085, -0.150085, 0, 8.04663e-07, 0.0010019
8751, 0.277334, 0.519154, 0.00467725, 9.51113e-07, -0.99905, 0, 0, 0.150085, -0.150085, 0, 1.51992e-06, 0.0010019
8761, 0.277459, 0.519294, 0.00467725, 9.51113e-07, -0.99905, 0, 0, 0.150085, -0.150085, 0, 1.51992e-06, 0.0010019
8770, 0.277584, 0.519433, 0.00467725, 9.51113e-07, -0.99905, 0, 0, 0.150085, -0.150085, 0, 1.51992e-06, 0.0010019
8780, 0.27771, 0.519573, 0.00467725, 9.51113e-07, -0.99905, 0, 0, 0.150085, -0.150085, 0, 1.51992e-06, 0.0010019
8791, 0.277835, 0.519713, 0.00467725, 9.51113e-07, -0.99905, 0, 0, 0.150085, -0.150085, 0, 1.51992e-06, 0.0010019
8801, 0.277388, 0.519215, -0.0380392, 9.51113e-07, -0.99905, 0, 0, 0.149308, -0.149308, 0, -0.000775874, 0.0010019
8811, 0.276941, 0.518716, 0.00463709, 9.51113e-07, -0.99905, 0, 0, 0.150085, -0.150084, 0, 0.000764295, 0.0010019
8820, 0.277066, 0.518855, 0.00467725, 9.51113e-07, -0.99905, 0, 0, 0.150085, -0.150085, 0, 2.23517e-06, 0.0010019
8830, 0.277769, 0.519639, 0.0478765, 9.51113e-07, -0.99905, 0, 0, 0.150871, -0.15087, 0, 0.000787705, 0.0010019
8841, 0.278473, 0.515243, 0.00471741, 9.51113e-07, -0.99905, 0, 0.347118, 0.150085, -0.150086, 0, -0.000769883, 0.0010019
8851, 0.278599, 0.510202, 0.00467725, 9.51113e-07, -0.99905, 0, 0, 0.150085, -0.150085, 0, 8.04663e-07, 0.0010019
8860, 0.278724, 0.510341, 0.00467725, 9.51113e-07, -0.99905, 0, 0, 0.150085, -0.150085, 0, 1.51992e-06, 0.0010019
8870, 0.278849, 0.510481, 0.00467725, 9.51113e-07, -0.99905, 0, 0, 0.150085, -0.150085, 0, 1.51992e-06, 0.0010019
8881, 0.278974, 0.510621, 0.00467725, 9.51113e-07, -0.99905, 0, 0, 0.150085, -0.150085, 0, 1.51992e-06, 0.0010019
8891, 0.279099, 0.51076, 0.00467725, 9.51113e-07, -0.99905, 0, 0, 0.150085, -0.150085, 0, 1.51992e-06, 0.0010019
8900, 0.279803, 0.511545, 0.0478765, 9.51113e-07, -0.99905, 0, 0, 0.150871, -0.15087, 0, 0.000787705, 0.0010019
8910, 0.279935, 0.511692, -0.0379983, 9.51113e-07, -0.99905, 0, 0, 0.149308, -0.149309, 0, -0.00154728, 0.0010019
8921, 0.279488, 0.511194, 0.00463709, 9.51113e-07, -0.99905, 0, 0, 0.150085, -0.150084, 0, 0.000763565, 0.0010019
8931, 0.280191, 0.511978, 0.0478765, 9.51113e-07, -0.99905, 0, 0, 0.150871, -0.15087, 0, 0.00078842, 0.0010019
8940, 0.280895, 0.512763, 0.00471741, 9.51113e-07, -0.99905, 0, 0, 0.150085, -0.150086, 0, -0.000769883, 0.0010019
8950, 0.280449, 0.512266, -0.0380384, 9.51113e-07, -0.99905, 0, 0, 0.149308, -0.149308, 0, -0.000776589, 0.0010019
8961, 0.280002, 0.511767, 0.00463709, 9.51113e-07, -0.99905, 0, 0, 0.150085, -0.150084, 0, 0.000764281, 0.0010019
8971, 0.280127, 0.511906, 0.00467725, 9.51113e-07, -0.99905, 0, 0, 0.150085, -0.150085, 0, 2.23517e-06, 0.0010019
8981, 0.28083, 0.512691, 0.0478765, 9.51113e-07, -0.99905, 0, 0, 0.150871, -0.15087, 0, 0.000787705, 0.0010019
8990, 0.281534, 0.513476, 0.00471741, 9.51113e-07, -0.99905, 0, 0, 0.150085, -0.150086, 0, -0.000769883, 0.0010019
9000, 0.281659, 0.513616, 0.00467725, 9.51113e-07, -0.99905, 0, 0, 0.150085, -0.150085, 0, 8.04663e-07, 0.0010019
9011, 0.282363, 0.514401, 0.0478765, 9.51113e-07, -0.99905, 0, 0, 0.150871, -0.15087, 0, 0.000787705, 0.0010019
9021, 0.283066, 0.515186, 0.00471741, 9.51113e-07, -0.99905, 0, 0, 0.150085, -0.150086, 0, -0.000769883, 0.0010019
9030, 0.283192, 0.515326, 0.00467725, 9.51113e-07, -0.99905, 0, 0, 0.150085, -0.150085, 0, 8.04663e-07, 0.0010019
9040, 0.283317, 0.515466, 0.00467725, 9.51113e-07, -0.99905, 0, 0, 0.150085, -0.150085, 0, 1.51992e-06, 0.0010019
9051, 0.283443, 0.515605, 0.00467725, 9.51113e-07, -0.99905, 0, 0, 0.150085, -0.150085, 0, 1.51992e-06, 0.0010019
9061, 0.282996, 0.515107, -0.0380392, 9.51113e-07, -0.99905, 0, 0, 0.149308, -0.149308, 0, -0.000775874, 0.0010019
9070, 0.282549, 0.514609, 0.00463709, 9.51113e-07, -0.99905, 0, 0, 0.150085, -0.150084, 0, 0.000764295, 0.0010019
9080, 0.283252, 0.515393, 0.0478765, 9.51113e-07, -0.99905, 0, 0, 0.150871, -0.15087, 0, 0.00078842, 0.0010019
9091, 0.283956, 0.516178, 0.00471741, 9.51113e-07, -0.99905, 0, 0, 0.150085, -0.150086, 0, -0.000769883, 0.0010019
9101, 0.284081, 0.516318, 0.00467725, 9.51113e-07, -0.99905, 0, 0, 0.150085, -0.150085, 0, 8.04663e-07, 0.0010019
9110, 0.284206, 0.516458, 0.00467725, 9.51113e-07, -0.99905, 0, 0, 0.150085, -0.150085, 0, 1.51992e-06, 0.0010019
9120, 0.27964, 0.516597, 0.00467725, 9.51113e-07, -0.99905, 0.350624, 0, 0.150085, -0.150085, 0, 1.51992e-06, 0.0010019
9131, 0.275651, 0.517382, 0.0478765, 9.51113e-07, -0.99905, 0, 0, 0.150871, -0.15087, 0, 0.000787705, 0.0010019
9141, 0.276355, 0.518167, 0.00471741, 9.51113e-07, -0.99905, 0, 0, 0.150085, -0.150086, 0, -0.000769883, 0.0010019
9151, 0.276481, 0.518307, 0.00467725, 9.51113e-07, -0.99905, 0, 0, 0.150085, -0.150085, 0, 8.04663e-07, 0.0010019
9160, 0.277184, 0.519092, 0.0478765, 9.51113e-07, -0.99905, 0, 0, 0.150871, -0.15087, 0, 0.000787705, 0.0010019
9170, 0.277888, 0.519877, 0.00471741, 9.51113e-07, -0.99905, 0, 0, 0.150085, -0.150086, 0, -0.000769883, 0.0010019
9181, 0.278013, 0.520017, 0.00467725, 9.51113e-07, -0.99905, 0, 0, 0.150085, -0.150085, 0, 8.04663e-07, 0.0010019
9191, 0.278139, 0.520157, 0.00467725, 9.51113e-07, -0.99905, 0, 0, 0.150085, -0.150085, 0, 1.51992e-06, 0.0010019
9200, 0.278264, 0.520296, 0.00467725, 9.51113e-07, -0.99905, 0, 0, 0.150085, -0.150085, 0, 1.51992e-06, 0.0010019
9210, 0.277252, 0.519168, -0.0802804, 9.51113e-07, -0.99905, 0, 0, 0.148539, -0.14854, 0, -0.00154462, 0.0010019
9221, 0.276239, 0.518038, 0.00459775, 9.51113e-07, -0.99905, 0, 0, 0.150085, -0.150084, 0, 0.00151859, 0.0010019
9231, 0.276941, 0.518821, 0.0478765, 9.51113e-07, -0.99905, 0, 0, 0.150871, -0.15087, 0, 0.000789121, 0.0010019
9240, 0.278223, 0.520251, 0.0479166, 9.51113e-07, -0.99905, 0, 0, 0.150871, -0.150871, 0, 1.63019e-05, 0.0010019
9250, 0.278928, 0.521037, 0.00471741, 9.51113e-07, -0.99905, 0, 0, 0.150085, -0.150086, 0, -0.000770599, 0.0010019
9261, 0.279053, 0.521177, 0.00467725, 9.51113e-07, -0.99905, 0, 0, 0.150085, -0.150085, 0, 8.04663e-07, 0.0010019
9271, 0.279179, 0.521317, 0.00467725, 9.51113e-07, -0.99905, 0, 0, 0.150085, -0.150085, 0, 1.51992e-06, 0.0010019
9281, 0.279304, 0.521457, 0.00467725, 9.51113e-07, -0.99905, 0, 0, 0.150085, -0.150085, 0, 1.51992e-06, 0.0010019
9290, 0.279429, 0.521596, 0.00467725, 9.51113e-07, -0.99905, 0, 0, 0.150085, -0.150085, 0, 1.51992e-06, 0.0010019
9300, 0.279554, 0.516554, 0.00467725, 9.51113e-07, -0.99905, 0, 0.347118, 0.150085, -0.150085, 0, 1.51992e-06, 0.0010019
9311, 0.280257, 0.512157, 0.0478765, 9.51113e-07, -0.99905, 0, 0, 0.150871, -0.15087, 0, 0.000787705, 0.0010019
9321, 0.280389, 0.512305, -0.0379983, 9.51113e-07, -0.99905, 0, 0, 0.149308, -0.149309, 0, -0.00154728, 0.0010019
9330, 0.279371, 0.511169, -0.0380786, 9.51113e-07, -0.99905, 0, 0, 0.149308, -0.149308, 0, -1.38283e-05, 0.0010019
9340, 0.278924, 0.51067, 0.00463709, 9.51113e-07, -0.99905, 0, 0, 0.150085, -0.150084, 0, 0.000764996, 0.0010019
9351, 0.279049, 0.510809, 0.00467725, 9.51113e-07, -0.99905, 0, 0, 0.150085, -0.150085, 0, 2.23517e-06, 0.0010019
9361, 0.279174, 0.510949, 0.00467725, 9.51113e-07, -0.99905, 0, 0, 0.150085, -0.150085, 0, 1.51992e-06, 0.0010019
9370, 0.279299, 0.511088, 0.00467725, 9.51113e-07, -0.99905, 0, 0, 0.150085, -0.150085, 0, 1.51992e-06, 0.0010019
9380, 0.279424, 0.511228, 0.00467725, 9.51113e-07, -0.99905, 0, 0, 0.150085, -0.150085, 0, 1.51992e-06, 0.0010019
9391, 0.280127, 0.512012, 0.0478765, 9.51113e-07, -0.99905, 0, 0, 0.150871, -0.15087, 0, 0.000787705, 0.0010019
9401, 0.280831, 0.512798, 0.00471741, 9.51113e-07, -0.99905, 0, 0, 0.150085, -0.150086, 0, -0.000769883, 0.0010019
9410, 0.280957, 0.512938, 0.00467725, 9.51113e-07, -0.99905, 0, 0, 0.150085, -0.150085, 0, 8.04663e-07, 0.0010019
9420, 0.281082, 0.513077, 0.00467725, 9.51113e-07, -0.99905, 0, 0, 0.150085, -0.150085, 0, 1.51992e-06, 0.0010019
9431, 0.281207, 0.513217, 0.00467725, 9.51113e-07, -0.99905, 0, 0, 0.150085, -0.150085, 0, 1.51992e-06, 0.0010019
9441, 0.281332, 0.513357, 0.00467725, 9.51113e-07, -0.99905, 0, 0, 0.150085, -0.150085, 0, 1.51992e-06, 0.0010019
9451, 0.281457, 0.513496, 0.00467725, 9.51113e-07, -0.99905, 0, 0, 0.150085, -0.150085, 0, 1.51992e-06, 0.0010019
9460, 0.282161, 0.514281, 0.0478765, 9.51113e-07, -0.99905, 0, 0, 0.150871, -0.15087, 0, 0.000787705, 0.0010019
9470, 0.281728, 0.513798, -0.0802394, 9.51113e-07, -0.99905, 0, 0, 0.148539, -0.148541, 0, -0.00231603, 0.0010019
9481, 0.280715, 0.512669, 0.00459775, 9.51113e-07, -0.99905, 0, 0, 0.150085, -0.150084, 0, 0.00151786, 0.0010019
9491, 0.28084, 0.512807, 0.00467725, 9.51113e-07, -0.99905, 0, 0, 0.150085, -0.150085, 0, 2.93553e-06, 0.0010019
9500, 0.280965, 0.512947, 0.00467725, 9.51113e-07, -0.99905, 0, 0, 0.150085, -0.150085, 0, 1.51992e-06, 0.0010019
9510, 0.28109, 0.513086, 0.00467725, 9.51113e-07, -0.99905, 0, 0, 0.150085, -0.150085, 0, 1.51992e-06, 0.0010019
9521, 0.281215, 0.513226, 0.00467725, 9.51113e-07, -0.99905, 0, 0, 0.150085, -0.150085, 0, 1.51992e-06, 0.0010019
9531, 0.28134, 0.513366, 0.00467725, 9.51113e-07, -0.99905, 0, 0, 0.150085, -0.150085, 0, 1.51992e-06, 0.0010019
9540, 0.282044, 0.51415, 0.0478765, 9.51113e-07, -0.99905, 0, 0, 0.150871, -0.15087, 0, 0.000787705, 0.0010019
9550, 0.280499, 0.512427, -0.163331, 9.51113e-07, -0.99905, 0, 0, 0.147027, -0.14703, 0, -0.00382821, 0.0010019
9561, 0.276125, 0.507548, -0.163528, 9.51113e-07, -0.99905, 0, 0, 0.147027, -0.147027, 0, -5.67138e-05, 0.0010019
9571, 0.273997, 0.505174, 0.00451989, 9.51113e-07, -0.99905, 0, 0, 0.150085, -0.150082, 0, 0.00300512, 0.0010019
9580, 0.271871, 0.502803, -0.163371, 9.51113e-07, -0.99905, 0, 0, 0.147027, -0.14703, 0, -0.00305399, 0.0010019
9590, 0.267497, 0.497923, -0.163528, 9.51113e-07, -0.99905, 0, 0, 0.147027, -0.147027, 0, -5.59986e-05, 0.0010019
9601, 0.26312, 0.493041, -0.163528, 9.51113e-07, -0.99905, 0, 0, 0.147027, -0.147027, 0, -5.3212e-05, 0.0010019
9611, 0.260993, 0.490667, 0.00451989, 9.51113e-07, -0.99905, 0, 0, 0.150085, -0.150082, 0, 0.00300513, 0.0010019
9621, 0.261694, 0.491449, 0.0478765, 9.51113e-07, -0.99905, 0, 0, 0.150871, -0.15087, 0, 0.000790522, 0.0010019
9630, 0.260149, 0.489726, -0.163331, 9.51113e-07, -0.99905, 0, 0, 0.147027, -0.14703, 0, -0.00382821, 0.0010019
9640, 0.256328, 0.485464, -0.122212, 9.51113e-07, -0.99905, 0, 0, 0.147779, -0.147778, 0, 0.000695199, 0.0010019
9651, 0.253058, 0.481816, -0.122174, 9.51113e-07, -0.99905, 0, 0, 0.147779, -0.147779, 0, -3.90559e-05, 0.0010019
9661, 0.251484, 0.48006, 0.00455841, 9.51113e-07, -0.99905, 0, 0, 0.150085, -0.150083, 0, 0.00226668, 0.0010019
9670, 0.251607, 0.480198, 0.00467725, 9.51113e-07, -0.99905, 0, 0, 0.150085, -0.150085, 0, 3.63588e-06, 0.0010019
9680, 0.251732, 0.480337, 0.00467725, 9.51113e-07, -0.99905, 0, 0, 0.150085, -0.150085, 0, 1.51992e-06, 0.0010019
9691, 0.251286, 0.479839, -0.0380392, 9.51113e-07, -0.99905, 0, 0, 0.149308, -0.149308, 0, -0.000775874, 0.0010019
9701, 0.250839, 0.479341, 0.00463709, 9.51113e-07, -0.99905, 0, 0, 0.150085, -0.150084, 0, 0.000764295, 0.0010019
9710, 0.250964, 0.47948, 0.00467725, 9.51113e-07, -0.99905, 0, 0, 0.150085, -0.150085, 0, 2.23517e-06, 0.0010019
9720, 0.251667, 0.480264, 0.0478765, 9.51113e-07, -0.99905, 0, 0, 0.150871, -0.15087, 0, 0.000787705, 0.0010019
9731, 0.252371, 0.481049, 0.00471741, 9.51113e-07, -0.99905, 0, 0, 0.150085, -0.150086, 0, -0.000769883, 0.0010019
9741, 0.253074, 0.481834, 0.0478765, 9.51113e-07, -0.99905, 0, 0, 0.150871, -0.15087, 0, 0.00078699, 0.0010019
9750, 0.253778, 0.482619, 0.00471741, 9.51113e-07, -0.99905, 0, 0, 0.150085, -0.150086, 0, -0.000769883, 0.0010019
9760, 0.253904, 0.48276, 0.00467725, 9.51113e-07, -0.99905, 0, 0, 0.150085, -0.150085, 0, 8.04663e-07, 0.0010019
9771, 0.254607, 0.483544, 0.0478765, 9.51113e-07, -0.99905, 0, 0, 0.150871, -0.15087, 0, 0.000787705, 0.0010019
9781, 0.255311, 0.484329, 0.00471741, 9.51113e-07, -0.99905, 0, 0, 0.150085, -0.150086, 0, -0.000769883, 0.0010019
9791, 0.255437, 0.48447, 0.00467725, 9.51113e-07, -0.99905, 0, 0, 0.150085, -0.150085, 0, 8.04663e-07, 0.0010019
9800, 0.25614, 0.485254, 0.0478765, 9.51113e-07, -0.99905, 0, 0, 0.150871, -0.15087, 0, 0.000787705, 0.0010019
9810, 0.256844, 0.486039, 0.00471741, 9.51113e-07, -0.99905, 0, 0, 0.150085, -0.150086, 0, -0.000769883, 0.0010019
9821, 0.257548, 0.486824, 0.0478765, 9.51113e-07, -0.99905, 0, 0, 0.150871, -0.15087, 0, 0.00078699, 0.0010019
9831, 0.258251, 0.487609, 0.00471741, 9.51113e-07, -0.99905, 0, 0, 0.150085, -0.150086, 0, -0.000769883, 0.0010019
9840, 0.258377, 0.48775, 0.00467725, 9.51113e-07, -0.99905, 0, 0, 0.150085, -0.150085, 0, 8.04663e-07, 0.0010019
9850, 0.258502, 0.487889, 0.00467725, 9.51113e-07, -0.99905, 0, 0, 0.150085, -0.150085, 0, 1.51992e-06, 0.0010019
9861, 0.258627, 0.488029, 0.00467725, 9.51113e-07, -0.99905, 0, 0, 0.150085, -0.150085, 0, 1.51992e-06, 0.0010019
9871, 0.259331, 0.488813, 0.0478765, 9.51113e-07, -0.99905, 0, 0, 0.150871, -0.15087, 0, 0.000787705, 0.0010019
9880, 0.260034, 0.489598, 0.00471741, 9.51113e-07, -0.99905, 0, 0, 0.150085, -0.150086, 0, -0.000769883, 0.0010019
9890, 0.26016, 0.489739, 0.00467725, 9.51113e-07, -0.99905, 0, 0, 0.150085, -0.150085, 0, 8.04663e-07, 0.0010019
9901, 0.260863, 0.490523, 0.0478765, 9.51113e-07, -0.99905, 0, 0, 0.150871, -0.15087, 0, 0.000787705, 0.0010019
9911, 0.261567, 0.491308, 0.00471741, 9.51113e-07, -0.99905, 0, 0, 0.150085, -0.150086, 0, -0.000769883, 0.0010019
9921, 0.261693, 0.491448, 0.00467725, 9.51113e-07, -0.99905, 0, 0, 0.150085, -0.150085, 0, 8.04663e-07, 0.0010019
9930, 0.262396, 0.492233, 0.0478765, 9.51113e-07, -0.99905, 0, 0, 0.150871, -0.15087, 0, 0.000787705, 0.0010019
9940, 0.2631, 0.493018, 0.00471741, 9.51113e-07, -0.99905, 0, 0, 0.150085, -0.150086, 0, -0.000769883, 0.0010019
9951, 0.262654, 0.492521, -0.0380384, 9.51113e-07, -0.99905, 0, 0, 0.149308, -0.149308, 0, -0.000776589, 0.0010019
9961, 0.262207, 0.492022, 0.00463709, 9.51113e-07, -0.99905, 0, 0, 0.150085, -0.150084, 0, 0.000764281, 0.0010019
9970, 0.262332, 0.492161, 0.00467725, 9.51113e-07, -0.99905, 0, 0, 0.150085, -0.150085, 0, 2.23517e-06, 0.0010019
9980, 0.263035, 0.492946, 0.0478765, 9.51113e-07, -0.99905, 0, 0, 0.150871, -0.15087, 0, 0.000787705, 0.0010019
9991, 0.263739, 0.493731, 0.00471741, 9.51113e-07, -0.99905, 0, 0, 0.150085, -0.150086, 0, -0.000769883, 0.0010019
