QGPIORecord, QRC v6.1.0, 20-12-2021 @ 21:46:05, Windows 10 Version 2009, 10.0.19042, x86_64
Time, yA, yB, r, eA, eB, uA, uB, -, -, -, -, -
601950, 0, 0, 0, 0, 0, 0.281654, 0.2784, 0, 0, 0, 0, 0
601961, 0, 0, 0, 0, 0, 0.281654, 0.2784, 0, 0, 0, 0, 0
601970, 0, 0, 0, 0, 0, 0.281654, 0.2784, 0, 0, 0, 0, 0
601980, 0, 0, 0, 0, 0, 0.281654, 0.2784, 0, 0, 0, 0, 0
601991, 0, 0, 0, 0, 0, 0.281654, 0.2784, 0, 0, 0, 0, 0
602000, 0, 0, 0, 0, 0, 0.281654, 0.2784, 0, 0, 0, 0, 0
602010, 0, 0, 0, 0, 0, 0.281654, 0.2784, 0, 0, 0, 0, 0
602020, 0, 0, 0, 0, 0, 0.281654, 0.2784, 0, 0, 0, 0, 0
602031, 0, 0, 0, 0, 0, 0.281654, 0.2784, 0, 0, 0, 0, 0
602040, 0, 0, 0, 0, 0, 0.281654, 0.2784, 0, 0, 0, 0, 0
602050, 0, 0, 0, 0, 0, 0.281654, 0.2784, 0, 0, 0, 0, 0
602060, 0, 0, 0, 0, 0, 0.281654, 0.2784, 0, 0, 0, 0, 0
602071, 0, 0, 0, 0, 0, 0.281654, 0.2784, 0, 0, 0, 0, 0
602080, 0, 0, 0, 0, 0, 0.281654, 0.2784, 0, 0, 0, 0, 0
602090, 0, 0, 0, 0, 0, 0.281654, 0.2784, 0, 0, 0, 0, 0
602100, 0, 0, 0, 0, 0, 0.281654, 0.2784, 0, 0, 0, 0, 0
602110, 0, 0, 0, 0, 0, 0.281654, 0.2784, 0, 0, 0, 0, 0
602121, 0, 0, 0, 0, 0, 0.281654, 0.2784, 0, 0, 0, 0, 0
602130, 0, 0, 0, 0, 0, 0.281654, 0.2784, 0, 0, 0, 0, 0
602140, 0, 0, 0, 0, 0, 0.281654, 0.2784, 0, 0, 0, 0, 0
602150, 0, 0, 0, 0, 0, 0.281654, 0.2784, 0, 0, 0, 0, 0
602161, 0, 0, 0, 0, 0, 0.281654, 0.2784, 0, 0, 0, 0, 0
602170, 0, 0, 0, 0, 0, 0.281654, 0.2784, 0, 0, 0, 0, 0
602180, 0, 0, 0, 0, 0, 0.281654, 0.2784, 0, 0, 0, 0, 0
602190, 0, 0, 0, 0, 0, 0.281654, 0.2784, 0, 0, 0, 0, 0
602201, 0, 0, 0, 0, 0, 0.281654, 0.2784, 0, 0, 0, 0, 0
602210, 0, 0, 0, 0, 0, 0.281654, 0.2784, 0, 0, 0, 0, 0
602220, 0, 0, 0, 0, 0, 0.281654, 0.2784, 0, 0, 0, 0, 0
602230, 0, 0, 0, 0, 0, 0.281654, 0.2784, 0, 0, 0, 0, 0
602241, 0, 0, 0, 0, 0, 0.281654, 0.2784, 0, 0, 0, 0, 0
602250, 0, 0, 0, 0, 0, 0.281654, 0.2784, 0, 0, 0, 0, 0
602260, 0, 0, 0, 0, 0, 0.281654, 0.2784, 0, 0, 0, 0, 0
602270, 0, 0, 0, 0, 0, 0.281654, 0.2784, 0, 0, 0, 0, 0
602280, 0, 0, 0, 0, 0, 0.281654, 0.2784, 0, 0, 0, 0, 0
602291, 0, 0, 0, 0, 0, 0.281654, 0.2784, 0, 0, 0, 0, 0
602300, 0, 0, 0, 0, 0, 0.281654, 0.2784, 0, 0, 0, 0, 0
602310, 0, 0, 0, 0, 0, 0.281654, 0.2784, 0, 0, 0, 0, 0
602320, 0, 0, 0, 0, 0, 0.281654, 0.2784, 0, 0, 0, 0, 0
602331, 0, 0, 0, 0, 0, 0.281654, 0.2784, 0, 0, 0, 0, 0
602340, 0, 0, 0, 0, 0, 0.281654, 0.2784, 0, 0, 0, 0, 0
602350, 0, 0, 0, 0, 0, 0.281654, 0.2784, 0, 0, 0, 0, 0
602360, 0, 0, 0, 0, 0, 0.281654, 0.2784, 0, 0, 0, 0, 0
602371, 0, 0, 0, 0, 0, 0.281654, 0.2784, 0, 0, 0, 0, 0
602380, 0, 0, 0, 0, 0, 0.281654, 0.2784, 0, 0, 0, 0, 0
602390, 0, 0, 0, 0, 0, 0.281654, 0.2784, 0, 0, 0, 0, 0
602400, 0, 0, 0, 0, 0, 0.281654, 0.2784, 0, 0, 0, 0, 0
602411, 0, 0, 0, 0, 0, 0.281654, 0.2784, 0, 0, 0, 0, 0
602420, 0, 0, 0, 0, 0, 0.281654, 0.2784, 0, 0, 0, 0, 0
602430, 0, 0, 0, 0, 0, 0.281654, 0.2784, 0, 0, 0, 0, 0
602440, 0, 0, 0, 0, 0, 0.281654, 0.2784, 0, 0, 0, 0, 0
602450, 0, 0, 0, 0, 0, 0.281654, 0.2784, 0, 0, 0, 0, 0
602461, 0, 0, 0, 0, 0, 0.281654, 0.2784, 0, 0, 0, 0, 0
602470, 0, 0, 0, 0, 0, 0.281654, 0.2784, 0, 0, 0, 0, 0
602480, 0, 0, 0, 0, 0, 0.281654, 0.2784, 0, 0, 0, 0, 0
602490, 0, 0, 0, 0, 0, 0.281654, 0.2784, 0, 0, 0, 0, 0
602501, 0, 0, 0, 0, 0, 0.281654, 0.2784, 0, 0, 0, 0, 0
602510, 0, 0, 0, 0, 0, 0.281654, 0.2784, 0, 0, 0, 0, 0
602520, 0, 0, 0, 0, 0, 0.281654, 0.2784, 0, 0, 0, 0, 0
602530, 0, 0, 0, 0, 0, 0.281654, 0.2784, 0, 0, 0, 0, 0
602541, 0, 0, 0, 0, 0, 0.281654, 0.2784, 0, 0, 0, 0, 0
602550, 0, 0, 0, 0, 0, 0.281654, 0.2784, 0, 0, 0, 0, 0
602560, 0, 0, 0, 0, 0, 0.281654, 0.2784, 0, 0, 0, 0, 0
602570, 0, 0, 0, 0, 0, 0.281654, 0.2784, 0, 0, 0, 0, 0
602580, 0, 0, 0, 0, 0, 0.281654, 0.2784, 0, 0, 0, 0, 0
602590, 0, 0, 0, 0, 0, 0.281654, 0.2784, 0, 0, 0, 0, 0
602600, 0, 0, 0, 0, 0, 0.281654, 0.2784, 0, 0, 0, 0, 0
602610, 0, 0, 0, 0, 0, 0.281654, 0.2784, 0, 0, 0, 0, 0
602620, 0, 0, 0, 0, 0, 0.281654, 0.2784, 0, 0, 0, 0, 0
602631, 0, 0, 0, 0, 0, 0.281654, 0.2784, 0, 0, 0, 0, 0
602640, 0, 0, 0, 0, 0, 0.281654, 0.2784, 0, 0, 0, 0, 0
602650, 0, 0, 0, 0, 0, 0.281654, 0.2784, 0, 0, 0, 0, 0
602660, 0, 0, 0, 0, 0, 0.281654, 0.2784, 0, 0, 0, 0, 0
602671, 0, 0, 0, 0, 0, 0.281654, 0.2784, 0, 0, 0, 0, 0
602680, 0, 0, 0, 0, 0, 0.281654, 0.2784, 0, 0, 0, 0, 0
602690, 0, 0, 0, 0, 0, 0.281654, 0.2784, 0, 0, 0, 0, 0
602700, 0, 0, 0, 0, 0, 0.281654, 0.2784, 0, 0, 0, 0, 0
602711, 0, 0, 0, 0, 0, 0.281654, 0.2784, 0, 0, 0, 0, 0
602720, 0, 0, 0, 0, 0, 0.281654, 0.2784, 0, 0, 0, 0, 0
602730, 0, 0, 0, 0, 0, 0.281654, 0.2784, 0, 0, 0, 0, 0
602740, 0, 0, 0, 0, 0, 0.281654, 0.2784, 0, 0, 0, 0, 0
602750, 0, 0, 0, 0, 0, 0.281654, 0.2784, 0, 0, 0, 0, 0
602761, 0, 0, 0, 0, 0, 0.281654, 0.2784, 0, 0, 0, 0, 0
602770, 0, 0, 0, 0, 0, 0.281654, 0.2784, 0, 0, 0, 0, 0
602780, 0, 0, 0, 0, 0, 0.281654, 0.2784, 0, 0, 0, 0, 0
602790, 0, 0, 0, 0, 0, 0.281654, 0.2784, 0, 0, 0, 0, 0
602801, 0, 0, 0, 0, 0, 0.281654, 0.2784, 0, 0, 0, 0, 0
602810, 0, 0, 0, 0, 0, 0.281654, 0.2784, 0, 0, 0, 0, 0
602820, 0, 0, 0, 0, 0, 0.281654, 0.2784, 0, 0, 0, 0, 0
602830, 0, 0, 0, 0, 0, 0.281654, 0.2784, 0, 0, 0, 0, 0
602841, 0, 0, 0, 0, 0, 0.281654, 0.2784, 0, 0, 0, 0, 0
602850, 0, 0, 0, 0, 0, 0.281654, 0.2784, 0, 0, 0, 0, 0
602860, 0, 0, 0, 0, 0, 0.281654, 0.2784, 0, 0, 0, 0, 0
602870, 0, 0, 0, 0, 0, 0.281654, 0.2784, 0, 0, 0, 0, 0
602881, 0, 0, 0, 0, 0, 0.281654, 0.2784, 0, 0, 0, 0, 0
602890, 0, 0, 0, 0, 0, 0.281654, 0.2784, 0, 0, 0, 0, 0
602900, 0, 0, 0, 0, 0, 0.281654, 0.2784, 0, 0, 0, 0, 0
602910, 0, 0, 0, 0, 0, 0.281654, 0.2784, 0, 0, 0, 0, 0
602920, 0, 0, 0, 0, 0, 0.281654, 0.2784, 0, 0, 0, 0, 0
602931, 0, 0, 0, 0, 0, 0.281654, 0.2784, 0, 0, 0, 0, 0
602940, 0, 0, 0, 0, 0, 0.281654, 0.2784, 0, 0, 0, 0, 0
602950, 0, 0, 0, 0, 0, 0.281654, 0.2784, 0, 0, 0, 0, 0
602960, 0, 0, 0, 0, 0, 0.281654, 0.2784, 0, 0, 0, 0, 0
602971, 0, 0, 0, 0, 0, 0.281654, 0.2784, 0, 0, 0, 0, 0
602980, 0, 0, -6, -6, -6, 0.201365, 0.188835, 0, 0, 0, 0, 0
602990, 0, 0, -6, -6, -6, 0.0407872, 0.00970478, 0, 0, 0, 0, 0
603000, 0, 0, -6, -6, -6, -0.119791, -0.169425, 0, 0, 0, 0, 0
603011, 0, 0, -6, -6, -6, -0.280369, -0.348555, 0, 0, 0, 0, 0
603020, 0, 0, -6, -6, -6, -0.440947, -0.527685, 0, 0, 0, 0, 0
603030, 0, 0, -6, -6, -6, -0.601525, -0.706815, 0, 0, 0, 0, 0
603040, -0.350624, -0.347118, -6, -5.64938, -5.65288, -0.757411, -0.880764, 0, 0, 0, 0, 0
603051, -0.350624, -0.350624, -6, -5.64938, -5.64938, -0.908605, -1.04948, 0, 0, 0, 0, 0
603061, -0.697742, -0.697742, -6, -5.30226, -5.30226, -1.05515, -1.21296, 0, 0, 0, 0, 0
603070, -0.701248, -0.701248, -6, -5.29875, -5.29875, -1.19701, -1.37121, 0, 0, 0, 0, 0
603080, -1.04837, -1.04837, -6, -4.95163, -4.95163, -1.33418, -1.52422, 0, 0, 0, 0, 0
603090, -1.05187, -1.4025, -6, -4.94813, -4.5975, -1.46665, -1.66676, 0, 0, 0, 0, 0
603101, -1.39899, -1.39899, -6, -4.60101, -4.60101, -1.59443, -1.80407, 0, 0, 0, 0, 0
603110, -1.75312, -1.75312, -6, -4.24688, -4.24688, -1.71283, -1.93615, 0, 0, 0, 0, 0
603120, -1.75312, -2.10374, -6, -4.24688, -3.89626, -1.82649, -2.05771, 0, 0, 0, 0, 0
603130, -2.10024, -2.10024, -6, -3.89976, -3.89976, -1.9355, -2.17408, 0, 0, 0, 0, 0
603141, -2.10374, -2.45437, -6, -3.89626, -3.54563, -2.03983, -2.28522, 0, 0, 0, 0, 0
603150, -2.45437, -2.80149, -6, -3.54563, -3.19851, -2.13941, -2.3859, 0, 0, 0, 0, 0
603160, -2.80499, -3.15562, -6, -3.19501, -2.84438, -2.22961, -2.4761, 0, 0, 0, 0, 0
603170, -3.15211, -3.15562, -6, -2.84789, -2.84438, -2.31047, -2.56102, 0, 0, 0, 0, 0
603181, -3.15562, -3.85336, -6, -2.84438, -2.14664, -2.38664, -2.63552, 0, 0, 0, 0, 0
603191, -3.85336, -3.50624, -6, -2.14664, -2.49376, -2.45343, -2.70479, 0, 0, 0, 0, 0
603200, -3.85336, -4.19697, -6, -2.14664, -1.80303, -2.51088, -2.76893, 0, 0, 0, 0, 0
603210, -3.85687, -3.86388, -6, -2.14313, -2.13612, -2.56829, -2.82774, 0, 0, 0, 0, 0
603220, -4.20398, -4.55461, -6, -1.79602, -1.44539, -2.621, -2.8812, 0, 0, 0, 0, 0
603231, -4.20749, -4.20749, -6, -1.79251, -1.79251, -2.66902, -2.92953, 0, 0, 0, 0, 0
603240, -4.55811, -4.55461, -6, -1.44189, -1.44539, -2.7123, -2.97787, 0, 0, 0, 0, 0
603250, -4.55811, -4.91224, -6, -1.44189, -1.08776, -2.75089, -3.01568, 0, 0, 0, 0, 0
603260, -4.90874, -4.90874, -6, -1.09126, -1.09126, -2.78479, -3.04821, 0, 0, 0, 0, 0
603271, -4.90523, -4.55461, -6, -1.09477, -1.44539, -2.81404, -3.08607, 0, 0, 0, 0, 0
603280, -4.90874, -5.25235, -6, -1.09126, -0.74765, -2.84329, -3.11881, 0, 0, 0, 0, 0
603290, -5.25936, -5.25936, -6, -0.740637, -0.740637, -2.8678, -3.14103, 0, 0, 0, 0, 0
603300, -5.25936, -4.91575, -6, -0.740637, -1.08425, -2.88763, -3.16827, 0, 0, 0, 0, 0
603311, -5.25936, -5.60297, -6, -0.740637, -0.397026, -2.90745, -3.19038, 0, 0, 0, 0, 0
603321, -5.25586, -5.25936, -6, -0.744143, -0.740637, -2.92732, -3.20736, 0, 0, 0, 0, 0
603330, -5.26287, -5.26287, -6, -0.737131, -0.737131, -2.94714, -3.22942, 0, 0, 0, 0, 0
603340, -5.60297, -5.60297, -6, -0.397026, -0.397026, -2.96231, -3.24635, 0, 0, 0, 0, 0
603351, -5.61349, -5.61349, -6, -0.386507, -0.386507, -2.9728, -3.25805, 0, 0, 0, 0, 0
603361, -5.60297, -5.60297, -6, -0.397026, -0.397026, -2.98328, -3.26974, 0, 0, 0, 0, 0
603370, -5.61349, -5.60999, -6, -0.386507, -0.390013, -2.99377, -3.28149, 0, 0, 0, 0, 0
603380, -5.60999, -5.96412, -6, -0.390013, -0.0358825, -3.00416, -3.28785, 0, 0, 0, 0, 0
603390, -5.9571, -5.60648, -6, -0.0428953, -0.393519, -3.00995, -3.29426, 0, 0, 0, 0, 0
603401, -5.60297, -5.60297, -6, -0.397026, -0.397026, -3.01584, -3.30606, 0, 0, 0, 0, 0
603410, -5.60648, -5.94659, -6, -0.393519, -0.0534139, -3.02642, -3.31278, 0, 0, 0, 0, 0
603420, -5.96061, -5.62051, -6, -0.0393887, -0.379494, -3.03221, -3.31925, 0, 0, 0, 0, 0
603430, -5.61349, -5.96412, -6, -0.386507, -0.0358825, -3.03791, -3.32545, 0, 0, 0, 0, 0
603441, -5.60648, -5.95009, -6, -0.393519, -0.0499077, -3.04835, -3.32673, 0, 0, 0, 0, 0
603450, -5.96061, -5.96412, -6, -0.0393887, -0.0358825, -3.05414, -3.32801, 0, 0, 0, 0, 0
603460, -5.61349, -5.61349, -6, -0.386507, -0.386507, -3.05984, -3.33431, 0, 0, 0, 0, 0
603470, -5.60648, -5.60648, -6, -0.393519, -0.393519, -3.07028, -3.34596, 0, 0, 0, 0, 0
603481, -5.60297, -5.9536, -6, -0.397026, -0.0464015, -3.08086, -3.35252, 0, 0, 0, 0, 0
603491, -5.60999, -5.96061, -6, -0.390013, -0.0393887, -3.09139, -3.3538, 0, 0, 0, 0, 0
603500, -5.60648, -5.9536, -6, -0.393519, -0.0464015, -3.10187, -3.35508, 0, 0, 0, 0, 0
603510, -5.61349, -5.96762, -6, -0.386507, -0.0323763, -3.11231, -3.35626, 0, 0, 0, 0, 0
603521, -5.60999, -5.96061, -6, -0.390013, -0.0393887, -3.1227, -3.35733, 0, 0, 0, 0, 0
603531, -5.60297, -5.9536, -6, -0.397026, -0.0464015, -3.13323, -3.35861, 0, 0, 0, 0, 0
603540, -5.61349, -6.31124, -6, -0.386507, 0.311235, -3.14372, -3.35466, 0, 0, 0, 0, 0
603550, -5.60999, -5.9571, -6, -0.390013, -0.0428953, -3.15411, -3.35065, 0, 0, 0, 0, 0
603560, -5.9536, -5.96061, -6, -0.0464015, -0.0393887, -3.15995, -3.35188, 0, 0, 0, 0, 0
603571, -5.60999, -6.31124, -6, -0.390013, 0.311235, -3.16579, -3.34782, 0, 0, 0, 0, 0
603580, -5.61349, -5.9571, -6, -0.386507, -0.0428953, -3.17618, -3.34382, 0, 0, 0, 0, 0
603590, -5.60297, -6.31124, -6, -0.397026, 0.311235, -3.18667, -3.33981, 0, 0, 0, 0, 0
603600, -5.60999, -6.31124, -6, -0.390013, 0.311235, -3.1972, -3.33052, 0, 0, 0, 0, 0
603611, -5.60648, -6.30773, -6, -0.393519, 0.307729, -3.20768, -3.32128, 0, 0, 0, 0, 0
603620, -5.60297, -6.30072, -6, -0.397026, 0.300716, -3.21826, -3.3122, 0, 0, 0, 0, 0
603630, -5.61349, -6.31474, -6, -0.386507, 0.314742, -3.22875, -3.30301, 0, 0, 0, 0, 0
603640, -5.60999, -6.31124, -6, -0.390013, 0.311235, -3.23914, -3.29367, 0, 0, 0, 0, 0
603651, -5.61349, -6.31825, -6, -0.386507, 0.318248, -3.24953, -3.28427, 0, 0, 0, 0, 0
603661, -5.59596, -6.29721, -6, -0.404038, 0.29721, -3.26011, -3.27508, 0, 0, 0, 0, 0
603670, -5.62051, -6.67588, -6, -0.379494, 0.675884, -3.27059, -3.26056, 0, 0, 0, 0, 0
603680, -5.60648, -6.30773, -6, -0.393519, 0.307729, -3.28094, -3.24587, 0, 0, 0, 0, 0
603691, -5.60999, -6.65485, -6, -0.390013, 0.654847, -3.29142, -3.23151, 0, 0, 0, 0, 0
603701, -5.95009, -6.30773, -6, -0.0499077, 0.307729, -3.29731, -3.21714, 0, 0, 0, 0, 0
603710, -5.617, -6.66186, -6, -0.383, 0.66186, -3.3031, -3.20266, 0, 0, 0, 0, 0
603720, -5.60648, -6.30773, -6, -0.393519, 0.307729, -3.31349, -3.18819, 0, 0, 0, 0, 0
603730, -5.96061, -6.31825, -6, -0.0393887, 0.318248, -3.31928, -3.17885, 0, 0, 0, 0, 0
603741, -5.60297, -6.30072, -6, -0.397026, 0.300716, -3.32512, -3.16961, 0, 0, 0, 0, 0
603750, -5.96412, -6.31124, -6, -0.0358825, 0.311235, -3.33092, -3.16047, 0, 0, 0, 0, 0
603760, -5.9571, -6.65485, -6, -0.0428953, 0.654847, -3.33197, -3.14605, 0, 0, 0, 0, 0
603770, -5.96412, -5.96762, -6, -0.0358825, -0.0323763, -3.33302, -3.13676, 0, 0, 0, 0, 0
603781, -5.95009, -6.30422, -6, -0.0499077, 0.304223, -3.33417, -3.1327, 0, 0, 0, 0, 0
603790, -5.96061, -5.96061, -6, -0.0393887, -0.0393887, -3.33537, -3.12875, 0, 0, 0, 0, 0
603800, -5.96061, -6.31124, -6, -0.0393887, 0.311235, -3.33642, -3.12469, 0, 0, 0, 0, 0
603810, -5.9571, -6.30773, -6, -0.0428953, 0.307729, -3.33752, -3.11545, 0, 0, 0, 0, 0
603821, -5.60999, -6.30422, -6, -0.390013, 0.304223, -3.34332, -3.10631, 0, 0, 0, 0, 0
603831, -5.95009, -6.31124, -6, -0.0499077, 0.311235, -3.3492, -3.09713, 0, 0, 0, 0, 0
603840, -5.97113, -5.96412, -6, -0.0288701, -0.0358825, -3.35026, -3.09302, 0, 0, 0, 0, 0
603850, -5.9536, -5.96061, -6, -0.0464015, -0.0393887, -3.35126, -3.09414, 0, 0, 0, 0, 0
603860, -5.96061, -5.9536, -6, -0.0393887, -0.0464015, -3.35241, -3.09542, 0, 0, 0, 0, 0
603871, -5.9571, -6.31124, -6, -0.0428953, 0.311235, -3.35351, -3.09147, 0, 0, 0, 0, 0
603880, -6.30773, -5.9536, -6, 0.307729, -0.0464015, -3.34997, -3.08751, 0, 0, 0, 0, 0
603890, -5.60999, -6.31474, -6, -0.390013, 0.314742, -3.35107, -3.08351, 0, 0, 0, 0, 0
603900, -6.31124, -5.96061, -6, 0.311235, -0.0393887, -3.35212, -3.0794, 0, 0, 0, 0, 0
603911, -5.96061, -6.31124, -6, -0.0393887, 0.311235, -3.34849, -3.07534, 0, 0, 0, 0, 0
603920, -5.95009, -5.95009, -6, -0.0499077, -0.0499077, -3.34968, -3.07144, 0, 0, 0, 0, 0
603930, -5.96762, -6.30773, -6, -0.0323763, 0.307729, -3.35078, -3.06759, 0, 0, 0, 0, 0
603940, -5.96061, -5.97113, -6, -0.0393887, -0.0288701, -3.35174, -3.06343, 0, 0, 0, 0, 0
603951, -6.30422, -5.9536, -6, 0.304223, -0.0464015, -3.3482, -3.06455, 0, 0, 0, 0, 0
603961, -5.96061, -5.96061, -6, -0.0393887, -0.0393887, -3.34465, -3.06583, 0, 0, 0, 0, 0
603970, -5.96412, -6.31474, -6, -0.0358825, 0.314742, -3.34566, -3.06172, 0, 0, 0, 0, 0
603980, -5.95009, -5.94659, -6, -0.0499077, -0.0534139, -3.34681, -3.05782, 0, 0, 0, 0, 0
603991, -6.31825, -5.97464, -6, 0.318248, -0.0253639, -3.34322, -3.059, 0, 0, 0, 0, 0
604001, -5.95009, -6.30072, -6, -0.0499077, 0.300716, -3.33963, -3.05489, 0, 0, 0, 0, 0
604010, -5.96762, -5.96762, -6, -0.0323763, -0.0323763, -3.34073, -3.05088, 0, 0, 0, 0, 0
604020, -5.95009, -6.29721, -6, -0.0499077, 0.29721, -3.34183, -3.04693, 0, 0, 0, 0, 0
604030, -5.96762, -5.97113, -6, -0.0323763, -0.0288701, -3.34293, -3.04292, 0, 0, 0, 0, 0
604041, -5.9536, -5.95009, -6, -0.0464015, -0.0499077, -3.34399, -3.0441, 0, 0, 0, 0, 0
604050, -5.96061, -5.60297, -6, -0.0393887, -0.397026, -3.34513, -3.05077, 0, 0, 0, 0, 0
604060, -6.31124, -5.97113, -6, 0.311235, -0.0288701, -3.3415, -3.05713, 0, 0, 0, 0, 0
604070, -5.94659, -5.94659, -6, -0.0534139, -0.0534139, -3.33805, -3.05836, 0, 0, 0, 0, 0
604081, -5.96762, -5.97113, -6, -0.0323763, -0.0288701, -3.33919, -3.05958, 0, 0, 0, 0, 0
604090, -5.96061, -5.96061, -6, -0.0393887, -0.0393887, -3.34015, -3.0606, 0, 0, 0, 0, 0
604100, -6.30773, -5.9571, -6, 0.307729, -0.0428953, -3.33656, -3.06183, 0, 0, 0, 0, 0
604110, -5.96412, -6.31474, -6, -0.0358825, 0.314742, -3.33292, -3.05777, 0, 0, 0, 0, 0
604121, -5.96061, -5.60999, -6, -0.0393887, -0.390013, -3.33393, -3.0589, 0, 0, 0, 0, 0
604131, -5.9536, -6.30072, -6, -0.0464015, 0.300716, -3.33508, -3.06023, 0, 0, 0, 0, 0
604140, -6.30773, -5.96061, -6, 0.307729, -0.0393887, -3.33158, -3.05633, 0, 0, 0, 0, 0
604150, -5.96762, -5.96762, -6, -0.0323763, -0.0323763, -3.3279, -3.0574, 0, 0, 0, 0, 0
604161, -6.30072, -5.9536, -6, 0.300716, -0.0464015, -3.32431, -3.05858, 0, 0, 0, 0, 0
604171, -6.30422, -5.9536, -6, 0.304223, -0.0464015, -3.31621, -3.05996, 0, 0, 0, 0, 0
604180, -5.96762, -5.96412, -6, -0.0323763, -0.0358825, -3.31258, -3.06119, 0, 0, 0, 0, 0
604190, -6.30773, -5.96061, -6, 0.307729, -0.0393887, -3.30889, -3.06231, 0, 0, 0, 0, 0
604200, -5.96061, -5.96061, -6, -0.0393887, -0.0393887, -3.3053, -3.06349, 0, 0, 0, 0, 0
604211, -6.30072, -6.2937, -6, 0.300716, 0.293704, -3.3018, -3.05969, 0, 0, 0, 0, 0
604220, -5.96762, -5.96762, -6, -0.0323763, -0.0323763, -3.29821, -3.05579, 0, 0, 0, 0, 0
604230, -6.30072, -5.96061, -6, 0.300716, -0.0393887, -3.29462, -3.05686, 0, 0, 0, 0, 0
604240, -5.96061, -5.60999, -6, -0.0393887, -0.390013, -3.29112, -3.06327, 0, 0, 0, 0, 0
604251, -5.96762, -5.96412, -6, -0.0323763, -0.0358825, -3.29208, -3.06963, 0, 0, 0, 0, 0
604260, -5.95009, -5.95009, -6, -0.0499077, -0.0499077, -3.29319, -3.07091, 0, 0, 0, 0, 0
604270, -5.96762, -5.96412, -6, -0.0323763, -0.0358825, -3.29429, -3.07219, 0, 0, 0, 0, 0
604280, -5.9536, -5.96061, -6, -0.0464015, -0.0393887, -3.29534, -3.07332, 0, 0, 0, 0, 0
604291, -6.30422, -5.9536, -6, 0.304223, -0.0464015, -3.29189, -3.0746, 0, 0, 0, 0, 0
604301, -5.9571, -5.95009, -6, -0.0428953, -0.0499077, -3.28839, -3.07603, 0, 0, 0, 0, 0
604310, -6.31825, -5.97464, -6, 0.318248, -0.0253639, -3.28471, -3.07716, 0, 0, 0, 0, 0
604320, -5.9571, -5.9536, -6, -0.0428953, -0.0464015, -3.28102, -3.07823, 0, 0, 0, 0, 0
604331, -6.31124, -5.96061, -6, 0.311235, -0.0393887, -3.27743, -3.07951, 0, 0, 0, 0, 0
604341, -5.9536, -5.95009, -6, -0.0464015, -0.0499077, -3.27389, -3.08084, 0, 0, 0, 0, 0
604350, -6.32175, -5.97464, -6, 0.321754, -0.0253639, -3.27021, -3.08197, 0, 0, 0, 0, 0
604360, -5.96061, -5.60999, -6, -0.0393887, -0.390013, -3.26643, -3.08817, 0, 0, 0, 0, 0
604370, -6.30773, -5.96061, -6, 0.307729, -0.0393887, -3.26284, -3.09458, 0, 0, 0, 0, 0
604381, -5.9536, -5.94659, -6, -0.0464015, -0.0534139, -3.25934, -3.09596, 0, 0, 0, 0, 0
604390, -6.30773, -5.96061, -6, 0.307729, -0.0393887, -3.25584, -3.09735, 0, 0, 0, 0, 0
604400, -6.31474, -5.96762, -6, 0.314742, -0.0323763, -3.24751, -3.09842, 0, 0, 0, 0, 0
604410, -5.95009, -5.95009, -6, -0.0499077, -0.0499077, -3.24397, -3.09965, 0, 0, 0, 0, 0
604421, -5.96762, -5.97113, -6, -0.0323763, -0.0288701, -3.24507, -3.10082, 0, 0, 0, 0, 0
604431, -6.30072, -5.95009, -6, 0.300716, -0.0499077, -3.24148, -3.102, 0, 0, 0, 0, 0
604440, -5.96762, -5.96762, -6, -0.0323763, -0.0323763, -3.23789, -3.10323, 0, 0, 0, 0, 0
604450, -6.30422, -5.60297, -6, 0.304223, -0.397026, -3.23425, -3.10964, 0, 0, 0, 0, 0
604461, -5.96061, -5.61349, -6, -0.0393887, -0.386507, -3.23071, -3.12133, 0, 0, 0, 0, 0
604471, -5.96061, -5.96061, -6, -0.0393887, -0.0393887, -3.23176, -3.12769, 0, 0, 0, 0, 0
604480, -5.96061, -6.30422, -6, -0.0393887, 0.304223, -3.23282, -3.12374, 0, 0, 0, 0, 0
604490, -5.96061, -5.96762, -6, -0.0393887, -0.0323763, -3.23387, -3.11968, 0, 0, 0, 0, 0
604500, -5.95009, -5.94308, -6, -0.0499077, -0.0569201, -3.23506, -3.12101, 0, 0, 0, 0, 0
604511, -6.31124, -5.96762, -6, 0.311235, -0.0323763, -3.23157, -3.12234, 0, 0, 0, 0, 0
604520, -5.96762, -5.9536, -6, -0.0323763, -0.0464015, -3.22784, -3.12352, 0, 0, 0, 0, 0
604530, -5.9536, -5.96762, -6, -0.0464015, -0.0323763, -3.22889, -3.1247, 0, 0, 0, 0, 0
604540, -6.30422, -5.9536, -6, 0.304223, -0.0464015, -3.22544, -3.12587, 0, 0, 0, 0, 0
604551, -5.96412, -5.96061, -6, -0.0358825, -0.0393887, -3.22185, -3.12715, 0, 0, 0, 0, 0
604560, -6.2937, -5.94659, -6, 0.293704, -0.0534139, -3.2184, -3.12854, 0, 0, 0, 0, 0
604570, -5.97464, -5.96762, -6, -0.0253639, -0.0323763, -3.21481, -3.12982, 0, 0, 0, 0, 0
604580, -6.30422, -5.96061, -6, 0.304223, -0.0393887, -3.21108, -3.13089, 0, 0, 0, 0, 0
604591, -5.96762, -5.96412, -6, -0.0323763, -0.0358825, -3.20744, -3.13201, 0, 0, 0, 0, 0
604601, -6.2902, -5.94308, -6, 0.290198, -0.0569201, -3.20399, -3.1334, 0, 0, 0, 0, 0
604610, -5.97464, -5.97814, -6, -0.0253639, -0.0218577, -3.20044, -3.13457, 0, 0, 0, 0, 0
604620, -5.9536, -5.9536, -6, -0.0464015, -0.0464015, -3.20141, -3.13559, 0, 0, 0, 0, 0
604631, -6.31124, -5.96061, -6, 0.311235, -0.0393887, -3.19786, -3.13687, 0, 0, 0, 0, 0
604641, -5.9536, -5.9536, -6, -0.0464015, -0.0464015, -3.19432, -3.13815, 0, 0, 0, 0, 0
604650, -5.96762, -5.60999, -6, -0.0323763, -0.390013, -3.19537, -3.14467, 0, 0, 0, 0, 0
604660, -6.30773, -5.96061, -6, 0.307729, -0.0393887, -3.19169, -3.15108, 0, 0, 0, 0, 0
604670, -5.96412, -5.96412, -6, -0.0358825, -0.0358825, -3.18805, -3.1522, 0, 0, 0, 0, 0
604681, -5.95009, -5.95009, -6, -0.0499077, -0.0499077, -3.1892, -3.15348, 0, 0, 0, 0, 0
604690, -6.31124, -6.30773, -6, 0.311235, 0.307729, -3.1857, -3.14963, 0, 0, 0, 0, 0
604700, -5.96762, -5.96412, -6, -0.0323763, -0.0358825, -3.18197, -3.14558, 0, 0, 0, 0, 0
604710, -5.9536, -5.96061, -6, -0.0464015, -0.0393887, -3.18302, -3.1467, 0, 0, 0, 0, 0
604721, -5.96061, -5.9536, -6, -0.0393887, -0.0464015, -3.18417, -3.14798, 0, 0, 0, 0, 0
604730, -5.9571, -5.96061, -6, -0.0428953, -0.0393887, -3.18527, -3.14926, 0, 0, 0, 0, 0
604740, -6.30773, -5.95009, -6, 0.307729, -0.0499077, -3.18173, -3.15059, 0, 0, 0, 0, 0
604750, -5.96412, -5.62051, -6, -0.0358825, -0.379494, -3.17809, -3.157, 0, 0, 0, 0, 0
604761, -5.96412, -5.96061, -6, -0.0358825, -0.0393887, -3.17905, -3.16326, 0, 0, 0, 0, 0
604771, -6.30072, -5.95009, -6, 0.300716, -0.0499077, -3.17551, -3.16459, 0, 0, 0, 0, 0
604780, -5.96762, -5.96762, -6, -0.0323763, -0.0323763, -3.17192, -3.16582, 0, 0, 0, 0, 0
604790, -5.9571, -5.9571, -6, -0.0428953, -0.0428953, -3.17292, -3.16694, 0, 0, 0, 0, 0
604801, -5.96061, -6.29721, -6, -0.0393887, 0.29721, -3.17402, -3.16315, 0, 0, 0, 0, 0
604811, -5.9571, -5.96762, -6, -0.0428953, -0.0323763, -3.17513, -3.15919, 0, 0, 0, 0, 0
604820, -5.96061, -5.9571, -6, -0.0393887, -0.0428953, -3.17623, -3.16032, 0, 0, 0, 0, 0
604830, -6.31825, -5.96762, -6, 0.318248, -0.0323763, -3.17249, -3.16144, 0, 0, 0, 0, 0
604840, -5.95009, -5.9536, -6, -0.0499077, -0.0464015, -3.1689, -3.16262, 0, 0, 0, 0, 0
604851, -5.95009, -5.60297, -6, -0.0499077, -0.397026, -3.17024, -3.16924, 0, 0, 0, 0, 0
604860, -5.96762, -5.96061, -6, -0.0323763, -0.0393887, -3.17134, -3.17575, 0, 0, 0, 0, 0
604870, -5.96061, -5.96061, -6, -0.0393887, -0.0393887, -3.1723, -3.17693, 0, 0, 0, 0, 0
604880, -5.95009, -5.96061, -6, -0.0499077, -0.0393887, -3.1735, -3.1781, 0, 0, 0, 0, 0
604891, -5.96762, -5.96762, -6, -0.0323763, -0.0323763, -3.1746, -3.17917, 0, 0, 0, 0, 0
604900, -5.9571, -6.30072, -6, -0.0428953, 0.300716, -3.1756, -3.17517, 0, 0, 0, 0, 0
604910, -5.96061, -5.96061, -6, -0.0393887, -0.0393887, -3.17671, -3.17127, 0, 0, 0, 0, 0
604920, -6.30422, -5.96061, -6, 0.304223, -0.0393887, -3.17316, -3.17244, 0, 0, 0, 0, 0
604931, -5.96762, -5.96412, -6, -0.0323763, -0.0358825, -3.16952, -3.17357, 0, 0, 0, 0, 0
604941, -5.9536, -6.30422, -6, -0.0464015, 0.304223, -3.17058, -3.16956, 0, 0, 0, 0, 0
604950, -6.31474, -5.96762, -6, 0.314742, -0.0323763, -3.16699, -3.1655, 0, 0, 0, 0, 0
604960, -5.9571, -6.30072, -6, -0.0428953, 0.300716, -3.16335, -3.1615, 0, 0, 0, 0, 0
604971, -5.96061, -5.96061, -6, -0.0393887, -0.0393887, -3.16445, -3.1576, 0, 0, 0, 0, 0
604981, -6.30072, -5.9571, -6, 0.300716, -0.0428953, -3.16095, -3.15882, 0, 0, 0, 0, 0
604990, -5.96762, -5.96412, -6, -0.0323763, -0.0358825, -3.15736, -3.16, 0, 0, 0, 0, 0
605000, -5.96061, -6.31474, -6, -0.0393887, 0.314742, -3.15832, -3.15584, 0, 0, 0, 0, 0
605010, -5.9536, -5.9536, -6, -0.0464015, -0.0464015, -3.15947, -3.15183, 0, 0, 0, 0, 0
605021, -6.30072, -5.9536, -6, 0.300716, -0.0464015, -3.15607, -3.15322, 0, 0, 0, 0, 0
605030, -5.97113, -5.96762, -6, -0.0288701, -0.0323763, -3.15243, -3.15439, 0, 0, 0, 0, 0
605040, -5.96061, -5.96412, -6, -0.0393887, -0.0358825, -3.15334, -3.15541, 0, 0, 0, 0, 0
605050, -5.9536, -5.94308, -6, -0.0464015, -0.0569201, -3.15449, -3.1568, 0, 0, 0, 0, 0
605061, -5.96412, -5.97464, -6, -0.0358825, -0.0253639, -3.15559, -3.15802, 0, 0, 0, 0, 0
605071, -5.94659, -5.94308, -6, -0.0534139, -0.0569201, -3.15679, -3.15925, 0, 0, 0, 0, 0
605080, -5.97113, -5.97464, -6, -0.0288701, -0.0253639, -3.15789, -3.16048, 0, 0, 0, 0, 0
605090, -6.30072, -5.9536, -6, 0.300716, -0.0464015, -3.15425, -3.16155, 0, 0, 0, 0, 0
605101, -5.96412, -5.96061, -6, -0.0358825, -0.0393887, -3.15071, -3.16283, 0, 0, 0, 0, 0
605111, -5.9536, -5.9571, -6, -0.0464015, -0.0428953, -3.15181, -3.16406, 0, 0, 0, 0, 0
605120, -5.96061, -5.96061, -6, -0.0393887, -0.0393887, -3.15296, -3.16529, 0, 0, 0, 0, 0
605130, -5.9571, -6.30422, -6, -0.0428953, 0.304223, -3.15406, -3.16134, 0, 0, 0, 0, 0
605140, -5.9571, -5.9571, -6, -0.0428953, -0.0428953, -3.1552, -3.15744, 0, 0, 0, 0, 0
605151, -5.96061, -5.96061, -6, -0.0393887, -0.0393887, -3.15631, -3.15866, 0, 0, 0, 0, 0
605160, -6.31124, -6.30773, -6, 0.311235, 0.307729, -3.15267, -3.15466, 0, 0, 0, 0, 0
605170, -5.96061, -5.96061, -6, -0.0393887, -0.0393887, -3.14903, -3.15065, 0, 0, 0, 0, 0
605180, -5.96412, -5.96762, -6, -0.0358825, -0.0323763, -3.15004, -3.15172, 0, 0, 0, 0, 0
605191, -6.2902, -5.94308, -6, 0.290198, -0.0569201, -3.14663, -3.15306, 0, 0, 0, 0, 0
605200, -5.97464, -5.96762, -6, -0.0253639, -0.0323763, -3.14309, -3.15439, 0, 0, 0, 0, 0
605210, -5.60999, -5.96061, -6, -0.390013, -0.0393887, -3.14865, -3.15546, 0, 0, 0, 0, 0
605220, -6.30072, -6.31124, -6, 0.300716, 0.311235, -3.14984, -3.1514, 0, 0, 0, 0, 0
605231, -5.96061, -5.96061, -6, -0.0393887, -0.0393887, -3.14635, -3.14735, 0, 0, 0, 0, 0
605241, -5.9536, -5.9536, -6, -0.0464015, -0.0464015, -3.14749, -3.14863, 0, 0, 0, 0, 0
605250, -5.97113, -5.62051, -6, -0.0288701, -0.379494, -3.1485, -3.15498, 0, 0, 0, 0, 0
605260, -5.9571, -5.96061, -6, -0.0428953, -0.0393887, -3.14946, -3.16124, 0, 0, 0, 0, 0
605271, -5.9536, -6.30072, -6, -0.0464015, 0.300716, -3.15066, -3.15734, 0, 0, 0, 0, 0
605281, -5.96061, -5.96061, -6, -0.0393887, -0.0393887, -3.1518, -3.15343, 0, 0, 0, 0, 0
605290, -5.96061, -5.96061, -6, -0.0393887, -0.0393887, -3.15286, -3.15461, 0, 0, 0, 0, 0
605300, -5.96061, -5.96412, -6, -0.0393887, -0.0358825, -3.15391, -3.15573, 0, 0, 0, 0, 0
605310, -5.96061, -5.96061, -6, -0.0393887, -0.0393887, -3.15497, -3.15686, 0, 0, 0, 0, 0
605321, -6.2937, -6.29721, -6, 0.293704, 0.29721, -3.15156, -3.15301, 0, 0, 0, 0, 0
605330, -5.96762, -5.96061, -6, -0.0323763, -0.0393887, -3.14807, -3.14916, 0, 0, 0, 0, 0
605340, -5.9571, -5.96061, -6, -0.0428953, -0.0393887, -3.14907, -3.15034, 0, 0, 0, 0, 0
605350, -5.96762, -5.96762, -6, -0.0323763, -0.0323763, -3.15008, -3.15141, 0, 0, 0, 0, 0
605361, -5.9571, -5.96061, -6, -0.0428953, -0.0393887, -3.15109, -3.15248, 0, 0, 0, 0, 0
605370, -5.95009, -5.94659, -6, -0.0499077, -0.0534139, -3.15233, -3.15386, 0, 0, 0, 0, 0
605380, -5.96762, -5.96762, -6, -0.0323763, -0.0323763, -3.15343, -3.15514, 0, 0, 0, 0, 0
605390, -5.96061, -5.96061, -6, -0.0393887, -0.0393887, -3.15439, -3.15622, 0, 0, 0, 0, 0
605401, -5.96061, -6.30072, -6, -0.0393887, 0.300716, -3.15545, -3.15231, 0, 0, 0, 0, 0
605411, -6.30072, -5.9571, -6, 0.300716, -0.0428953, -3.15195, -3.14847, 0, 0, 0, 0, 0
605420, -5.96412, -5.96061, -6, -0.0358825, -0.0393887, -3.14841, -3.14969, 0, 0, 0, 0, 0
605430, -5.96061, -5.96412, -6, -0.0393887, -0.0358825, -3.14941, -3.15082, 0, 0, 0, 0, 0
605441, -5.96061, -5.94659, -6, -0.0393887, -0.0534139, -3.15047, -3.15215, 0, 0, 0, 0, 0
605451, -5.9571, -5.61349, -6, -0.0428953, -0.386507, -3.15157, -3.15872, 0, 0, 0, 0, 0
605460, -5.96061, -5.60648, -6, -0.0393887, -0.393519, -3.15267, -3.17036, 0, 0, 0, 0, 0
605470, -5.96061, -5.97113, -6, -0.0393887, -0.0288701, -3.15372, -3.17667, 0, 0, 0, 0, 0
605480, -5.9571, -6.30422, -6, -0.0428953, 0.304223, -3.15482, -3.17256, 0, 0, 0, 0, 0
605491, -5.9536, -5.9536, -6, -0.0464015, -0.0464015, -3.15602, -3.16871, 0, 0, 0, 0, 0
605500, -5.96412, -5.96061, -6, -0.0358825, -0.0393887, -3.15712, -3.16999, 0, 0, 0, 0, 0
605510, -5.9536, -5.96061, -6, -0.0464015, -0.0393887, -3.15822, -3.17116, 0, 0, 0, 0, 0
605520, -6.31124, -5.96061, -6, 0.311235, -0.0393887, -3.15468, -3.17234, 0, 0, 0, 0, 0
605531, -5.96061, -5.96061, -6, -0.0393887, -0.0393887, -3.15104, -3.17352, 0, 0, 0, 0, 0
605540, -5.96061, -5.96061, -6, -0.0393887, -0.0393887, -3.15209, -3.17469, 0, 0, 0, 0, 0
605550, -6.31124, -5.96061, -6, 0.311235, -0.0393887, -3.14846, -3.17587, 0, 0, 0, 0, 0
605560, -5.96061, -6.30422, -6, -0.0393887, 0.304223, -3.14482, -3.17192, 0, 0, 0, 0, 0
605571, -5.9571, -5.96412, -6, -0.0428953, -0.0358825, -3.14592, -3.16791, 0, 0, 0, 0, 0
605581, -5.9571, -5.9536, -6, -0.0428953, -0.0464015, -3.14707, -3.16914, 0, 0, 0, 0, 0
605590, -5.96762, -5.96762, -6, -0.0323763, -0.0323763, -3.14807, -3.17031, 0, 0, 0, 0, 0
605600, -5.96061, -5.96061, -6, -0.0393887, -0.0393887, -3.14903, -3.17138, 0, 0, 0, 0, 0
605611, -5.95009, -6.30072, -6, -0.0499077, 0.300716, -3.15023, -3.16748, 0, 0, 0, 0, 0
605621, -5.96061, -5.9571, -6, -0.0393887, -0.0428953, -3.15142, -3.16364, 0, 0, 0, 0, 0
605630, -5.96061, -5.96061, -6, -0.0393887, -0.0393887, -3.15248, -3.16486, 0, 0, 0, 0, 0
605640, -5.96061, -5.96061, -6, -0.0393887, -0.0393887, -3.15353, -3.16604, 0, 0, 0, 0, 0
605650, -5.9536, -5.96061, -6, -0.0464015, -0.0393887, -3.15468, -3.16722, 0, 0, 0, 0, 0
605661, -6.31124, -5.96061, -6, 0.311235, -0.0393887, -3.15114, -3.16839, 0, 0, 0, 0, 0
605670, -5.96762, -5.96061, -6, -0.0323763, -0.0393887, -3.14741, -3.16957, 0, 0, 0, 0, 0
605680, -5.95009, -6.30072, -6, -0.0499077, 0.300716, -3.14851, -3.16567, 0, 0, 0, 0, 0
605690, -5.96762, -5.97113, -6, -0.0323763, -0.0288701, -3.14961, -3.16161, 0, 0, 0, 0, 0
605701, -5.9536, -5.9536, -6, -0.0464015, -0.0464015, -3.15066, -3.16273, 0, 0, 0, 0, 0
605710, -5.96061, -5.96061, -6, -0.0393887, -0.0393887, -3.15181, -3.16401, 0, 0, 0, 0, 0
605720, -5.96061, -5.96061, -6, -0.0393887, -0.0393887, -3.15286, -3.16519, 0, 0, 0, 0, 0
605730, -5.96412, -5.96412, -6, -0.0358825, -0.0358825, -3.15387, -3.16631, 0, 0, 0, 0, 0
605741, -5.9536, -6.30422, -6, -0.0464015, 0.304223, -3.15497, -3.16231, 0, 0, 0, 0, 0
605751, -5.95009, -5.95009, -6, -0.0499077, -0.0499077, -3.15626, -3.15851, 0, 0, 0, 0, 0
605760, -5.96762, -5.96762, -6, -0.0323763, -0.0323763, -3.15736, -3.15974, 0, 0, 0, 0, 0
605770, -6.30072, -5.95009, -6, 0.300716, -0.0499077, -3.15377, -3.16097, 0, 0, 0, 0, 0
605780, -5.96762, -5.97113, -6, -0.0323763, -0.0288701, -3.15018, -3.16214, 0, 0, 0, 0, 0
605791, -5.95009, -6.30072, -6, -0.0499077, 0.300716, -3.15128, -3.15808, 0, 0, 0, 0, 0
605800, -5.96412, -5.96061, -6, -0.0358825, -0.0393887, -3.15243, -3.15418, 0, 0, 0, 0, 0
605810, -5.60999, -5.96061, -6, -0.390013, -0.0393887, -3.15813, -3.15536, 0, 0, 0, 0, 0
605820, -5.96061, -6.31825, -6, -0.0393887, 0.318248, -3.16387, -3.1512, 0, 0, 0, 0, 0
605831, -6.2902, -5.93957, -6, 0.290198, -0.0604262, -3.16052, -3.14735, 0, 0, 0, 0, 0
605840, -5.97814, -5.97464, -6, -0.0218577, -0.0253639, -3.15693, -3.14863, 0, 0, 0, 0, 0
605850, -5.9571, -5.25936, -6, -0.0428953, -0.740637, -3.15779, -3.16006, 0, 0, 0, 0, 0
605860, -5.96061, -5.96061, -6, -0.0393887, -0.0393887, -3.15889, -3.17171, 0, 0, 0, 0, 0
605871, -5.60648, -5.95009, -6, -0.393519, -0.0499077, -3.16469, -3.17304, 0, 0, 0, 0, 0
605881, -5.95009, -6.31124, -6, -0.0499077, 0.311235, -3.17062, -3.16914, 0, 0, 0, 0, 0
605890, -6.31474, -5.96061, -6, 0.314742, -0.0393887, -3.16708, -3.16508, 0, 0, 0, 0, 0
605900, -5.96061, -5.96061, -6, -0.0393887, -0.0393887, -3.16339, -3.16626, 0, 0, 0, 0, 0
605911, -5.60999, -5.96061, -6, -0.390013, -0.0393887, -3.16914, -3.16743, 0, 0, 0, 0, 0
605921, -5.95009, -5.95009, -6, -0.0499077, -0.0499077, -3.17503, -3.16877, 0, 0, 0, 0, 0
605930, -5.97113, -5.96412, -6, -0.0288701, -0.0358825, -3.17608, -3.17005, 0, 0, 0, 0, 0
605940, -5.96061, -5.96762, -6, -0.0393887, -0.0323763, -3.17699, -3.17107, 0, 0, 0, 0, 0
605950, -5.9571, -6.30072, -6, -0.0428953, 0.300716, -3.17809, -3.16706, 0, 0, 0, 0, 0
605961, -5.96061, -5.96412, -6, -0.0393887, -0.0358825, -3.17919, -3.16311, 0, 0, 0, 0, 0
605970, -6.30773, -5.9536, -6, 0.307729, -0.0464015, -3.1756, -3.16434, 0, 0, 0, 0, 0
605980, -5.96412, -5.96762, -6, -0.0358825, -0.0323763, -3.17197, -3.16551, 0, 0, 0, 0, 0
605990, -5.9571, -6.31124, -6, -0.0428953, 0.311235, -3.17302, -3.16135, 0, 0, 0, 0, 0
606001, -5.96061, -5.9536, -6, -0.0393887, -0.0464015, -3.17412, -3.15739, 0, 0, 0, 0, 0
606010, -5.95009, -6.30773, -6, -0.0499077, 0.307729, -3.17532, -3.15349, 0, 0, 0, 0, 0
606020, -6.31124, -6.31124, -6, 0.311235, 0.311235, -3.17182, -3.14425, 0, 0, 0, 0, 0
606030, -5.96762, -5.96061, -6, -0.0323763, -0.0393887, -3.16809, -3.1402, 0, 0, 0, 0, 0
606041, -5.96061, -5.96762, -6, -0.0393887, -0.0323763, -3.16905, -3.14127, 0, 0, 0, 0, 0
606051, -6.2937, -5.94308, -6, 0.293704, -0.0569201, -3.16565, -3.1426, 0, 0, 0, 0, 0
606060, -5.96762, -5.96412, -6, -0.0323763, -0.0358825, -3.16215, -3.14399, 0, 0, 0, 0, 0
606070, -5.9571, -5.9571, -6, -0.0428953, -0.0428953, -3.16316, -3.14516, 0, 0, 0, 0, 0
606081, -5.96762, -5.96762, -6, -0.0323763, -0.0323763, -3.16416, -3.14629, 0, 0, 0, 0, 0
606091, -5.95009, -6.2937, -6, -0.0499077, 0.293704, -3.16526, -3.14238, 0, 0, 0, 0, 0
606100, -5.96412, -5.96762, -6, -0.0358825, -0.0323763, -3.16641, -3.13848, 0, 0, 0, 0, 0
606110, -5.60297, -5.95009, -6, -0.397026, -0.0499077, -3.1722, -3.13971, 0, 0, 0, 0, 0
606120, -5.96762, -5.97113, -6, -0.0323763, -0.0288701, -3.17795, -3.14089, 0, 0, 0, 0, 0
606131, -5.94659, -5.94659, -6, -0.0534139, -0.0534139, -3.1791, -3.14212, 0, 0, 0, 0, 0
606140, -5.96412, -5.96061, -6, -0.0358825, -0.0393887, -3.18029, -3.1435, 0, 0, 0, 0, 0
606150, -5.96061, -5.96412, -6, -0.0393887, -0.0358825, -3.1813, -3.14462, 0, 0, 0, 0, 0
606160, -5.96061, -5.96412, -6, -0.0393887, -0.0358825, -3.18236, -3.1457, 0, 0, 0, 0, 0
606171, -5.9536, -5.95009, -6, -0.0464015, -0.0499077, -3.1835, -3.14698, 0, 0, 0, 0, 0
606180, -5.96061, -5.96412, -6, -0.0393887, -0.0358825, -3.18465, -3.14826, 0, 0, 0, 0, 0
606190, -5.96412, -5.96412, -6, -0.0358825, -0.0358825, -3.18566, -3.14933, 0, 0, 0, 0, 0
606200, -5.9536, -5.95009, -6, -0.0464015, -0.0499077, -3.18676, -3.15061, 0, 0, 0, 0, 0
606211, -5.60999, -6.31124, -6, -0.390013, 0.311235, -3.1926, -3.14671, 0, 0, 0, 0, 0
606221, -5.95009, -5.9536, -6, -0.0499077, -0.0464015, -3.19849, -3.14275, 0, 0, 0, 0, 0
606230, -5.96762, -5.96762, -6, -0.0323763, -0.0323763, -3.19959, -3.14393, 0, 0, 0, 0, 0
606240, -5.96061, -5.60999, -6, -0.0393887, -0.390013, -3.20055, -3.15024, 0, 0, 0, 0, 0
606251, -5.96412, -5.96061, -6, -0.0358825, -0.0393887, -3.20155, -3.15665, 0, 0, 0, 0, 0
606261, -5.95009, -5.95009, -6, -0.0499077, -0.0499077, -3.2027, -3.15798, 0, 0, 0, 0, 0
606270, -5.9536, -6.30072, -6, -0.0464015, 0.300716, -3.20399, -3.15423, 0, 0, 0, 0, 0
606280, -5.96762, -5.97113, -6, -0.0323763, -0.0288701, -3.20505, -3.15018, 0, 0, 0, 0, 0
606290, -5.96061, -6.30422, -6, -0.0393887, 0.304223, -3.20601, -3.14607, 0, 0, 0, 0, 0
606301, -6.30072, -5.9536, -6, 0.300716, -0.0464015, -3.20251, -3.14222, 0, 0, 0, 0, 0
606310, -5.96061, -5.96061, -6, -0.0393887, -0.0393887, -3.19901, -3.1435, 0, 0, 0, 0, 0
606320, -5.96762, -5.96762, -6, -0.0323763, -0.0323763, -3.19997, -3.14457, 0, 0, 0, 0, 0
606330, -5.9571, -5.96061, -6, -0.0428953, -0.0393887, -3.20098, -3.14564, 0, 0, 0, 0, 0
606341, -5.96061, -6.30422, -6, -0.0393887, 0.304223, -3.20208, -3.14169, 0, 0, 0, 0, 0
606350, -5.9571, -5.9536, -6, -0.0428953, -0.0464015, -3.20318, -3.13784, 0, 0, 0, 0, 0
606360, -6.31124, -5.96762, -6, 0.311235, -0.0323763, -3.19959, -3.13901, 0, 0, 0, 0, 0
606370, -5.96412, -5.96412, -6, -0.0358825, -0.0358825, -3.19591, -3.14003, 0, 0, 0, 0, 0
606381, -5.9571, -5.95009, -6, -0.0428953, -0.0499077, -3.19696, -3.14131, 0, 0, 0, 0, 0
606391, -6.30422, -5.96061, -6, 0.304223, -0.0393887, -3.19346, -3.14265, 0, 0, 0, 0, 0
606400, -5.96061, -6.31124, -6, -0.0393887, 0.311235, -3.18992, -3.13859, 0, 0, 0, 0, 0
606410, -5.60999, -5.96061, -6, -0.390013, -0.0393887, -3.19567, -3.13453, 0, 0, 0, 0, 0
606420, -6.30422, -5.9571, -6, 0.304223, -0.0428953, -3.19681, -3.13576, 0, 0, 0, 0, 0
606431, -5.96061, -5.96061, -6, -0.0393887, -0.0393887, -3.19327, -3.13699, 0, 0, 0, 0, 0
606440, -5.96061, -5.60648, -6, -0.0393887, -0.393519, -3.19432, -3.14345, 0, 0, 0, 0, 0
606450, -5.96412, -5.617, -6, -0.0358825, -0.383, -3.19533, -3.15504, 0, 0, 0, 0, 0
606460, -5.9536, -5.9536, -6, -0.0464015, -0.0464015, -3.19643, -3.16145, 0, 0, 0, 0, 0
606471, -5.96061, -6.31124, -6, -0.0393887, 0.311235, -3.19758, -3.1575, 0, 0, 0, 0, 0
606480, -5.96061, -5.9571, -6, -0.0393887, -0.0428953, -3.19863, -3.15349, 0, 0, 0, 0, 0
606490, -5.96061, -6.31124, -6, -0.0393887, 0.311235, -3.19969, -3.14949, 0, 0, 0, 0, 0
606500, -5.61349, -5.9571, -6, -0.386507, -0.0428953, -3.20539, -3.14548, 0, 0, 0, 0, 0
606511, -5.95009, -5.96061, -6, -0.0499077, -0.0393887, -3.21123, -3.14671, 0, 0, 0, 0, 0
606521, -5.96061, -5.96061, -6, -0.0393887, -0.0393887, -3.21242, -3.14789, 0, 0, 0, 0, 0
606530, -5.96061, -5.96061, -6, -0.0393887, -0.0393887, -3.21348, -3.14906, 0, 0, 0, 0, 0
606540, -5.96412, -5.96061, -6, -0.0358825, -0.0393887, -3.21448, -3.15024, 0, 0, 0, 0, 0
606551, -5.96061, -5.60999, -6, -0.0393887, -0.390013, -3.21549, -3.15665, 0, 0, 0, 0, 0
606561, -6.30072, -5.95009, -6, 0.300716, -0.0499077, -3.21199, -3.16321, 0, 0, 0, 0, 0
606570, -5.96762, -6.31124, -6, -0.0323763, 0.311235, -3.2084, -3.15931, 0, 0, 0, 0, 0
606580, -5.96061, -5.96762, -6, -0.0393887, -0.0323763, -3.20936, -3.15515, 0, 0, 0, 0, 0
606590, -5.95009, -5.94659, -6, -0.0499077, -0.0534139, -3.21056, -3.15643, 0, 0, 0, 0, 0
606601, -5.96061, -6.31124, -6, -0.0393887, 0.311235, -3.21175, -3.15258, 0, 0, 0, 0, 0
606610, -6.30773, -5.9571, -6, 0.307729, -0.0428953, -3.20816, -3.14858, 0, 0, 0, 0, 0
606620, -5.96762, -6.32175, -6, -0.0323763, 0.321754, -3.20448, -3.14441, 0, 0, 0, 0, 0
606630, -5.96061, -5.9571, -6, -0.0393887, -0.0428953, -3.20544, -3.14025, 0, 0, 0, 0, 0
606641, -6.30422, -5.60648, -6, 0.304223, -0.393519, -3.20189, -3.14677, 0, 0, 0, 0, 0
606650, -5.96061, -5.96061, -6, -0.0393887, -0.0393887, -3.19835, -3.15323, 0, 0, 0, 0, 0
606660, -5.96412, -6.31474, -6, -0.0358825, 0.314742, -3.19936, -3.14912, 0, 0, 0, 0, 0
606670, -6.29721, -5.94659, -6, 0.29721, -0.0534139, -3.19586, -3.14522, 0, 0, 0, 0, 0
606681, -5.96762, -5.96762, -6, -0.0323763, -0.0323763, -3.19232, -3.1465, 0, 0, 0, 0, 0
606691, -5.9536, -6.30773, -6, -0.0464015, 0.307729, -3.19337, -3.14239, 0, 0, 0, 0, 0
606701, -5.96061, -5.96061, -6, -0.0393887, -0.0393887, -3.19452, -3.13838, 0, 0, 0, 0, 0
606710, -5.96412, -5.96762, 0, 5.96412, 5.96762, -3.11524, -3.04989, 0, 0, 0, 0, 0
606721, -5.9536, -5.95009, 0, 5.9536, 5.95009, -2.95576, -2.87199, 0, 0, 0, 0, 0
606731, -5.96061, -5.96061, 0, 5.96061, 5.96061, -2.79633, -2.69419, 0, 0, 0, 0, 0
606740, -5.60999, -5.60648, 0, 5.60999, 5.60648, -2.6415, -2.52152, 0, 0, 0, 0, 0
606750, -5.60999, -5.61349, 0, 5.60999, 5.61349, -2.49136, -2.35404, 0, 0, 0, 0, 0
606760, -5.60999, -5.25936, 0, 5.60999, 5.25936, -2.34122, -2.19173, 0, 0, 0, 0, 0
606771, -5.25235, -5.25586, 0, 5.25235, 5.25586, -2.19586, -2.03477, 0, 0, 0, 0, 0
606780, -4.90874, -4.90173, 0, 4.90874, 4.90173, -2.05989, -1.88314, 0, 0, 0, 0, 0
606790, -4.90874, -4.56513, 0, 4.90874, 4.56513, -1.92852, -1.74182, 0, 0, 0, 0, 0
606800, -4.20398, -4.5476, 0, 4.20398, 4.5476, -1.80658, -1.60579, 0, 0, 0, 0, 0
606811, -4.20749, -4.211, 0, 4.20749, 4.211, -1.69402, -1.47505, 0, 0, 0, 0, 0
606820, -3.84985, -3.84985, 0, 3.84985, 3.84985, -1.5862, -1.35472, 0, 0, 0, 0, 0
606830, -3.50624, -3.50274, 0, 3.50624, 3.50274, -1.48777, -1.24496, 0, 0, 0, 0, 0
606840, -3.15912, -3.15912, 0, 3.15912, 3.15912, -1.39857, -1.14552, 0, 0, 0, 0, 0
606851, -3.15562, -2.80499, 0, 3.15562, 2.80499, -1.31407, -1.05649, 0, 0, 0, 0, 0
606861, -2.80149, -2.80149, 0, 2.80149, 2.80149, -1.23436, -0.972798, 0, 0, 0, 0, 0
606870, -2.45437, -2.10374, 0, 2.45437, 2.10374, -1.16403, -0.899575, 0, 0, 0, 0, 0
606880, -2.45437, -2.45086, 0, 2.45437, 2.45086, -1.09834, -0.831586, 0, 0, 0, 0, 0
606891, -2.10374, -1.75312, 0, 2.10374, 1.75312, -1.03735, -0.768831, 0, 0, 0, 0, 0
606901, -2.10374, -1.4025, 0, 2.10374, 1.4025, -0.981044, -0.721726, 0, 0, 0, 0, 0
606910, -1.39899, -1.39899, 0, 1.39899, 1.39899, -0.934172, -0.679907, 0, 0, 0, 0, 0
606920, -1.75312, -1.05187, 0, 1.75312, 1.05187, -0.891992, -0.643321, 0, 0, 0, 0, 0
606930, -1.05187, -1.05187, 0, 1.05187, 1.05187, -0.854457, -0.611918, 0, 0, 0, 0, 0
606941, -1.04837, -1.39899, 0, 1.04837, 1.39899, -0.826352, -0.575333, 0, 0, 0, 0, 0
606950, -1.05187, -0.701248, 0, 1.05187, 0.701248, -0.798248, -0.543981, 0, 0, 0, 0, 0
606960, -1.05187, -1.04837, 0, 1.05187, 1.04837, -0.770097, -0.517864, 0, 0, 0, 0, 0
606970, -0.701248, -0.701248, 0, 0.701248, 0.701248, -0.746637, -0.491746, 0, 0, 0, 0, 0
606981, -0.697742, -0.697742, 0, 0.697742, 0.697742, -0.727917, -0.470863, 0, 0, 0, 0, 0
606990, -0.697742, -0.697742, 0, 0.697742, 0.697742, -0.709243, -0.450032, 0, 0, 0, 0, 0
607000, -0.701248, -0.701248, 0, 0.701248, 0.701248, -0.690523, -0.429148, 0, 0, 0, 0, 0
607010, -0.701248, -0.701248, 0, 0.701248, 0.701248, -0.671755, -0.408213, 0, 0, 0, 0, 0
607021, -0.350624, -0.350624, 0, 0.350624, 0.350624, -0.657679, -0.392511, 0, 0, 0, 0, 0
607031, -0.697742, -0.697742, 0, 0.697742, 0.697742, -0.643651, -0.376861, 0, 0, 0, 0, 0
607040, -0.697742, -0.347118, 0, 0.697742, 0.347118, -0.624977, -0.361264, 0, 0, 0, 0, 0
607050, -0.350624, -0.697742, 0, 0.350624, 0.697742, -0.610948, -0.345667, 0, 0, 0, 0, 0
607060, -0.350624, 0, 0, 0.350624, 0, -0.601565, -0.335252, 0, 0, 0, 0, 0
607071, -0.347118, -0.697742, 0, 0.347118, 0.697742, -0.592228, -0.324836, 0, 0, 0, 0, 0
607080, -0.350624, -0.350624, 0, 0.350624, 0.350624, -0.582891, -0.309186, 0, 0, 0, 0, 0
607090, -0.347118, 0, 0, 0.347118, 0, -0.573554, -0.303953, 0, 0, 0, 0, 0
607100, -0.350624, -0.350624, 0, 0.350624, 0.350624, -0.564217, -0.298719, 0, 0, 0, 0, 0
607111, 0, -0.350624, 0, 0, 0.350624, -0.559525, -0.288251, 0, 0, 0, 0, 0
607120, -0.350624, -0.347118, 0, 0.350624, 0.347118, -0.554833, -0.277835, 0, 0, 0, 0, 0
607130, 0, 0, 0, 0, 0, -0.550142, -0.272654, 0, 0, 0, 0, 0
607140, 0, 0, 0, 0, 0, -0.550142, -0.272654, 0, 0, 0, 0, 0
607151, -0.350624, -0.347118, 0, 0.350624, 0.347118, -0.54545, -0.267472, 0, 0, 0, 0, 0
607160, 0, 0, 0, 0, 0, -0.540758, -0.26229, 0, 0, 0, 0, 0
607170, 0, 0, 0, 0, 0, -0.540758, -0.26229, 0, 0, 0, 0, 0
607180, 0, 0, 0, 0, 0, -0.540758, -0.26229, 0, 0, 0, 0, 0
607191, 0, 0, 0, 0, 0, -0.540758, -0.26229, 0, 0, 0, 0, 0
607200, 0, 0, 0, 0, 0, -0.540758, -0.26229, 0, 0, 0, 0, 0
607210, 0, 0, 0, 0, 0, -0.540758, -0.26229, 0, 0, 0, 0, 0
607220, 0, 0, 0, 0, 0, -0.540758, -0.26229, 0, 0, 0, 0, 0
607230, 0, 0, 0, 0, 0, -0.540758, -0.26229, 0, 0, 0, 0, 0
607241, 0, 0, 0, 0, 0, -0.540758, -0.26229, 0, 0, 0, 0, 0
607250, 0, 0, 0, 0, 0, -0.540758, -0.26229, 0, 0, 0, 0, 0
607260, 0, -0.350624, 0, 0, 0.350624, -0.540758, -0.257056, 0, 0, 0, 0, 0
607270, 0, 0, 0, 0, 0, -0.540758, -0.251822, 0, 0, 0, 0, 0
607281, 0, 0, 0, 0, 0, -0.540758, -0.251822, 0, 0, 0, 0, 0
607290, 0, 0, 0, 0, 0, -0.540758, -0.251822, 0, 0, 0, 0, 0
607300, 0, 0, 0, 0, 0, -0.540758, -0.251822, 0, 0, 0, 0, 0
607310, 0, 0, 0, 0, 0, -0.540758, -0.251822, 0, 0, 0, 0, 0
607321, 0, 0, 0, 0, 0, -0.540758, -0.251822, 0, 0, 0, 0, 0
607330, 0, 0, 0, 0, 0, -0.540758, -0.251822, 0, 0, 0, 0, 0
607340, 0, 0, 0, 0, 0, -0.540758, -0.251822, 0, 0, 0, 0, 0
607350, 0, 0, 0, 0, 0, -0.540758, -0.251822, 0, 0, 0, 0, 0
607361, 0, 0, 0, 0, 0, -0.540758, -0.251822, 0, 0, 0, 0, 0
607370, 0, 0, 0, 0, 0, -0.540758, -0.251822, 0, 0, 0, 0, 0
607380, 0, 0, 0, 0, 0, -0.540758, -0.251822, 0, 0, 0, 0, 0
607390, 0, 0, 0, 0, 0, -0.540758, -0.251822, 0, 0, 0, 0, 0
607400, 0, 0, 0, 0, 0, -0.540758, -0.251822, 0, 0, 0, 0, 0
607411, 0, 0, 0, 0, 0, -0.540758, -0.251822, 0, 0, 0, 0, 0
607420, 0, 0, 0, 0, 0, -0.540758, -0.251822, 0, 0, 0, 0, 0
607430, 0, 0, 0, 0, 0, -0.540758, -0.251822, 0, 0, 0, 0, 0
607440, 0, 0, 0, 0, 0, -0.540758, -0.251822, 0, 0, 0, 0, 0
607451, 0, 0, 0, 0, 0, -0.540758, -0.251822, 0, 0, 0, 0, 0
607460, 0, 0, 0, 0, 0, -0.540758, -0.251822, 0, 0, 0, 0, 0
607470, 0, 0, 0, 0, 0, -0.540758, -0.251822, 0, 0, 0, 0, 0
607480, 0, 0, 0, 0, 0, -0.540758, -0.251822, 0, 0, 0, 0, 0
607491, 0, 0, 0, 0, 0, -0.540758, -0.251822, 0, 0, 0, 0, 0
607500, 0, 0, 0, 0, 0, -0.540758, -0.251822, 0, 0, 0, 0, 0
607510, 0, 0, 0, 0, 0, -0.540758, -0.251822, 0, 0, 0, 0, 0
607520, 0, 0, 0, 0, 0, -0.540758, -0.251822, 0, 0, 0, 0, 0
607531, 0, 0, 0, 0, 0, -0.540758, -0.251822, 0, 0, 0, 0, 0
607540, 0, 0, 0, 0, 0, -0.540758, -0.251822, 0, 0, 0, 0, 0
607550, 0, 0, 0, 0, 0, -0.540758, -0.251822, 0, 0, 0, 0, 0
607560, 0, 0, 0, 0, 0, -0.540758, -0.251822, 0, 0, 0, 0, 0
607570, 0, -0.350624, 0, 0, 0.350624, -0.540758, -0.246588, 0, 0, 0, 0, 0
607581, 0, 0, 0, 0, 0, -0.540758, -0.241355, 0, 0, 0, 0, 0
607590, 0, 0, 0, 0, 0, -0.540758, -0.241355, 0, 0, 0, 0, 0
607600, 0, 0, 0, 0, 0, -0.540758, -0.241355, 0, 0, 0, 0, 0
607610, 0, 0, 0, 0, 0, -0.540758, -0.241355, 0, 0, 0, 0, 0
607621, 0, 0, 0, 0, 0, -0.540758, -0.241355, 0, 0, 0, 0, 0
607630, 0, 0, 0, 0, 0, -0.540758, -0.241355, 0, 0, 0, 0, 0
607640, 0, 0, 0, 0, 0, -0.540758, -0.241355, 0, 0, 0, 0, 0
607650, 0, 0, 0, 0, 0, -0.540758, -0.241355, 0, 0, 0, 0, 0
607661, 0, 0, 0, 0, 0, -0.540758, -0.241355, 0, 0, 0, 0, 0
607670, 0, 0, 0, 0, 0, -0.540758, -0.241355, 0, 0, 0, 0, 0
607680, 0, 0, 0, 0, 0, -0.540758, -0.241355, 0, 0, 0, 0, 0
607690, 0, 0, 0, 0, 0, -0.540758, -0.241355, 0, 0, 0, 0, 0
607700, 0, 0, 0, 0, 0, -0.540758, -0.241355, 0, 0, 0, 0, 0
607711, 0, 0, 0, 0, 0, -0.540758, -0.241355, 0, 0, 0, 0, 0
607720, 0, 0, 0, 0, 0, -0.540758, -0.241355, 0, 0, 0, 0, 0
607730, 0, 0, 0, 0, 0, -0.540758, -0.241355, 0, 0, 0, 0, 0
607740, 0, 0, 0, 0, 0, -0.540758, -0.241355, 0, 0, 0, 0, 0
607751, 0, 0, 0, 0, 0, -0.540758, -0.241355, 0, 0, 0, 0, 0
607760, 0, 0, 0, 0, 0, -0.540758, -0.241355, 0, 0, 0, 0, 0
607770, 0, 0, 0, 0, 0, -0.540758, -0.241355, 0, 0, 0, 0, 0
607780, 0, 0, 0, 0, 0, -0.540758, -0.241355, 0, 0, 0, 0, 0
607791, 0, 0, 0, 0, 0, -0.540758, -0.241355, 0, 0, 0, 0, 0
607800, 0, 0, 0, 0, 0, -0.540758, -0.241355, 0, 0, 0, 0, 0
607810, 0, 0, 0, 0, 0, -0.540758, -0.241355, 0, 0, 0, 0, 0
607820, 0, 0, 0, 0, 0, -0.540758, -0.241355, 0, 0, 0, 0, 0
607831, 0, -0.347118, 0, 0, 0.347118, -0.540758, -0.236173, 0, 0, 0, 0, 0
607840, 0, 0, 0, 0, 0, -0.540758, -0.230991, 0, 0, 0, 0, 0
607850, 0, 0, 0, 0, 0, -0.540758, -0.230991, 0, 0, 0, 0, 0
607860, 0, 0, 0, 0, 0, -0.540758, -0.230991, 0, 0, 0, 0, 0
607870, 0, 0, 0, 0, 0, -0.540758, -0.230991, 0, 0, 0, 0, 0
607881, 0, 0, 0, 0, 0, -0.540758, -0.230991, 0, 0, 0, 0, 0
607890, 0, 0, 0, 0, 0, -0.540758, -0.230991, 0, 0, 0, 0, 0
607900, 0, 0, 0, 0, 0, -0.540758, -0.230991, 0, 0, 0, 0, 0
607910, 0, 0, 0, 0, 0, -0.540758, -0.230991, 0, 0, 0, 0, 0
607921, 0, 0, 0, 0, 0, -0.540758, -0.230991, 0, 0, 0, 0, 0
607930, 0, 0, 0, 0, 0, -0.540758, -0.230991, 0, 0, 0, 0, 0
607940, 0, 0, 0, 0, 0, -0.540758, -0.230991, 0, 0, 0, 0, 0
607950, 0, 0, 0, 0, 0, -0.540758, -0.230991, 0, 0, 0, 0, 0
607961, 0, 0, 0, 0, 0, -0.540758, -0.230991, 0, 0, 0, 0, 0
607970, 0, 0, 0, 0, 0, -0.540758, -0.230991, 0, 0, 0, 0, 0
607980, 0, 0, 0, 0, 0, -0.540758, -0.230991, 0, 0, 0, 0, 0
607990, 0, 0, 0, 0, 0, -0.540758, -0.230991, 0, 0, 0, 0, 0
608001, 0, 0, 0, 0, 0, -0.540758, -0.230991, 0, 0, 0, 0, 0
608010, 0, 0, 0, 0, 0, -0.540758, -0.230991, 0, 0, 0, 0, 0
608020, 0, 0, 0, 0, 0, -0.540758, -0.230991, 0, 0, 0, 0, 0
608030, 0, 0, 0, 0, 0, -0.540758, -0.230991, 0, 0, 0, 0, 0
608040, 0, 0, 0, 0, 0, -0.540758, -0.230991, 0, 0, 0, 0, 0
608051, 0, 0, 0, 0, 0, -0.540758, -0.230991, 0, 0, 0, 0, 0
608060, 0, 0, 0, 0, 0, -0.540758, -0.230991, 0, 0, 0, 0, 0
608070, 0, 0, 0, 0, 0, -0.540758, -0.230991, 0, 0, 0, 0, 0
608080, 0, 0, 0, 0, 0, -0.540758, -0.230991, 0, 0, 0, 0, 0
608091, 0, 0, 0, 0, 0, -0.540758, -0.230991, 0, 0, 0, 0, 0
608100, 0, 0, 0, 0, 0, -0.540758, -0.230991, 0, 0, 0, 0, 0
