QGPIORecord, QRC v6.1.0, 20-12-2021 @ 21:46:27, Windows 10 Version 2009, 10.0.19042, x86_64
Time, yA, yB, r, eA, eB, uA, uB, -, -, -, -, -
623680, 0, 0, 0, 0, 0, 0.338815, 0.279459, 0, 0, 0, 0, 0
623690, 0, 0, 0, 0, 0, 0.338815, 0.279459, 0, 0, 0, 0, 0
623702, 0, 0, 0, 0, 0, 0.338815, 0.279459, 0, 0, 0, 0, 0
623711, 0, 0, 0, 0, 0, 0.338815, 0.279459, 0, 0, 0, 0, 0
623720, 0, 0, 0, 0, 0, 0.338815, 0.279459, 0, 0, 0, 0, 0
623730, 0, 0, 0, 0, 0, 0.338815, 0.279459, 0, 0, 0, 0, 0
623740, 0, 0, 0, 0, 0, 0.338815, 0.279459, 0, 0, 0, 0, 0
623751, 0, 0, 0, 0, 0, 0.338815, 0.279459, 0, 0, 0, 0, 0
623760, 0, 0, 0, 0, 0, 0.338815, 0.279459, 0, 0, 0, 0, 0
623770, 0, 0, 0, 0, 0, 0.338815, 0.279459, 0, 0, 0, 0, 0
623780, 0, 0, 0, 0, 0, 0.338815, 0.279459, 0, 0, 0, 0, 0
623791, 0, 0, 0, 0, 0, 0.338815, 0.279459, 0, 0, 0, 0, 0
623800, 0, 0, 0, 0, 0, 0.338815, 0.279459, 0, 0, 0, 0, 0
623810, 0, 0, 0, 0, 0, 0.338815, 0.279459, 0, 0, 0, 0, 0
623820, 0, 0, 0, 0, 0, 0.338815, 0.279459, 0, 0, 0, 0, 0
623831, 0, 0, 0, 0, 0, 0.338815, 0.279459, 0, 0, 0, 0, 0
623840, 0, 0, 0, 0, 0, 0.338815, 0.279459, 0, 0, 0, 0, 0
623850, 0, 0, 0, 0, 0, 0.338815, 0.279459, 0, 0, 0, 0, 0
623860, 0, 0, 0, 0, 0, 0.338815, 0.279459, 0, 0, 0, 0, 0
623870, 0, 0, 0, 0, 0, 0.338815, 0.279459, 0, 0, 0, 0, 0
623881, 0, 0, 0, 0, 0, 0.338815, 0.279459, 0, 0, 0, 0, 0
623890, 0, 0, 0, 0, 0, 0.338815, 0.279459, 0, 0, 0, 0, 0
623900, 0, 0, 0, 0, 0, 0.338815, 0.279459, 0, 0, 0, 0, 0
623910, 0, 0, 0, 0, 0, 0.338815, 0.279459, 0, 0, 0, 0, 0
623921, 0, 0, 0, 0, 0, 0.338815, 0.279459, 0, 0, 0, 0, 0
623930, 0, 0, 0, 0, 0, 0.338815, 0.279459, 0, 0, 0, 0, 0
623940, 0, 0, 0, 0, 0, 0.338815, 0.279459, 0, 0, 0, 0, 0
623950, 0, 0, 0, 0, 0, 0.338815, 0.279459, 0, 0, 0, 0, 0
623961, 0, 0, 0, 0, 0, 0.338815, 0.279459, 0, 0, 0, 0, 0
623970, 0, 0, 0, 0, 0, 0.338815, 0.279459, 0, 0, 0, 0, 0
623980, 0, 0, 0, 0, 0, 0.338815, 0.279459, 0, 0, 0, 0, 0
623990, 0, 0, 0, 0, 0, 0.338815, 0.279459, 0, 0, 0, 0, 0
624001, 0, 0, 0, 0, 0, 0.338815, 0.279459, 0, 0, 0, 0, 0
624010, 0, 0, 0, 0, 0, 0.338815, 0.279459, 0, 0, 0, 0, 0
624020, 0, 0, 0, 0, 0, 0.338815, 0.279459, 0, 0, 0, 0, 0
624030, 0, 0, 0, 0, 0, 0.338815, 0.279459, 0, 0, 0, 0, 0
624040, 0, 0, 0, 0, 0, 0.338815, 0.279459, 0, 0, 0, 0, 0
624051, 0, 0, 0, 0, 0, 0.338815, 0.279459, 0, 0, 0, 0, 0
624060, 0, 0, 0, 0, 0, 0.338815, 0.279459, 0, 0, 0, 0, 0
624070, 0, 0, 0, 0, 0, 0.338815, 0.279459, 0, 0, 0, 0, 0
624080, 0, 0, 0, 0, 0, 0.338815, 0.279459, 0, 0, 0, 0, 0
624091, 0, 0, 0, 0, 0, 0.338815, 0.279459, 0, 0, 0, 0, 0
624100, 0, 0, 0, 0, 0, 0.338815, 0.279459, 0, 0, 0, 0, 0
624110, 0, 0, 0, 0, 0, 0.338815, 0.279459, 0, 0, 0, 0, 0
624120, 0, 0, 0, 0, 0, 0.338815, 0.279459, 0, 0, 0, 0, 0
624131, 0, 0, 0, 0, 0, 0.338815, 0.279459, 0, 0, 0, 0, 0
624140, 0, 0, 0, 0, 0, 0.338815, 0.279459, 0, 0, 0, 0, 0
624150, 0, 0, 0, 0, 0, 0.338815, 0.279459, 0, 0, 0, 0, 0
624160, 0, 0, 0, 0, 0, 0.338815, 0.279459, 0, 0, 0, 0, 0
624171, 0, 0, 0, 0, 0, 0.338815, 0.279459, 0, 0, 0, 0, 0
624180, 0, 0, 0, 0, 0, 0.338815, 0.279459, 0, 0, 0, 0, 0
624190, 0, 0, 0, 0, 0, 0.338815, 0.279459, 0, 0, 0, 0, 0
624200, 0, 0, 0, 0, 0, 0.338815, 0.279459, 0, 0, 0, 0, 0
624210, 0, 0, 0, 0, 0, 0.338815, 0.279459, 0, 0, 0, 0, 0
624221, 0, 0, 0, 0, 0, 0.338815, 0.279459, 0, 0, 0, 0, 0
624230, 0, 0, 0, 0, 0, 0.338815, 0.279459, 0, 0, 0, 0, 0
624240, 0, 0, 0, 0, 0, 0.338815, 0.279459, 0, 0, 0, 0, 0
624250, 0, 0, 0, 0, 0, 0.338815, 0.279459, 0, 0, 0, 0, 0
624261, 0, 0, 0, 0, 0, 0.338815, 0.279459, 0, 0, 0, 0, 0
624270, 0, 0, 0, 0, 0, 0.338815, 0.279459, 0, 0, 0, 0, 0
624280, 0, 0, 0, 0, 0, 0.338815, 0.279459, 0, 0, 0, 0, 0
624290, 0, 0, 0, 0, 0, 0.338815, 0.279459, 0, 0, 0, 0, 0
624301, 0, 0, 0, 0, 0, 0.338815, 0.279459, 0, 0, 0, 0, 0
624310, 0, 0, 0, 0, 0, 0.338815, 0.279459, 0, 0, 0, 0, 0
624320, 0, 0, 0, 0, 0, 0.338815, 0.279459, 0, 0, 0, 0, 0
624330, 0, 0, 0, 0, 0, 0.338815, 0.279459, 0, 0, 0, 0, 0
624340, 0, 0, 0, 0, 0, 0.338815, 0.279459, 0, 0, 0, 0, 0
624351, 0, 0, 0, 0, 0, 0.338815, 0.279459, 0, 0, 0, 0, 0
624360, 0, 0, 0, 0, 0, 0.338815, 0.279459, 0, 0, 0, 0, 0
624371, 0, 0, 0, 0, 0, 0.338815, 0.279459, 0, 0, 0, 0, 0
624380, 0, 0, -6, -6, -6, 0.258526, 0.189894, 0, 0, 0, 0, 0
624391, 0, 0, -6, -6, -6, 0.0979476, 0.010764, 0, 0, 0, 0, 0
624400, 0, 0, -6, -6, -6, -0.0626304, -0.168366, 0, 0, 0, 0, 0
624410, 0, 0, -6, -6, -6, -0.223208, -0.347496, 0, 0, 0, 0, 0
624420, 0, 0, -6, -6, -6, -0.383786, -0.526626, 0, 0, 0, 0, 0
624431, 0, 0, -6, -6, -6, -0.544364, -0.705756, 0, 0, 0, 0, 0
624440, 0, -0.347118, -6, -6, -5.65288, -0.704942, -0.879704, 0, 0, 0, 0, 0
624450, -0.350624, -0.697742, -6, -5.64938, -5.30226, -0.860829, -1.04324, 0, 0, 0, 0, 0
624460, -0.701248, -0.701248, -6, -5.29875, -5.29875, -1.00733, -1.20148, 0, 0, 0, 0, 0
624471, -0.697742, -1.04837, -6, -5.30226, -4.95163, -1.14919, -1.3545, 0, 0, 0, 0, 0
624481, -0.701248, -0.701248, -6, -5.29875, -5.29875, -1.29105, -1.50751, 0, 0, 0, 0, 0
624490, -1.4025, -1.39899, -6, -4.5975, -4.60101, -1.42347, -1.65529, 0, 0, 0, 0, 0
624500, -1.4025, -1.75312, -6, -4.5975, -4.24688, -1.54652, -1.78736, 0, 0, 0, 0, 0
624510, -1.75312, -1.75312, -6, -4.24688, -4.24688, -1.66487, -1.91416, 0, 0, 0, 0, 0
624521, -1.74961, -2.45086, -6, -4.25039, -3.54914, -1.77857, -2.03053, 0, 0, 0, 0, 0
624530, -2.45437, -2.10374, -6, -3.54563, -3.89626, -1.88289, -2.14167, 0, 0, 0, 0, 0
624540, -2.45437, -2.80499, -6, -3.54563, -3.19501, -1.97779, -2.24753, 0, 0, 0, 0, 0
624550, -2.80149, -2.80149, -6, -3.19851, -3.19851, -2.06803, -2.34297, 0, 0, 0, 0, 0
624561, -2.80499, -3.15562, -6, -3.19501, -2.84438, -2.15359, -2.43317, 0, 0, 0, 0, 0
624570, -3.15211, -3.15211, -6, -2.84789, -2.84789, -2.23445, -2.51814, 0, 0, 0, 0, 0
624580, -3.15562, -3.85336, -6, -2.84438, -2.14664, -2.31062, -2.5927, 0, 0, 0, 0, 0
624590, -3.85687, -3.50975, -6, -2.14313, -2.49025, -2.37736, -2.66192, 0, 0, 0, 0, 0
624601, -3.84985, -4.19697, -6, -2.15015, -1.80303, -2.43481, -2.726, 0, 0, 0, 0, 0
624611, -3.85687, -3.86037, -6, -2.14313, -2.13963, -2.49226, -2.78486, 0, 0, 0, 0, 0
624620, -4.20398, -4.55811, -6, -1.79602, -1.44189, -2.54498, -2.83832, 0, 0, 0, 0, 0
624630, -4.211, -4.20398, -6, -1.789, -1.79602, -2.59295, -2.88665, 0, 0, 0, 0, 0
624641, -4.5511, -4.90874, -6, -1.4489, -1.09126, -2.63628, -2.92975, 0, 0, 0, 0, 0
624651, -4.90874, -4.55811, -6, -1.09126, -1.44189, -2.67027, -2.96757, 0, 0, 0, 0, 0
624660, -4.56162, -5.24884, -6, -1.43838, -0.751156, -2.70412, -3.0003, 0, 0, 0, 0, 0
624670, -4.90874, -4.91575, -6, -1.09126, -1.08425, -2.73797, -3.0277, 0, 0, 0, 0, 0
624680, -4.55811, -4.91575, -6, -1.44189, -1.08425, -2.77187, -3.06007, 0, 0, 0, 0, 0
624691, -5.25235, -5.25235, -6, -0.74765, -0.74765, -2.80117, -3.08742, 0, 0, 0, 0, 0
624700, -4.90523, -5.24534, -6, -1.09477, -0.754662, -2.82582, -3.10984, 0, 0, 0, 0, 0
624710, -5.26287, -5.27339, -6, -0.737131, -0.726612, -2.85033, -3.13196, 0, 0, 0, 0, 0
624720, -5.25936, -5.25936, -6, -0.740637, -0.740637, -2.87011, -3.15386, 0, 0, 0, 0, 0
624731, -5.60999, -5.60297, -6, -0.390013, -0.397026, -2.88524, -3.17084, 0, 0, 0, 0, 0
624740, -5.25936, -5.25936, -6, -0.740637, -0.740637, -2.90037, -3.18782, 0, 0, 0, 0, 0
624750, -5.60648, -5.25586, -6, -0.393519, -0.744143, -2.91554, -3.20999, 0, 0, 0, 0, 0
624760, -5.25936, -5.60297, -6, -0.740637, -0.397026, -2.93072, -3.22702, 0, 0, 0, 0, 0
624771, -5.95009, -5.60999, -6, -0.0499077, -0.390013, -2.9413, -3.23877, 0, 0, 0, 0, 0
624781, -5.60999, -5.25936, -6, -0.390013, -0.740637, -2.94719, -3.25565, 0, 0, 0, 0, 0
624790, -5.60999, -5.61349, -6, -0.390013, -0.386507, -2.95762, -3.27247, 0, 0, 0, 0, 0
624800, -5.26287, -5.60648, -6, -0.737131, -0.393519, -2.97271, -3.28412, 0, 0, 0, 0, 0
624811, -5.9536, -5.60999, -6, -0.0464015, -0.390013, -2.98319, -3.29581, 0, 0, 0, 0, 0
624821, -5.60648, -5.95009, -6, -0.393519, -0.0499077, -2.98908, -3.30238, 0, 0, 0, 0, 0
624830, -5.25936, -5.60999, -6, -0.740637, -0.390013, -3.00426, -3.30895, 0, 0, 0, 0, 0
624840, -5.96061, -5.617, -6, -0.0393887, -0.383, -3.01469, -3.32049, 0, 0, 0, 0, 0
624850, -5.60999, -5.96061, -6, -0.390013, -0.0393887, -3.02044, -3.32679, 0, 0, 0, 0, 0
624861, -5.59947, -5.95009, -6, -0.400532, -0.0499077, -3.03102, -3.32813, 0, 0, 0, 0, 0
624870, -5.62401, -5.97113, -6, -0.375988, -0.0288701, -3.04141, -3.3293, 0, 0, 0, 0, 0
624880, -5.60297, -5.96061, -6, -0.397026, -0.0393887, -3.05175, -3.33032, 0, 0, 0, 0, 0
624890, -5.60999, -6.30072, -6, -0.390013, 0.300716, -3.06229, -3.32642, 0, 0, 0, 0, 0
624901, -5.60648, -5.96061, -6, -0.393519, -0.0393887, -3.07277, -3.32252, 0, 0, 0, 0, 0
624910, -5.60999, -5.96061, -6, -0.390013, -0.0393887, -3.08326, -3.32369, 0, 0, 0, 0, 0
624920, -5.60999, -6.31124, -6, -0.390013, 0.311235, -3.09369, -3.31964, 0, 0, 0, 0, 0
624930, -5.61349, -5.96412, -6, -0.386507, -0.0358825, -3.10408, -3.31553, 0, 0, 0, 0, 0
624941, -5.60999, -6.31124, -6, -0.390013, 0.311235, -3.11448, -3.31142, 0, 0, 0, 0, 0
624951, -5.95009, -5.95009, -6, -0.0499077, -0.0499077, -3.12036, -3.30751, 0, 0, 0, 0, 0
624960, -5.617, -5.96762, -6, -0.383, -0.0323763, -3.12615, -3.30874, 0, 0, 0, 0, 0
624970, -5.60999, -6.30773, -6, -0.390013, 0.307729, -3.1365, -3.30463, 0, 0, 0, 0, 0
624980, -5.60648, -6.30773, -6, -0.393519, 0.307729, -3.14698, -3.29544, 0, 0, 0, 0, 0
624991, -5.60648, -5.9571, -6, -0.393519, -0.0428953, -3.15752, -3.29149, 0, 0, 0, 0, 0
625000, -5.60999, -6.65134, -6, -0.390013, 0.651341, -3.168, -3.28241, 0, 0, 0, 0, 0
625010, -5.60999, -5.96762, -6, -0.390013, -0.0323763, -3.17844, -3.27317, 0, 0, 0, 0, 0
625020, -5.95009, -6.30422, -6, -0.0499077, 0.304223, -3.18432, -3.26911, 0, 0, 0, 0, 0
625031, -5.60999, -6.31124, -6, -0.390013, 0.311235, -3.19021, -3.25992, 0, 0, 0, 0, 0
625040, -5.60999, -6.65835, -6, -0.390013, 0.658353, -3.20065, -3.24545, 0, 0, 0, 0, 0
625050, -5.617, -6.31825, -6, -0.383, 0.318248, -3.21099, -3.23087, 0, 0, 0, 0, 0
625060, -5.60999, -6.30422, -6, -0.390013, 0.304223, -3.22134, -3.22158, 0, 0, 0, 0, 0
625071, -5.9536, -6.66186, -6, -0.0464015, 0.66186, -3.22718, -3.20716, 0, 0, 0, 0, 0
625081, -5.60297, -6.30773, -6, -0.397026, 0.307729, -3.23311, -3.19269, 0, 0, 0, 0, 0
625090, -5.61349, -6.66186, -6, -0.386507, 0.66186, -3.2436, -3.17821, 0, 0, 0, 0, 0
625100, -5.9571, -6.31124, -6, -0.0428953, 0.311235, -3.24934, -3.16369, 0, 0, 0, 0, 0
625111, -5.61349, -6.31474, -6, -0.386507, 0.314742, -3.25509, -3.15434, 0, 0, 0, 0, 0
625121, -5.9571, -6.65134, -6, -0.0428953, 0.651341, -3.26083, -3.13992, 0, 0, 0, 0, 0
625130, -5.95009, -6.30072, -6, -0.0499077, 0.300716, -3.26208, -3.12571, 0, 0, 0, 0, 0
625140, -5.97113, -6.31825, -6, -0.0288701, 0.318248, -3.26313, -3.11647, 0, 0, 0, 0, 0
625150, -5.95009, -5.96061, -6, -0.0499077, -0.0393887, -3.26418, -3.11231, 0, 0, 0, 0, 0
625161, -5.60999, -6.31124, -6, -0.390013, 0.311235, -3.27007, -3.10825, 0, 0, 0, 0, 0
625170, -5.96412, -6.31124, -6, -0.0358825, 0.311235, -3.27577, -3.09896, 0, 0, 0, 0, 0
625180, -5.96061, -6.31474, -6, -0.0393887, 0.314742, -3.27678, -3.08961, 0, 0, 0, 0, 0
625190, -5.9571, -6.30072, -6, -0.0428953, 0.300716, -3.27788, -3.08043, 0, 0, 0, 0, 0
625201, -5.96061, -5.96762, -6, -0.0393887, -0.0323763, -3.27898, -3.07642, 0, 0, 0, 0, 0
625210, -5.94659, -6.2902, -6, -0.0534139, 0.290198, -3.28022, -3.07257, 0, 0, 0, 0, 0
625220, -5.96762, -6.31825, -6, -0.0323763, 0.318248, -3.28137, -3.06349, 0, 0, 0, 0, 0
625230, -5.9571, -5.96061, -6, -0.0428953, -0.0393887, -3.28238, -3.05933, 0, 0, 0, 0, 0
625241, -6.31124, -6.31825, -6, 0.311235, 0.318248, -3.27879, -3.05516, 0, 0, 0, 0, 0
625251, -5.9571, -6.30422, -6, -0.0428953, 0.304223, -3.2752, -3.04587, 0, 0, 0, 0, 0
625260, -6.30422, -5.9536, -6, 0.304223, -0.0464015, -3.2717, -3.04202, 0, 0, 0, 0, 0
625270, -5.96762, -5.96762, -6, -0.0323763, -0.0323763, -3.26806, -3.0432, 0, 0, 0, 0, 0
625281, -5.9536, -5.9536, -6, -0.0464015, -0.0464015, -3.26911, -3.04437, 0, 0, 0, 0, 0
625291, -6.30422, -5.9536, -6, 0.304223, -0.0464015, -3.26567, -3.04576, 0, 0, 0, 0, 0
625300, -5.97113, -6.31825, -6, -0.0288701, 0.318248, -3.26198, -3.0417, 0, 0, 0, 0, 0
625310, -5.96061, -5.96061, -6, -0.0393887, -0.0393887, -3.26289, -3.03754, 0, 0, 0, 0, 0
625320, -6.30072, -5.96061, -6, 0.300716, -0.0393887, -3.2594, -3.03872, 0, 0, 0, 0, 0
625331, -5.96061, -5.94659, -6, -0.0393887, -0.0534139, -3.2559, -3.0401, 0, 0, 0, 0, 0
625340, -6.31124, -5.617, -6, 0.311235, -0.383, -3.25226, -3.04661, 0, 0, 0, 0, 0
625350, -5.96061, -5.96412, -6, -0.0393887, -0.0358825, -3.24862, -3.05287, 0, 0, 0, 0, 0
625360, -6.30773, -5.9536, -6, 0.307729, -0.0464015, -3.24503, -3.0541, 0, 0, 0, 0, 0
625371, -5.96412, -5.96762, -6, -0.0358825, -0.0323763, -3.2414, -3.05527, 0, 0, 0, 0, 0
625380, -5.9571, -6.30422, -6, -0.0428953, 0.304223, -3.24245, -3.05121, 0, 0, 0, 0, 0
625390, -6.30773, -5.95009, -6, 0.307729, -0.0499077, -3.23891, -3.04742, 0, 0, 0, 0, 0
625400, -6.30773, -5.96061, -6, 0.307729, -0.0393887, -3.23067, -3.04875, 0, 0, 0, 0, 0
625411, -5.96762, -5.96061, -6, -0.0323763, -0.0393887, -3.22699, -3.04993, 0, 0, 0, 0, 0
625421, -5.95009, -5.96061, -6, -0.0499077, -0.0393887, -3.22809, -3.0511, 0, 0, 0, 0, 0
625430, -6.30422, -5.95009, -6, 0.304223, -0.0499077, -3.22468, -3.05244, 0, 0, 0, 0, 0
625440, -5.96762, -5.96762, -6, -0.0323763, -0.0323763, -3.22105, -3.05366, 0, 0, 0, 0, 0
625451, -5.9536, -5.9571, -6, -0.0464015, -0.0428953, -3.2221, -3.05479, 0, 0, 0, 0, 0
625461, -6.30422, -5.95009, -6, 0.304223, -0.0499077, -3.21865, -3.05617, 0, 0, 0, 0, 0
625470, -5.96762, -5.61349, -6, -0.0323763, -0.386507, -3.21501, -3.06269, 0, 0, 0, 0, 0
625480, -6.31124, -5.96412, -6, 0.311235, -0.0358825, -3.21128, -3.06899, 0, 0, 0, 0, 0
625490, -5.96061, -5.96061, -6, -0.0393887, -0.0393887, -3.20764, -3.07012, 0, 0, 0, 0, 0
625501, -5.9536, -6.30072, -6, -0.0464015, 0.300716, -3.20879, -3.06622, 0, 0, 0, 0, 0
625510, -5.96412, -5.96061, -6, -0.0358825, -0.0393887, -3.20989, -3.06231, 0, 0, 0, 0, 0
625520, -6.30422, -5.9571, -6, 0.304223, -0.0428953, -3.2063, -3.06354, 0, 0, 0, 0, 0
625530, -5.96412, -5.96061, -6, -0.0358825, -0.0393887, -3.20271, -3.06477, 0, 0, 0, 0, 0
625541, -6.30773, -5.96412, -6, 0.307729, -0.0358825, -3.19907, -3.06589, 0, 0, 0, 0, 0
625550, -5.9571, -5.60648, -6, -0.0428953, -0.393519, -3.19553, -3.0723, 0, 0, 0, 0, 0
625560, -6.30773, -6.30422, -6, 0.307729, 0.304223, -3.19198, -3.07364, 0, 0, 0, 0, 0
625570, -5.96061, -5.96061, -6, -0.0393887, -0.0393887, -3.18839, -3.06968, 0, 0, 0, 0, 0
625581, -5.96061, -5.96412, -6, -0.0393887, -0.0358825, -3.18945, -3.07081, 0, 0, 0, 0, 0
625591, -6.30422, -5.95009, -6, 0.304223, -0.0499077, -3.1859, -3.07209, 0, 0, 0, 0, 0
625600, -5.96061, -6.30072, -6, -0.0393887, 0.300716, -3.18236, -3.06834, 0, 0, 0, 0, 0
625610, -6.31825, -5.97814, -6, 0.318248, -0.0218577, -3.17863, -3.06418, 0, 0, 0, 0, 0
625620, -5.95009, -5.95009, -6, -0.0499077, -0.0499077, -3.17504, -3.06525, 0, 0, 0, 0, 0
625631, -6.30773, -5.96061, -6, 0.307729, -0.0393887, -3.17159, -3.06659, 0, 0, 0, 0, 0
625640, -6.31124, -6.30773, -6, 0.311235, 0.307729, -3.16331, -3.06258, 0, 0, 0, 0, 0
625650, -6.30422, -5.96061, -6, 0.304223, -0.0393887, -3.15507, -3.05857, 0, 0, 0, 0, 0
625660, -5.97113, -5.96762, -6, -0.0288701, -0.0323763, -3.15139, -3.05965, 0, 0, 0, 0, 0
625671, -6.30422, -5.9571, -6, 0.304223, -0.0428953, -3.1477, -3.06077, 0, 0, 0, 0, 0
625680, -6.31474, -5.96061, -6, 0.314742, -0.0393887, -3.13942, -3.062, 0, 0, 0, 0, 0
625690, -5.95009, -5.9571, -6, -0.0499077, -0.0428953, -3.13587, -3.06323, 0, 0, 0, 0, 0
625700, -5.61349, -5.96762, -6, -0.386507, -0.0323763, -3.14171, -3.06435, 0, 0, 0, 0, 0
625711, -6.30422, -6.30072, -6, 0.304223, 0.300716, -3.14281, -3.06034, 0, 0, 0, 0, 0
625721, -5.96061, -5.60999, -6, -0.0393887, -0.390013, -3.13927, -3.06168, 0, 0, 0, 0, 0
625730, -6.30773, -5.96061, -6, 0.307729, -0.0393887, -3.13568, -3.06809, 0, 0, 0, 0, 0
625740, -5.96412, -5.60999, -6, -0.0358825, -0.390013, -3.13204, -3.0745, 0, 0, 0, 0, 0
625751, -5.96061, -5.96061, -6, -0.0393887, -0.0393887, -3.13305, -3.08091, 0, 0, 0, 0, 0
625761, -5.9571, -5.9536, -6, -0.0428953, -0.0464015, -3.13415, -3.08219, 0, 0, 0, 0, 0
625770, -5.96061, -5.96061, -6, -0.0393887, -0.0393887, -3.13525, -3.08347, 0, 0, 0, 0, 0
625780, -5.96061, -5.96061, -6, -0.0393887, -0.0393887, -3.13631, -3.08464, 0, 0, 0, 0, 0
625790, -6.30072, -5.95009, -6, 0.300716, -0.0499077, -3.13281, -3.08598, 0, 0, 0, 0, 0
625801, -5.96061, -5.9536, -6, -0.0393887, -0.0464015, -3.12931, -3.08741, 0, 0, 0, 0, 0
625810, -6.31825, -5.96762, -6, 0.318248, -0.0323763, -3.12558, -3.08859, 0, 0, 0, 0, 0
625820, -5.9571, -5.96061, -6, -0.0428953, -0.0393887, -3.1219, -3.08966, 0, 0, 0, 0, 0
625830, -6.30422, -5.9536, -6, 0.304223, -0.0464015, -3.1184, -3.09094, 0, 0, 0, 0, 0
625841, -5.96762, -5.96061, -6, -0.0323763, -0.0393887, -3.11476, -3.09222, 0, 0, 0, 0, 0
625850, -5.95009, -5.96061, -6, -0.0499077, -0.0393887, -3.11586, -3.0934, 0, 0, 0, 0, 0
625860, -6.31474, -5.60999, -6, 0.314742, -0.390013, -3.11232, -3.09981, 0, 0, 0, 0, 0
625870, -5.96061, -5.9571, -6, -0.0393887, -0.0428953, -3.10863, -3.10627, 0, 0, 0, 0, 0
625881, -6.30773, -5.96061, -6, 0.307729, -0.0393887, -3.10504, -3.1075, 0, 0, 0, 0, 0
625891, -5.96061, -5.96061, -6, -0.0393887, -0.0393887, -3.10145, -3.10868, 0, 0, 0, 0, 0
625900, -5.96061, -5.95009, -6, -0.0393887, -0.0499077, -3.10251, -3.11001, 0, 0, 0, 0, 0
625910, -6.30773, -6.31825, -6, 0.307729, 0.318248, -3.09892, -3.106, 0, 0, 0, 0, 0
625921, -5.9536, -5.9536, -6, -0.0464015, -0.0464015, -3.09542, -3.10194, 0, 0, 0, 0, 0
625931, -5.96412, -5.96412, -6, -0.0358825, -0.0358825, -3.09652, -3.10317, 0, 0, 0, 0, 0
625940, -5.96061, -5.60648, -6, -0.0393887, -0.393519, -3.09753, -3.10958, 0, 0, 0, 0, 0
625950, -6.30072, -5.60648, -6, 0.300716, -0.393519, -3.09403, -3.12133, 0, 0, 0, 0, 0
625960, -5.96061, -5.96061, -6, -0.0393887, -0.0393887, -3.09053, -3.12779, 0, 0, 0, 0, 0
625971, -5.9536, -5.9571, -6, -0.0464015, -0.0428953, -3.09168, -3.12902, 0, 0, 0, 0, 0
625980, -5.96762, -6.31474, -6, -0.0323763, 0.314742, -3.09274, -3.12496, 0, 0, 0, 0, 0
625990, -5.9536, -5.96061, -6, -0.0464015, -0.0393887, -3.09379, -3.12085, 0, 0, 0, 0, 0
626000, -5.96762, -5.96412, -6, -0.0323763, -0.0358825, -3.09484, -3.12198, 0, 0, 0, 0, 0
626011, -5.9571, -5.95009, -6, -0.0428953, -0.0499077, -3.09585, -3.12326, 0, 0, 0, 0, 0
626020, -6.30072, -5.9571, -6, 0.300716, -0.0428953, -3.0924, -3.12464, 0, 0, 0, 0, 0
626030, -5.96061, -5.96061, -6, -0.0393887, -0.0393887, -3.0889, -3.12587, 0, 0, 0, 0, 0
626040, -5.96412, -5.96412, -6, -0.0358825, -0.0358825, -3.08991, -3.127, 0, 0, 0, 0, 0
626051, -5.96061, -5.9536, -6, -0.0393887, -0.0464015, -3.09092, -3.12822, 0, 0, 0, 0, 0
626061, -6.30422, -5.96061, -6, 0.304223, -0.0393887, -3.08737, -3.1295, 0, 0, 0, 0, 0
626070, -5.96412, -5.96412, -6, -0.0358825, -0.0358825, -3.08378, -3.13063, 0, 0, 0, 0, 0
626080, -5.9571, -5.9571, -6, -0.0428953, -0.0428953, -3.08484, -3.1318, 0, 0, 0, 0, 0
626091, -5.96061, -6.31124, -6, -0.0393887, 0.311235, -3.08594, -3.1278, 0, 0, 0, 0, 0
626101, -5.96061, -5.60999, -6, -0.0393887, -0.390013, -3.08699, -3.12897, 0, 0, 0, 0, 0
626110, -5.96412, -5.96061, -6, -0.0358825, -0.0393887, -3.088, -3.13538, 0, 0, 0, 0, 0
626120, -6.30072, -5.9536, -6, 0.300716, -0.0464015, -3.08446, -3.13666, 0, 0, 0, 0, 0
626130, -5.96061, -5.96061, -6, -0.0393887, -0.0393887, -3.08096, -3.13794, 0, 0, 0, 0, 0
626141, -5.96061, -5.96061, -6, -0.0393887, -0.0393887, -3.08201, -3.13912, 0, 0, 0, 0, 0
626150, -5.96412, -5.9536, -6, -0.0358825, -0.0464015, -3.08302, -3.1404, 0, 0, 0, 0, 0
626160, -5.96061, -5.96762, -6, -0.0393887, -0.0323763, -3.08403, -3.14158, 0, 0, 0, 0, 0
626170, -5.95009, -5.94659, -6, -0.0499077, -0.0534139, -3.08522, -3.14286, 0, 0, 0, 0, 0
626181, -5.96412, -5.96762, -6, -0.0358825, -0.0323763, -3.08637, -3.14414, 0, 0, 0, 0, 0
626191, -5.95009, -5.94308, -6, -0.0499077, -0.0569201, -3.08752, -3.14547, 0, 0, 0, 0, 0
626200, -6.31825, -5.97464, -6, 0.318248, -0.0253639, -3.08393, -3.1467, 0, 0, 0, 0, 0
626210, -5.9571, -5.95009, -6, -0.0428953, -0.0499077, -3.08024, -3.14782, 0, 0, 0, 0, 0
626221, -5.61349, -5.97113, -6, -0.386507, -0.0288701, -3.08599, -3.149, 0, 0, 0, 0, 0
626231, -6.29721, -5.94308, -6, 0.29721, -0.0569201, -3.08718, -3.15028, 0, 0, 0, 0, 0
626240, -5.96762, -5.97113, -6, -0.0323763, -0.0288701, -3.08364, -3.15156, 0, 0, 0, 0, 0
626250, -5.96061, -5.9571, -6, -0.0393887, -0.0428953, -3.0846, -3.15263, 0, 0, 0, 0, 0
626260, -5.9571, -5.96061, -6, -0.0428953, -0.0393887, -3.0857, -3.15386, 0, 0, 0, 0, 0
626271, -5.9571, -5.60999, -6, -0.0428953, -0.390013, -3.08685, -3.16027, 0, 0, 0, 0, 0
626280, -5.96762, -5.96061, -6, -0.0323763, -0.0393887, -3.08786, -3.16668, 0, 0, 0, 0, 0
626290, -5.60297, -6.2937, -6, -0.397026, 0.293704, -3.0936, -3.16288, 0, 0, 0, 0, 0
626300, -5.9536, -5.96762, -6, -0.0464015, -0.0323763, -3.09954, -3.15898, 0, 0, 0, 0, 0
626311, -5.96061, -5.96061, -6, -0.0393887, -0.0393887, -3.10069, -3.16005, 0, 0, 0, 0, 0
626320, -5.9571, -5.9571, -6, -0.0428953, -0.0428953, -3.10179, -3.16128, 0, 0, 0, 0, 0
626330, -5.97113, -5.96061, -6, -0.0288701, -0.0393887, -3.10275, -3.16251, 0, 0, 0, 0, 0
626340, -5.60648, -5.60297, -6, -0.393519, -0.397026, -3.1084, -3.16902, 0, 0, 0, 0, 0
626351, -5.95009, -5.61349, -6, -0.0499077, -0.386507, -3.11433, -3.18072, 0, 0, 0, 0, 0
626361, -5.96412, -5.96061, -6, -0.0358825, -0.0393887, -3.11548, -3.18708, 0, 0, 0, 0, 0
626370, -5.9571, -5.96061, -6, -0.0428953, -0.0393887, -3.11653, -3.18825, 0, 0, 0, 0, 0
626380, -5.9571, -6.30422, -6, -0.0428953, 0.304223, -3.11768, -3.1843, 0, 0, 0, 0, 0
626391, -5.96061, -5.96412, -6, -0.0393887, -0.0358825, -3.11878, -3.1803, 0, 0, 0, 0, 0
626401, -5.96061, -5.96061, -6, -0.0393887, -0.0393887, -3.11984, -3.18142, 0, 0, 0, 0, 0
626410, -5.96412, -6.30072, -6, -0.0358825, 0.300716, -3.12085, -3.17752, 0, 0, 0, 0, 0
626420, -5.9571, -5.96762, -6, -0.0428953, -0.0323763, -3.1219, -3.17351, 0, 0, 0, 0, 0
626430, -5.96061, -5.96061, -6, -0.0393887, -0.0393887, -3.123, -3.17458, 0, 0, 0, 0, 0
626441, -6.30072, -6.2902, -6, 0.300716, 0.290198, -3.1195, -3.17084, 0, 0, 0, 0, 0
626450, -5.96762, -5.97464, -6, -0.0323763, -0.0253639, -3.11591, -3.16689, 0, 0, 0, 0, 0
626460, -5.94659, -5.95009, -6, -0.0534139, -0.0499077, -3.11706, -3.16801, 0, 0, 0, 0, 0
626470, -5.96762, -6.30422, -6, -0.0323763, 0.304223, -3.11821, -3.16421, 0, 0, 0, 0, 0
626481, -5.96412, -5.97464, -6, -0.0358825, -0.0253639, -3.11912, -3.16005, 0, 0, 0, 0, 0
626490, -5.95009, -5.95009, -6, -0.0499077, -0.0499077, -3.12027, -3.16117, 0, 0, 0, 0, 0
626500, -6.31124, -6.31124, -6, 0.311235, 0.311235, -3.11677, -3.15727, 0, 0, 0, 0, 0
626510, -5.96061, -5.96762, -6, -0.0393887, -0.0323763, -3.11314, -3.15311, 0, 0, 0, 0, 0
626521, -5.9536, -5.95009, -6, -0.0464015, -0.0499077, -3.11428, -3.15434, 0, 0, 0, 0, 0
626531, -5.96061, -5.96061, -6, -0.0393887, -0.0393887, -3.11543, -3.15567, 0, 0, 0, 0, 0
626540, -5.96061, -5.60999, -6, -0.0393887, -0.390013, -3.11649, -3.16208, 0, 0, 0, 0, 0
626550, -5.96061, -5.96061, -6, -0.0393887, -0.0393887, -3.11754, -3.16849, 0, 0, 0, 0, 0
626561, -5.96061, -5.96061, -6, -0.0393887, -0.0393887, -3.11859, -3.16967, 0, 0, 0, 0, 0
626571, -5.9571, -6.30422, -6, -0.0428953, 0.304223, -3.11969, -3.16571, 0, 0, 0, 0, 0
626580, -5.9536, -5.95009, -6, -0.0464015, -0.0499077, -3.12089, -3.16192, 0, 0, 0, 0, 0
626590, -5.96762, -5.97113, -6, -0.0323763, -0.0288701, -3.12194, -3.16309, 0, 0, 0, 0, 0
626600, -5.96061, -5.96061, -6, -0.0393887, -0.0393887, -3.1229, -3.16411, 0, 0, 0, 0, 0
626611, -5.9536, -5.9536, -6, -0.0464015, -0.0464015, -3.12405, -3.16539, 0, 0, 0, 0, 0
626620, -5.96061, -6.30773, -6, -0.0393887, 0.307729, -3.1252, -3.16149, 0, 0, 0, 0, 0
626630, -5.9536, -5.96061, -6, -0.0464015, -0.0393887, -3.12635, -3.15749, 0, 0, 0, 0, 0
626640, -6.31124, -5.96061, -6, 0.311235, -0.0393887, -3.1228, -3.15866, 0, 0, 0, 0, 0
626651, -5.96412, -6.31474, -6, -0.0358825, 0.314742, -3.11912, -3.15455, 0, 0, 0, 0, 0
626660, -5.9536, -5.59596, -6, -0.0464015, -0.404038, -3.12022, -3.15589, 0, 0, 0, 0, 0
626670, -6.30773, -6.31124, -6, 0.307729, 0.311235, -3.11672, -3.15727, 0, 0, 0, 0, 0
626680, -5.96061, -5.96412, -6, -0.0393887, -0.0358825, -3.11313, -3.15316, 0, 0, 0, 0, 0
626691, -5.96061, -5.96061, -6, -0.0393887, -0.0393887, -3.11419, -3.15428, 0, 0, 0, 0, 0
626701, -5.60999, -6.31124, -6, -0.390013, 0.311235, -3.11993, -3.15023, 0, 0, 0, 0, 0
626710, -6.30773, -5.96061, -6, 0.307729, -0.0393887, -3.12103, -3.14617, 0, 0, 0, 0, 0
626720, -5.96061, -5.96061, -6, -0.0393887, -0.0393887, -3.11744, -3.14734, 0, 0, 0, 0, 0
626731, -5.96061, -5.96061, -6, -0.0393887, -0.0393887, -3.1185, -3.14852, 0, 0, 0, 0, 0
626741, -5.9571, -5.95009, -6, -0.0428953, -0.0499077, -3.1196, -3.14985, 0, 0, 0, 0, 0
626750, -5.96061, -5.96061, -6, -0.0393887, -0.0393887, -3.1207, -3.15119, 0, 0, 0, 0, 0
626760, -5.96061, -5.96061, -6, -0.0393887, -0.0393887, -3.12175, -3.15236, 0, 0, 0, 0, 0
626770, -5.96061, -5.96762, -6, -0.0393887, -0.0323763, -3.12281, -3.15343, 0, 0, 0, 0, 0
626781, -6.2902, -6.2902, -6, 0.290198, 0.290198, -3.11945, -3.14958, 0, 0, 0, 0, 0
626790, -5.97464, -5.97113, -6, -0.0253639, -0.0288701, -3.11591, -3.14568, 0, 0, 0, 0, 0
626800, -5.95009, -5.9536, -6, -0.0499077, -0.0464015, -3.11691, -3.14681, 0, 0, 0, 0, 0
626810, -5.97464, -5.97113, -6, -0.0253639, -0.0288701, -3.11792, -3.14793, 0, 0, 0, 0, 0
626821, -5.94308, -5.94308, -6, -0.0569201, -0.0569201, -3.11902, -3.14921, 0, 0, 0, 0, 0
626830, -5.96762, -5.96762, -6, -0.0323763, -0.0323763, -3.12022, -3.15054, 0, 0, 0, 0, 0
626840, -5.96061, -5.96061, -6, -0.0393887, -0.0393887, -3.12118, -3.15162, 0, 0, 0, 0, 0
626850, -5.96412, -5.9571, -6, -0.0358825, -0.0428953, -3.12219, -3.15284, 0, 0, 0, 0, 0
626861, -5.96061, -5.96412, -6, -0.0393887, -0.0358825, -3.12319, -3.15402, 0, 0, 0, 0, 0
626871, -6.30072, -5.95009, -6, 0.300716, -0.0499077, -3.1197, -3.1553, 0, 0, 0, 0, 0
626880, -5.96762, -5.96762, -6, -0.0323763, -0.0323763, -3.11611, -3.15653, 0, 0, 0, 0, 0
626890, -5.9536, -6.30422, -6, -0.0464015, 0.304223, -3.11716, -3.15247, 0, 0, 0, 0, 0
626900, -5.96762, -5.96762, -6, -0.0323763, -0.0323763, -3.11821, -3.14841, 0, 0, 0, 0, 0
626911, -6.30773, -5.9536, -6, 0.307729, -0.0464015, -3.11453, -3.14959, 0, 0, 0, 0, 0
626920, -5.9536, -5.95009, -6, -0.0464015, -0.0499077, -3.11103, -3.15103, 0, 0, 0, 0, 0
626930, -5.96061, -5.96412, -6, -0.0393887, -0.0358825, -3.11218, -3.15231, 0, 0, 0, 0, 0
626940, -5.96061, -5.60999, -6, -0.0393887, -0.390013, -3.11323, -3.15866, 0, 0, 0, 0, 0
626951, -5.96061, -5.96061, -6, -0.0393887, -0.0393887, -3.11429, -3.16507, 0, 0, 0, 0, 0
626960, -5.96762, -5.9536, -6, -0.0323763, -0.0464015, -3.11525, -3.16636, 0, 0, 0, 0, 0
626970, -6.30072, -5.96061, -6, 0.300716, -0.0393887, -3.11166, -3.16764, 0, 0, 0, 0, 0
626980, -5.96061, -5.96061, -6, -0.0393887, -0.0393887, -3.10816, -3.16881, 0, 0, 0, 0, 0
626991, -5.96061, -5.96061, -6, -0.0393887, -0.0393887, -3.10921, -3.16999, 0, 0, 0, 0, 0
627001, -5.95009, -5.94308, -6, -0.0499077, -0.0569201, -3.11041, -3.17143, 0, 0, 0, 0, 0
627010, -5.97113, -5.97464, -6, -0.0288701, -0.0253639, -3.11146, -3.17265, 0, 0, 0, 0, 0
627020, -6.30422, -5.9536, -6, 0.304223, -0.0464015, -3.10778, -3.17372, 0, 0, 0, 0, 0
627031, -5.96412, -6.31124, -6, -0.0358825, 0.311235, -3.10419, -3.16977, 0, 0, 0, 0, 0
627041, -5.9536, -5.96061, -6, -0.0464015, -0.0393887, -3.10529, -3.16571, 0, 0, 0, 0, 0
627050, -6.30072, -5.94659, -6, 0.300716, -0.0534139, -3.10189, -3.1671, 0, 0, 0, 0, 0
627060, -5.97113, -5.97464, -6, -0.0288701, -0.0253639, -3.09825, -3.16827, 0, 0, 0, 0, 0
627070, -5.96061, -5.96061, -6, -0.0393887, -0.0393887, -3.09916, -3.16924, 0, 0, 0, 0, 0
627081, -5.95009, -5.9536, -6, -0.0499077, -0.0464015, -3.10036, -3.17052, 0, 0, 0, 0, 0
627090, -5.61349, -6.30422, -6, -0.386507, 0.304223, -3.1062, -3.16667, 0, 0, 0, 0, 0
627100, -5.95009, -5.96061, -6, -0.0499077, -0.0393887, -3.11204, -3.16272, 0, 0, 0, 0, 0
627110, -6.31124, -5.96061, -6, 0.311235, -0.0393887, -3.10854, -3.1639, 0, 0, 0, 0, 0
627121, -5.96762, -5.96762, -6, -0.0323763, -0.0323763, -3.10481, -3.16497, 0, 0, 0, 0, 0
627130, -5.94659, -5.94659, -6, -0.0534139, -0.0534139, -3.10596, -3.16625, 0, 0, 0, 0, 0
627140, -5.617, -5.96762, -6, -0.383, -0.0323763, -3.1118, -3.16753, 0, 0, 0, 0, 0
627150, -6.30422, -5.9571, -6, 0.304223, -0.0428953, -3.11285, -3.16865, 0, 0, 0, 0, 0
627161, -5.96762, -5.96762, -6, -0.0323763, -0.0323763, -3.10921, -3.16978, 0, 0, 0, 0, 0
627171, -5.95009, -6.2902, -6, -0.0499077, 0.290198, -3.11031, -3.16593, 0, 0, 0, 0, 0
627180, -5.96762, -5.97464, -6, -0.0323763, -0.0253639, -3.11141, -3.16197, 0, 0, 0, 0, 0
627190, -5.95009, -5.95009, -6, -0.0499077, -0.0499077, -3.11251, -3.1631, 0, 0, 0, 0, 0
627201, -5.97113, -5.96762, -6, -0.0288701, -0.0323763, -3.11357, -3.16433, 0, 0, 0, 0, 0
627211, -5.94308, -5.94308, -6, -0.0569201, -0.0569201, -3.11472, -3.16566, 0, 0, 0, 0, 0
627220, -5.62051, -5.96762, -6, -0.379494, -0.0323763, -3.12056, -3.16699, 0, 0, 0, 0, 0
627230, -6.30422, -5.96061, -6, 0.304223, -0.0393887, -3.12156, -3.16806, 0, 0, 0, 0, 0
627240, -5.96762, -5.96412, -6, -0.0323763, -0.0358825, -3.11793, -3.16919, 0, 0, 0, 0, 0
627251, -5.9536, -5.9571, -6, -0.0464015, -0.0428953, -3.11898, -3.17036, 0, 0, 0, 0, 0
627260, -5.96412, -5.9536, -6, -0.0358825, -0.0464015, -3.12008, -3.1717, 0, 0, 0, 0, 0
627270, -5.96061, -5.96762, -6, -0.0393887, -0.0323763, -3.12109, -3.17287, 0, 0, 0, 0, 0
627280, -5.96061, -5.95009, -6, -0.0393887, -0.0499077, -3.12214, -3.1741, 0, 0, 0, 0, 0
627291, -5.96061, -6.31825, -6, -0.0393887, 0.318248, -3.1232, -3.17009, 0, 0, 0, 0, 0
627300, -5.94659, -5.94659, -6, -0.0534139, -0.0534139, -3.12444, -3.16614, 0, 0, 0, 0, 0
627310, -5.96412, -5.96061, -6, -0.0358825, -0.0393887, -3.12563, -3.16753, 0, 0, 0, 0, 0
627320, -5.96762, -5.96762, -6, -0.0323763, -0.0323763, -3.12655, -3.1686, 0, 0, 0, 0, 0
627331, -5.9536, -5.9571, -6, -0.0464015, -0.0428953, -3.1276, -3.16972, 0, 0, 0, 0, 0
627341, -5.60999, -5.60999, -6, -0.390013, -0.390013, -3.13344, -3.17618, 0, 0, 0, 0, 0
627350, -5.9571, -5.9536, -6, -0.0428953, -0.0464015, -3.13923, -3.1827, 0, 0, 0, 0, 0
627360, -5.96061, -5.96061, -6, -0.0393887, -0.0393887, -3.14033, -3.18398, 0, 0, 0, 0, 0
627371, -5.61349, -5.96762, -6, -0.386507, -0.0323763, -3.14603, -3.18505, 0, 0, 0, 0, 0
627381, -5.9571, -5.95009, -6, -0.0428953, -0.0499077, -3.15178, -3.18628, 0, 0, 0, 0, 0
627390, -5.9571, -5.96061, -6, -0.0428953, -0.0393887, -3.15293, -3.18761, 0, 0, 0, 0, 0
627400, -5.96412, -5.96762, -6, -0.0358825, -0.0323763, -3.15398, -3.18868, 0, 0, 0, 0, 0
627410, -5.9571, -5.60648, -6, -0.0428953, -0.393519, -3.15504, -3.19504, 0, 0, 0, 0, 0
627421, -5.9571, -6.30422, -6, -0.0428953, 0.304223, -3.15618, -3.19637, 0, 0, 0, 0, 0
627430, -5.95009, -5.95009, -6, -0.0499077, -0.0499077, -3.15743, -3.19258, 0, 0, 0, 0, 0
627440, -5.96762, -5.97113, -6, -0.0323763, -0.0288701, -3.15853, -3.19375, 0, 0, 0, 0, 0
627450, -5.96061, -5.96412, -6, -0.0393887, -0.0358825, -3.15949, -3.19472, 0, 0, 0, 0, 0
627461, -5.96061, -5.9536, -6, -0.0393887, -0.0464015, -3.16054, -3.19595, 0, 0, 0, 0, 0
627470, -6.30422, -6.31124, -6, 0.304223, 0.311235, -3.157, -3.19199, 0, 0, 0, 0, 0
627480, -5.96061, -5.96061, -6, -0.0393887, -0.0393887, -3.15345, -3.18794, 0, 0, 0, 0, 0
627490, -5.96412, -5.9571, -6, -0.0358825, -0.0428953, -3.15446, -3.18916, 0, 0, 0, 0, 0
627501, -5.96061, -6.31825, -6, -0.0393887, 0.318248, -3.15547, -3.18505, 0, 0, 0, 0, 0
627511, -6.30422, -5.95009, -6, 0.304223, -0.0499077, -3.15192, -3.18105, 0, 0, 0, 0, 0
627520, -5.96061, -6.30072, -6, -0.0393887, 0.300716, -3.14838, -3.1773, 0, 0, 0, 0, 0
627530, -6.31124, -5.97113, -6, 0.311235, -0.0288701, -3.14474, -3.17325, 0, 0, 0, 0, 0
627540, -5.9571, -5.95009, -6, -0.0428953, -0.0499077, -3.14115, -3.17442, 0, 0, 0, 0, 0
627551, -5.96061, -5.96762, -6, -0.0393887, -0.0323763, -3.14225, -3.17565, 0, 0, 0, 0, 0
627560, -5.9536, -5.95009, -6, -0.0464015, -0.0499077, -3.1434, -3.17688, 0, 0, 0, 0, 0
627570, -5.617, -5.97464, -6, -0.383, -0.0253639, -3.14915, -3.178, 0, 0, 0, 0, 0
627580, -6.30072, -5.95009, -6, 0.300716, -0.0499077, -3.15025, -3.17913, 0, 0, 0, 0, 0
627591, -5.60999, -6.30773, -6, -0.390013, 0.307729, -3.15144, -3.17528, 0, 0, 0, 0, 0
627600, -5.96061, -5.9571, -6, -0.0393887, -0.0428953, -3.15719, -3.17132, 0, 0, 0, 0, 0
627610, -5.96061, -5.96762, -6, -0.0393887, -0.0323763, -3.15824, -3.17245, 0, 0, 0, 0, 0
627620, -5.96061, -5.96412, -6, -0.0393887, -0.0358825, -3.1593, -3.17347, 0, 0, 0, 0, 0
627631, -5.95009, -5.95009, -6, -0.0499077, -0.0499077, -3.16049, -3.17475, 0, 0, 0, 0, 0
627641, -5.96061, -5.96412, -6, -0.0393887, -0.0358825, -3.16169, -3.17603, 0, 0, 0, 0, 0
627650, -5.96061, -5.96061, -6, -0.0393887, -0.0393887, -3.16274, -3.17715, 0, 0, 0, 0, 0
627660, -5.96061, -5.9536, -6, -0.0393887, -0.0464015, -3.1638, -3.17843, 0, 0, 0, 0, 0
627671, -5.96061, -5.96762, -6, -0.0393887, -0.0323763, -3.16485, -3.17961, 0, 0, 0, 0, 0
627681, -5.9536, -6.2902, -6, -0.0464015, 0.290198, -3.166, -3.17576, 0, 0, 0, 0, 0
627690, -5.96061, -5.97113, -6, -0.0393887, -0.0288701, -3.16715, -3.17186, 0, 0, 0, 0, 0
627700, -5.96061, -6.31474, -6, -0.0393887, 0.314742, -3.1682, -3.16759, 0, 0, 0, 0, 0
627710, -5.96061, -5.9536, -6, -0.0393887, -0.0464015, -3.16925, -3.16359, 0, 0, 0, 0, 0
627721, -5.9536, -5.96061, -6, -0.0464015, -0.0393887, -3.1704, -3.16487, 0, 0, 0, 0, 0
627730, -5.9571, -5.95009, -6, -0.0428953, -0.0499077, -3.1716, -3.1662, 0, 0, 0, 0, 0
627740, -5.96412, -5.97113, -6, -0.0358825, -0.0288701, -3.17265, -3.16738, 0, 0, 0, 0, 0
627750, -5.95009, -5.95009, -6, -0.0499077, -0.0499077, -3.1738, -3.16855, 0, 0, 0, 0, 0
627761, -5.96762, -5.96762, -6, -0.0323763, -0.0323763, -3.1749, -3.16978, 0, 0, 0, 0, 0
627770, -5.9571, -6.30773, -6, -0.0428953, 0.307729, -3.17591, -3.16567, 0, 0, 0, 0, 0
627780, -5.96412, -5.96061, -6, -0.0358825, -0.0393887, -3.17696, -3.16166, 0, 0, 0, 0, 0
627790, -5.9571, -5.96061, -6, -0.0428953, -0.0393887, -3.17801, -3.16284, 0, 0, 0, 0, 0
627801, -6.30773, -6.30422, -6, 0.307729, 0.304223, -3.17447, -3.15889, 0, 0, 0, 0, 0
627811, -5.95009, -5.9536, -6, -0.0499077, -0.0464015, -3.17102, -3.15504, 0, 0, 0, 0, 0
627820, -5.96412, -5.96061, -6, -0.0358825, -0.0393887, -3.17217, -3.15632, 0, 0, 0, 0, 0
627830, -5.96762, -5.96762, -6, -0.0323763, -0.0323763, -3.17308, -3.15739, 0, 0, 0, 0, 0
627841, -5.96061, -5.96061, -6, -0.0393887, -0.0393887, -3.17404, -3.15846, 0, 0, 0, 0, 0
627851, -5.95009, -6.30072, -6, -0.0499077, 0.300716, -3.17524, -3.15456, 0, 0, 0, 0, 0
627860, -5.96061, -5.9571, -6, -0.0393887, -0.0428953, -3.17643, -3.15071, 0, 0, 0, 0, 0
627870, -6.31124, -5.96061, -6, 0.311235, -0.0393887, -3.17279, -3.15194, 0, 0, 0, 0, 0
627880, -5.96061, -5.96061, -6, -0.0393887, -0.0393887, -3.16916, -3.15312, 0, 0, 0, 0, 0
627891, -5.9536, -5.9536, -6, -0.0464015, -0.0464015, -3.17031, -3.1544, 0, 0, 0, 0, 0
627900, -5.96762, -5.96412, -6, -0.0323763, -0.0358825, -3.17136, -3.15562, 0, 0, 0, 0, 0
627910, -5.95009, -6.30072, -6, -0.0499077, 0.300716, -3.17246, -3.15167, 0, 0, 0, 0, 0
627920, -5.96762, -5.97464, -6, -0.0323763, -0.0253639, -3.17356, -3.14756, 0, 0, 0, 0, 0
627931, -5.9571, -5.60648, -6, -0.0428953, -0.393519, -3.17457, -3.15381, 0, 0, 0, 0, 0
627940, -5.9571, -5.60648, -6, -0.0428953, -0.393519, -3.17572, -3.16556, 0, 0, 0, 0, 0
627950, -5.9536, -5.9536, -6, -0.0464015, -0.0464015, -3.17691, -3.17213, 0, 0, 0, 0, 0
627960, -5.96762, -5.96762, -6, -0.0323763, -0.0323763, -3.17797, -3.17331, 0, 0, 0, 0, 0
627971, -5.9571, -6.30773, -6, -0.0428953, 0.307729, -3.17897, -3.16919, 0, 0, 0, 0, 0
627981, -5.96061, -5.96061, -6, -0.0393887, -0.0393887, -3.18007, -3.16519, 0, 0, 0, 0, 0
627990, -5.60999, -5.9536, -6, -0.390013, -0.0464015, -3.18582, -3.16647, 0, 0, 0, 0, 0
628000, -5.96061, -5.96762, -6, -0.0393887, -0.0323763, -3.19157, -3.16765, 0, 0, 0, 0, 0
628011, -5.9571, -5.9571, -6, -0.0428953, -0.0428953, -3.19267, -3.16877, 0, 0, 0, 0, 0
628021, -5.95009, -6.30422, -6, -0.0499077, 0.304223, -3.19391, -3.16487, 0, 0, 0, 0, 0
628030, -5.96412, -5.9536, -6, -0.0358825, -0.0464015, -3.19506, -3.16102, 0, 0, 0, 0, 0
628040, -5.9571, -5.96412, -6, -0.0428953, -0.0358825, -3.19611, -3.16225, 0, 0, 0, 0, 0
628050, -5.96061, -5.96061, -6, -0.0393887, -0.0393887, -3.19721, -3.16337, 0, 0, 0, 0, 0
628061, -5.9536, -5.95009, -6, -0.0464015, -0.0499077, -3.19836, -3.1647, 0, 0, 0, 0, 0
628070, -5.97113, -5.96762, -6, -0.0288701, -0.0323763, -3.19937, -3.16593, 0, 0, 0, 0, 0
628080, -5.94308, -6.29721, -6, -0.0569201, 0.29721, -3.20052, -3.16198, 0, 0, 0, 0, 0
628090, -5.97113, -5.97464, -6, -0.0288701, -0.0253639, -3.20166, -3.15792, 0, 0, 0, 0, 0
628101, -5.96061, -5.96061, -6, -0.0393887, -0.0393887, -3.20258, -3.15889, 0, 0, 0, 0, 0
628110, -5.95009, -6.30072, -6, -0.0499077, 0.300716, -3.20377, -3.15499, 0, 0, 0, 0, 0
628120, -5.96762, -5.96762, -6, -0.0323763, -0.0323763, -3.20487, -3.15098, 0, 0, 0, 0, 0
628130, -6.30072, -5.9536, -6, 0.300716, -0.0464015, -3.20128, -3.15216, 0, 0, 0, 0, 0
628141, -5.96762, -5.96412, -6, -0.0323763, -0.0358825, -3.19769, -3.15339, 0, 0, 0, 0, 0
628151, -5.95009, -6.30072, -6, -0.0499077, 0.300716, -3.19879, -3.14943, 0, 0, 0, 0, 0
628160, -5.96412, -5.96061, -6, -0.0358825, -0.0393887, -3.19994, -3.14553, 0, 0, 0, 0, 0
628170, -5.96061, -5.96412, -6, -0.0393887, -0.0358825, -3.20095, -3.14666, 0, 0, 0, 0, 0
628180, -5.96061, -6.30072, -6, -0.0393887, 0.300716, -3.202, -3.1427, 0, 0, 0, 0, 0
628191, -5.95009, -5.96061, -6, -0.0499077, -0.0393887, -3.2032, -3.1388, 0, 0, 0, 0, 0
628200, -6.31124, -5.9571, -6, 0.311235, -0.0428953, -3.1997, -3.14003, 0, 0, 0, 0, 0
628210, -5.60999, -5.96412, -6, -0.390013, -0.0358825, -3.20075, -3.14121, 0, 0, 0, 0, 0
628220, -5.96412, -5.96061, -6, -0.0358825, -0.0393887, -3.20645, -3.14233, 0, 0, 0, 0, 0
628231, -5.95009, -5.95009, -6, -0.0499077, -0.0499077, -3.2076, -3.14366, 0, 0, 0, 0, 0
628240, -5.96762, -5.96061, 0, 5.96762, 5.96061, -3.12841, -3.05543, 0, 0, 0, 0, 0
628250, -5.96061, -6.31825, 0, 5.96061, 6.31825, -2.9688, -2.87214, 0, 0, 0, 0, 0
628260, -5.9571, -5.60297, 0, 5.9571, 5.60297, -2.80932, -2.69418, 0, 0, 0, 0, 0
628271, -5.9536, -5.9536, 0, 5.9536, 5.9536, -2.64994, -2.52167, 0, 0, 0, 0, 0
628281, -5.60999, -5.60999, 0, 5.60999, 5.60999, -2.4952, -2.34906, 0, 0, 0, 0, 0
628290, -5.25936, -5.26287, 0, 5.25936, 5.26287, -2.34975, -2.18675, 0, 0, 0, 0, 0
628300, -4.90173, -5.24884, 0, 4.90173, 5.24884, -2.21378, -2.02984, 0, 0, 0, 0, 0
628311, -4.91224, -4.91926, 0, 4.91224, 4.91926, -2.08245, -1.87805, 0, 0, 0, 0, 0
628321, -4.89822, -4.89822, 0, 4.89822, 4.89822, -1.95117, -1.7315, 0, 0, 0, 0, 0
628330, -4.56162, -4.20749, 0, 4.56162, 4.20749, -1.82459, -1.59558, 0, 0, 0, 0, 0
628340, -3.85687, -3.86037, 0, 3.85687, 3.86037, -1.71193, -1.47515, 0, 0, 0, 0, 0
628350, -3.85336, -3.50624, 0, 3.85336, 3.50624, -1.60876, -1.36518, 0, 0, 0, 0, 0
628361, -3.50624, -3.50274, 0, 3.50624, 3.50274, -1.51028, -1.26055, 0, 0, 0, 0, 0
628370, -3.50274, -2.80149, 0, 3.50274, 2.80149, -1.41649, -1.16645, 0, 0, 0, 0, 0
628380, -2.80499, -2.8085, 0, 2.80499, 2.8085, -1.33208, -1.0827, 0, 0, 0, 0, 0
628390, -2.80499, -2.80499, 0, 2.80499, 2.80499, -1.25701, -0.998909, 0, 0, 0, 0, 0
628401, -2.45086, -2.45086, 0, 2.45086, 2.45086, -1.18668, -0.920453, 0, 0, 0, 0, 0
628410, -2.10374, -2.10374, 0, 2.10374, 2.10374, -1.12573, -0.852464, 0, 0, 0, 0, 0
628420, -2.10374, -2.10374, 0, 2.10374, 2.10374, -1.06943, -0.789656, 0, 0, 0, 0, 0
628430, -1.74961, -1.74961, 0, 1.74961, 1.74961, -1.01787, -0.732135, 0, 0, 0, 0, 0
628441, -1.75312, -1.75312, 0, 1.75312, 1.75312, -0.970993, -0.679848, 0, 0, 0, 0, 0
628451, -1.39899, -1.39899, 0, 1.39899, 1.39899, -0.928813, -0.632795, 0, 0, 0, 0, 0
628460, -1.4025, -1.4025, 0, 1.4025, 1.4025, -0.891325, -0.590976, 0, 0, 0, 0, 0
628470, -1.39899, -1.39899, 0, 1.39899, 1.39899, -0.853837, -0.549157, 0, 0, 0, 0, 0
628481, -1.4025, -1.05187, 0, 1.4025, 1.05187, -0.816349, -0.512571, 0, 0, 0, 0, 0
628491, -1.04837, -0.697742, 0, 1.04837, 0.697742, -0.783553, -0.486454, 0, 0, 0, 0, 0
628500, -0.701248, -1.05187, 0, 0.701248, 1.05187, -0.76014, -0.460337, 0, 0, 0, 0, 0
628510, -1.05187, -0.701248, 0, 1.05187, 0.701248, -0.736681, -0.434167, 0, 0, 0, 0, 0
628520, -1.04837, -0.697742, 0, 1.04837, 0.697742, -0.708577, -0.413283, 0, 0, 0, 0, 0
628531, -0.350624, -0.697742, 0, 0.350624, 0.697742, -0.689856, -0.392452, 0, 0, 0, 0, 0
628540, -0.701248, -0.701248, 0, 0.701248, 0.701248, -0.675781, -0.371569, 0, 0, 0, 0, 0
628550, -0.697742, -0.697742, 0, 0.697742, 0.697742, -0.65706, -0.350685, 0, 0, 0, 0, 0
628560, -0.350624, -0.350624, 0, 0.350624, 0.350624, -0.643031, -0.335036, 0, 0, 0, 0, 0
628571, -0.697742, -0.347118, 0, 0.697742, 0.347118, -0.629003, -0.32462, 0, 0, 0, 0, 0
628580, 0, -0.350624, 0, 0, 0.350624, -0.619666, -0.314205, 0, 0, 0, 0, 0
628590, -0.701248, -0.347118, 0, 0.701248, 0.347118, -0.610282, -0.303789, 0, 0, 0, 0, 0
628600, -0.347118, -0.347118, 0, 0.347118, 0.347118, -0.596253, -0.293426, 0, 0, 0, 0, 0
628611, 0, -0.350624, 0, 0, 0.350624, -0.591608, -0.28301, 0, 0, 0, 0, 0
628620, -0.347118, 0, 0, 0.347118, 0, -0.586963, -0.277777, 0, 0, 0, 0, 0
628630, -0.350624, -0.350624, 0, 0.350624, 0.350624, -0.577627, -0.272543, 0, 0, 0, 0, 0
628640, -0.350624, 0, 0, 0.350624, 0, -0.568243, -0.267309, 0, 0, 0, 0, 0
628651, -0.350624, -0.350624, 0, 0.350624, 0.350624, -0.558859, -0.262075, 0, 0, 0, 0, 0
628661, -0.347118, 0, 0, 0.347118, 0, -0.549522, -0.256841, 0, 0, 0, 0, 0
628670, 0, 0, 0, 0, 0, -0.544877, -0.256841, 0, 0, 0, 0, 0
628680, -0.350624, 0, 0, 0.350624, 0, -0.540185, -0.256841, 0, 0, 0, 0, 0
628690, -0.350624, -0.350624, 0, 0.350624, 0.350624, -0.530802, -0.251607, 0, 0, 0, 0, 0
628701, -0.347118, 0, 0, 0.347118, 0, -0.521465, -0.246373, 0, 0, 0, 0, 0
628710, 0, 0, 0, 0, 0, -0.51682, -0.246373, 0, 0, 0, 0, 0
628720, -0.350624, 0, 0, 0.350624, 0, -0.512128, -0.246373, 0, 0, 0, 0, 0
628730, -0.350624, -0.350624, 0, 0.350624, 0.350624, -0.502744, -0.241139, 0, 0, 0, 0, 0
628741, -0.350624, 0, 0, 0.350624, 0, -0.49336, -0.235905, 0, 0, 0, 0, 0
628750, -0.347118, 0, 0, 0.347118, 0, -0.484024, -0.235905, 0, 0, 0, 0, 0
628760, 0, -0.350624, 0, 0, 0.350624, -0.479379, -0.230671, 0, 0, 0, 0, 0
628770, -0.350624, 0, 0, 0.350624, 0, -0.474687, -0.225437, 0, 0, 0, 0, 0
628781, -0.350624, 0, 0, 0.350624, 0, -0.465303, -0.225437, 0, 0, 0, 0, 0
628790, -0.347118, 0, 0, 0.347118, 0, -0.455966, -0.225437, 0, 0, 0, 0, 0
628800, 0, 0, 0, 0, 0, -0.451321, -0.225437, 0, 0, 0, 0, 0
628810, -0.350624, -0.347118, 0, 0.350624, 0.347118, -0.446629, -0.220256, 0, 0, 0, 0, 0
628820, -0.347118, 0, 0, 0.347118, 0, -0.437293, -0.215074, 0, 0, 0, 0, 0
628830, 0, 0, 0, 0, 0, -0.432648, -0.215074, 0, 0, 0, 0, 0
628840, -0.350624, 0, 0, 0.350624, 0, -0.427956, -0.215074, 0, 0, 0, 0, 0
628850, 0, 0, 0, 0, 0, -0.423264, -0.215074, 0, 0, 0, 0, 0
628860, -0.347118, 0, 0, 0.347118, 0, -0.418619, -0.215074, 0, 0, 0, 0, 0
628871, -0.347118, 0, 0, 0.347118, 0, -0.409329, -0.215074, 0, 0, 0, 0, 0
628880, 0, 0, 0, 0, 0, -0.404684, -0.215074, 0, 0, 0, 0, 0
628890, -0.350624, 0, 0, 0.350624, 0, -0.399992, -0.215074, 0, 0, 0, 0, 0
628900, -0.347118, 0.347118, 0, 0.347118, -0.347118, -0.390655, -0.220256, 0, 0, 0, 0, 0
628911, 0, 0, 0, 0, 0, -0.38601, -0.225437, 0, 0, 0, 0, 0
628920, 0, 0, 0, 0, 0, -0.38601, -0.225437, 0, 0, 0, 0, 0
628930, -0.350624, 0, 0, 0.350624, 0, -0.381319, -0.225437, 0, 0, 0, 0, 0
628940, 0, 0, 0, 0, 0, -0.376627, -0.225437, 0, 0, 0, 0, 0
628951, 0, 0, 0, 0, 0, -0.376627, -0.225437, 0, 0, 0, 0, 0
628960, 0, 0, 0, 0, 0, -0.376627, -0.225437, 0, 0, 0, 0, 0
628970, 0, 0, 0, 0, 0, -0.376627, -0.225437, 0, 0, 0, 0, 0
628980, 0, 0, 0, 0, 0, -0.376627, -0.225437, 0, 0, 0, 0, 0
628990, 0, 0, 0, 0, 0, -0.376627, -0.225437, 0, 0, 0, 0, 0
629001, 0, 0, 0, 0, 0, -0.376627, -0.225437, 0, 0, 0, 0, 0
629010, 0, 0, 0, 0, 0, -0.376627, -0.225437, 0, 0, 0, 0, 0
629020, 0, 0, 0, 0, 0, -0.376627, -0.225437, 0, 0, 0, 0, 0
629030, 0, 0, 0, 0, 0, -0.376627, -0.225437, 0, 0, 0, 0, 0
629041, 0, 0, 0, 0, 0, -0.376627, -0.225437, 0, 0, 0, 0, 0
629050, 0, 0, 0, 0, 0, -0.376627, -0.225437, 0, 0, 0, 0, 0
629060, 0, 0, 0, 0, 0, -0.376627, -0.225437, 0, 0, 0, 0, 0
629070, 0, 0, 0, 0, 0, -0.376627, -0.225437, 0, 0, 0, 0, 0
629081, 0, 0, 0, 0, 0, -0.376627, -0.225437, 0, 0, 0, 0, 0
629090, 0, 0, 0, 0, 0, -0.376627, -0.225437, 0, 0, 0, 0, 0
629100, 0, 0, 0, 0, 0, -0.376627, -0.225437, 0, 0, 0, 0, 0
629110, 0, 0, 0, 0, 0, -0.376627, -0.225437, 0, 0, 0, 0, 0
629121, 0, 0, 0, 0, 0, -0.376627, -0.225437, 0, 0, 0, 0, 0
629130, 0, 0, 0, 0, 0, -0.376627, -0.225437, 0, 0, 0, 0, 0
629140, 0, 0, 0, 0, 0, -0.376627, -0.225437, 0, 0, 0, 0, 0
629150, 0, 0, 0, 0, 0, -0.376627, -0.225437, 0, 0, 0, 0, 0
629160, 0, 0, 0, 0, 0, -0.376627, -0.225437, 0, 0, 0, 0, 0
629171, 0, 0, 0, 0, 0, -0.376627, -0.225437, 0, 0, 0, 0, 0
629180, 0, -0.350624, 0, 0, 0.350624, -0.376627, -0.220203, 0, 0, 0, 0, 0
629190, 0, 0, 0, 0, 0, -0.376627, -0.214969, 0, 0, 0, 0, 0
629200, 0, 0, 0, 0, 0, -0.376627, -0.214969, 0, 0, 0, 0, 0
629211, 0, 0, 0, 0, 0, -0.376627, -0.214969, 0, 0, 0, 0, 0
629220, 0, 0, 0, 0, 0, -0.376627, -0.214969, 0, 0, 0, 0, 0
629230, 0, 0, 0, 0, 0, -0.376627, -0.214969, 0, 0, 0, 0, 0
629240, 0, 0, 0, 0, 0, -0.376627, -0.214969, 0, 0, 0, 0, 0
629251, 0, 0, 0, 0, 0, -0.376627, -0.214969, 0, 0, 0, 0, 0
629260, 0, 0, 0, 0, 0, -0.376627, -0.214969, 0, 0, 0, 0, 0
629270, 0, 0, 0, 0, 0, -0.376627, -0.214969, 0, 0, 0, 0, 0
629280, 0, 0, 0, 0, 0, -0.376627, -0.214969, 0, 0, 0, 0, 0
629291, 0, 0, 0, 0, 0, -0.376627, -0.214969, 0, 0, 0, 0, 0
629300, 0, 0, 0, 0, 0, -0.376627, -0.214969, 0, 0, 0, 0, 0
629310, 0, 0, 0, 0, 0, -0.376627, -0.214969, 0, 0, 0, 0, 0
629320, 0, 0, 0, 0, 0, -0.376627, -0.214969, 0, 0, 0, 0, 0
629330, 0, 0, 0, 0, 0, -0.376627, -0.214969, 0, 0, 0, 0, 0
629341, 0, 0, 0, 0, 0, -0.376627, -0.214969, 0, 0, 0, 0, 0
629350, 0, 0, 0, 0, 0, -0.376627, -0.214969, 0, 0, 0, 0, 0
629360, 0, 0, 0, 0, 0, -0.376627, -0.214969, 0, 0, 0, 0, 0
629370, 0, 0, 0, 0, 0, -0.376627, -0.214969, 0, 0, 0, 0, 0
629381, 0, 0, 0, 0, 0, -0.376627, -0.214969, 0, 0, 0, 0, 0
629390, 0, 0, 0, 0, 0, -0.376627, -0.214969, 0, 0, 0, 0, 0
629400, 0, 0, 0, 0, 0, -0.376627, -0.214969, 0, 0, 0, 0, 0
629410, 0, 0, 0, 0, 0, -0.376627, -0.214969, 0, 0, 0, 0, 0
629421, 0, 0, 0, 0, 0, -0.376627, -0.214969, 0, 0, 0, 0, 0
629430, 0, 0, 0, 0, 0, -0.376627, -0.214969, 0, 0, 0, 0, 0
629440, 0, 0, 0, 0, 0, -0.376627, -0.214969, 0, 0, 0, 0, 0
629450, 0, 0, 0, 0, 0, -0.376627, -0.214969, 0, 0, 0, 0, 0
629460, 0, 0, 0, 0, 0, -0.376627, -0.214969, 0, 0, 0, 0, 0
629471, 0, 0, 0, 0, 0, -0.376627, -0.214969, 0, 0, 0, 0, 0
629480, 0, 0, 0, 0, 0, -0.376627, -0.214969, 0, 0, 0, 0, 0
629490, 0, 0, 0, 0, 0, -0.376627, -0.214969, 0, 0, 0, 0, 0
629500, 0, 0, 0, 0, 0, -0.376627, -0.214969, 0, 0, 0, 0, 0
629511, 0, 0, 0, 0, 0, -0.376627, -0.214969, 0, 0, 0, 0, 0
629520, 0, 0, 0, 0, 0, -0.376627, -0.214969, 0, 0, 0, 0, 0
629530, 0, 0, 0, 0, 0, -0.376627, -0.214969, 0, 0, 0, 0, 0
629540, 0, 0, 0, 0, 0, -0.376627, -0.214969, 0, 0, 0, 0, 0
629551, 0, 0, 0, 0, 0, -0.376627, -0.214969, 0, 0, 0, 0, 0
629560, 0, 0, 0, 0, 0, -0.376627, -0.214969, 0, 0, 0, 0, 0
629570, 0, 0, 0, 0, 0, -0.376627, -0.214969, 0, 0, 0, 0, 0
629580, 0, 0, 0, 0, 0, -0.376627, -0.214969, 0, 0, 0, 0, 0
629591, 0, 0, 0, 0, 0, -0.376627, -0.214969, 0, 0, 0, 0, 0
629600, -0.347118, 0, 0, 0.347118, 0, -0.371982, -0.214969, 0, 0, 0, 0, 0
629610, 0, 0, 0, 0, 0, -0.367337, -0.214969, 0, 0, 0, 0, 0
629620, 0, 0, 0, 0, 0, -0.367337, -0.214969, 0, 0, 0, 0, 0
629630, 0, 0, 0, 0, 0, -0.367337, -0.214969, 0, 0, 0, 0, 0
629641, 0, 0, 0, 0, 0, -0.367337, -0.214969, 0, 0, 0, 0, 0
629650, 0, 0, 0, 0, 0, -0.367337, -0.214969, 0, 0, 0, 0, 0
629660, 0, 0, 0, 0, 0, -0.367337, -0.214969, 0, 0, 0, 0, 0
629670, 0, 0, 0, 0, 0, -0.367337, -0.214969, 0, 0, 0, 0, 0
629681, 0, 0, 0, 0, 0, -0.367337, -0.214969, 0, 0, 0, 0, 0
629690, 0, 0, 0, 0, 0, -0.367337, -0.214969, 0, 0, 0, 0, 0
629700, 0, 0, 0, 0, 0, -0.367337, -0.214969, 0, 0, 0, 0, 0
629710, 0, 0, 0, 0, 0, -0.367337, -0.214969, 0, 0, 0, 0, 0
629721, 0, 0, 0, 0, 0, -0.367337, -0.214969, 0, 0, 0, 0, 0
629730, 0, 0, 0, 0, 0, -0.367337, -0.214969, 0, 0, 0, 0, 0
629740, 0, 0, 0, 0, 0, -0.367337, -0.214969, 0, 0, 0, 0, 0
629750, 0, 0, 0, 0, 0, -0.367337, -0.214969, 0, 0, 0, 0, 0
629761, 0, 0, 0, 0, 0, -0.367337, -0.214969, 0, 0, 0, 0, 0
629770, 0, 0, 0, 0, 0, -0.367337, -0.214969, 0, 0, 0, 0, 0
629780, 0, 0, 0, 0, 0, -0.367337, -0.214969, 0, 0, 0, 0, 0
629790, -0.350624, 0, 0, 0.350624, 0, -0.362645, -0.214969, 0, 0, 0, 0, 0
629800, 0, 0, 0, 0, 0, -0.357953, -0.214969, 0, 0, 0, 0, 0
629811, 0, 0, 0, 0, 0, -0.357953, -0.214969, 0, 0, 0, 0, 0
629820, 0, 0, 0, 0, 0, -0.357953, -0.214969, 0, 0, 0, 0, 0
629830, 0, 0, 0, 0, 0, -0.357953, -0.214969, 0, 0, 0, 0, 0
629840, 0, 0, 0, 0, 0, -0.357953, -0.214969, 0, 0, 0, 0, 0
629851, 0, 0, 0, 0, 0, -0.357953, -0.214969, 0, 0, 0, 0, 0
629860, 0, 0, 0, 0, 0, -0.357953, -0.214969, 0, 0, 0, 0, 0
629870, 0, 0, 0, 0, 0, -0.357953, -0.214969, 0, 0, 0, 0, 0
629880, 0, 0, 0, 0, 0, -0.357953, -0.214969, 0, 0, 0, 0, 0
629891, 0, 0, 0, 0, 0, -0.357953, -0.214969, 0, 0, 0, 0, 0
629900, 0, 0, 0, 0, 0, -0.357953, -0.214969, 0, 0, 0, 0, 0
629910, 0, 0, 0, 0, 0, -0.357953, -0.214969, 0, 0, 0, 0, 0
629920, 0, 0, 0, 0, 0, -0.357953, -0.214969, 0, 0, 0, 0, 0
629931, 0, 0, 0, 0, 0, -0.357953, -0.214969, 0, 0, 0, 0, 0
629940, 0, 0, 0, 0, 0, -0.357953, -0.214969, 0, 0, 0, 0, 0
629950, 0, 0, 0, 0, 0, -0.357953, -0.214969, 0, 0, 0, 0, 0
629960, 0, 0, 0, 0, 0, -0.357953, -0.214969, 0, 0, 0, 0, 0
629970, 0, 0, 0, 0, 0, -0.357953, -0.214969, 0, 0, 0, 0, 0
629981, 0, 0, 0, 0, 0, -0.357953, -0.214969, 0, 0, 0, 0, 0
629990, 0, 0, 0, 0, 0, -0.357953, -0.214969, 0, 0, 0, 0, 0
630000, 0, 0, 0, 0, 0, -0.357953, -0.214969, 0, 0, 0, 0, 0
630010, 0, 0, 0, 0, 0, -0.357953, -0.214969, 0, 0, 0, 0, 0
630021, 0, 0, 0, 0, 0, -0.357953, -0.214969, 0, 0, 0, 0, 0
630030, 0, 0, 0, 0, 0, -0.357953, -0.214969, 0, 0, 0, 0, 0
630040, 0, 0, 0, 0, 0, -0.357953, -0.214969, 0, 0, 0, 0, 0
630050, 0, 0, 0, 0, 0, -0.357953, -0.214969, 0, 0, 0, 0, 0
630061, 0, 0, 0, 0, 0, -0.357953, -0.214969, 0, 0, 0, 0, 0
630070, 0, 0, 0, 0, 0, -0.357953, -0.214969, 0, 0, 0, 0, 0
630080, 0, 0, 0, 0, 0, -0.357953, -0.214969, 0, 0, 0, 0, 0
630090, 0, 0, 0, 0, 0, -0.357953, -0.214969, 0, 0, 0, 0, 0
630100, 0, 0, 0, 0, 0, -0.357953, -0.214969, 0, 0, 0, 0, 0
630110, 0, 0, 0, 0, 0, -0.357953, -0.214969, 0, 0, 0, 0, 0
630120, 0, 0, 0, 0, 0, -0.357953, -0.214969, 0, 0, 0, 0, 0
630130, 0, 0, 0, 0, 0, -0.357953, -0.214969, 0, 0, 0, 0, 0
630140, 0, 0, 0, 0, 0, -0.357953, -0.214969, 0, 0, 0, 0, 0
630151, 0, 0, 0, 0, 0, -0.357953, -0.214969, 0, 0, 0, 0, 0
630160, 0, 0, 0, 0, 0, -0.357953, -0.214969, 0, 0, 0, 0, 0
630170, 0, 0, 0, 0, 0, -0.357953, -0.214969, 0, 0, 0, 0, 0
630180, 0, 0, 0, 0, 0, -0.357953, -0.214969, 0, 0, 0, 0, 0
630191, 0, 0, 0, 0, 0, -0.357953, -0.214969, 0, 0, 0, 0, 0
630200, 0, 0, 0, 0, 0, -0.357953, -0.214969, 0, 0, 0, 0, 0
630210, 0, 0, 0, 0, 0, -0.357953, -0.214969, 0, 0, 0, 0, 0
630220, 0, 0, 0, 0, 0, -0.357953, -0.214969, 0, 0, 0, 0, 0
630231, 0, 0, 0, 0, 0, -0.357953, -0.214969, 0, 0, 0, 0, 0
630240, 0, 0, 0, 0, 0, -0.357953, -0.214969, 0, 0, 0, 0, 0
630250, 0, 0, 0, 0, 0, -0.357953, -0.214969, 0, 0, 0, 0, 0
630260, 0, 0, 0, 0, 0, -0.357953, -0.214969, 0, 0, 0, 0, 0
630270, 0, 0, 0, 0, 0, -0.357953, -0.214969, 0, 0, 0, 0, 0
630281, 0, 0, 0, 0, 0, -0.357953, -0.214969, 0, 0, 0, 0, 0
630290, 0, 0, 0, 0, 0, -0.357953, -0.214969, 0, 0, 0, 0, 0
630300, 0, 0, 0, 0, 0, -0.357953, -0.214969, 0, 0, 0, 0, 0
630310, 0, 0, 0, 0, 0, -0.357953, -0.214969, 0, 0, 0, 0, 0
630321, 0, 0, 0, 0, 0, -0.357953, -0.214969, 0, 0, 0, 0, 0
630330, 0, 0, 0, 0, 0, -0.357953, -0.214969, 0, 0, 0, 0, 0
630340, 0, 0, 0, 0, 0, -0.357953, -0.214969, 0, 0, 0, 0, 0
630350, 0, 0, 0, 0, 0, -0.357953, -0.214969, 0, 0, 0, 0, 0
630361, 0, 0, 0, 0, 0, -0.357953, -0.214969, 0, 0, 0, 0, 0
630370, 0, 0, 0, 0, 0, -0.357953, -0.214969, 0, 0, 0, 0, 0
630380, 0, 0, 0, 0, 0, -0.357953, -0.214969, 0, 0, 0, 0, 0
630390, 0, 0, 0, 0, 0, -0.357953, -0.214969, 0, 0, 0, 0, 0
630401, 0, 0, 0, 0, 0, -0.357953, -0.214969, 0, 0, 0, 0, 0
630410, 0, 0, 0, 0, 0, -0.357953, -0.214969, 0, 0, 0, 0, 0
630420, 0, 0, 0, 0, 0, -0.357953, -0.214969, 0, 0, 0, 0, 0
630430, 0, 0, 0, 0, 0, -0.357953, -0.214969, 0, 0, 0, 0, 0
630440, 0, 0, 0, 0, 0, -0.357953, -0.214969, 0, 0, 0, 0, 0
630451, 0, 0, 0, 0, 0, -0.357953, -0.214969, 0, 0, 0, 0, 0
630460, 0, 0, 0, 0, 0, -0.357953, -0.214969, 0, 0, 0, 0, 0
630470, 0, 0, 0, 0, 0, -0.357953, -0.214969, 0, 0, 0, 0, 0
630480, 0, 0, 0, 0, 0, -0.357953, -0.214969, 0, 0, 0, 0, 0
630491, 0, 0, 0, 0, 0, -0.357953, -0.214969, 0, 0, 0, 0, 0
630500, 0, 0, 0, 0, 0, -0.357953, -0.214969, 0, 0, 0, 0, 0
630510, 0, 0, 0, 0, 0, -0.357953, -0.214969, 0, 0, 0, 0, 0
630520, 0, 0, 0, 0, 0, -0.357953, -0.214969, 0, 0, 0, 0, 0
630531, 0, 0, 0, 0, 0, -0.357953, -0.214969, 0, 0, 0, 0, 0
630540, 0, 0, 0, 0, 0, -0.357953, -0.214969, 0, 0, 0, 0, 0
630550, 0, 0, 0, 0, 0, -0.357953, -0.214969, 0, 0, 0, 0, 0
630560, 0, 0, 0, 0, 0, -0.357953, -0.214969, 0, 0, 0, 0, 0
630571, 0, 0, 0, 0, 0, -0.357953, -0.214969, 0, 0, 0, 0, 0
630580, 0, 0, 0, 0, 0, -0.357953, -0.214969, 0, 0, 0, 0, 0
630590, 0, 0, 0, 0, 0, -0.357953, -0.214969, 0, 0, 0, 0, 0
630600, 0, 0, 0, 0, 0, -0.357953, -0.214969, 0, 0, 0, 0, 0
630610, 0, 0, 0, 0, 0, -0.357953, -0.214969, 0, 0, 0, 0, 0
630621, 0, 0, 0, 0, 0, -0.357953, -0.214969, 0, 0, 0, 0, 0
630630, 0, 0, 0, 0, 0, -0.357953, -0.214969, 0, 0, 0, 0, 0
630640, 0, 0, 0, 0, 0, -0.357953, -0.214969, 0, 0, 0, 0, 0
630650, 0, 0, 0, 0, 0, -0.357953, -0.214969, 0, 0, 0, 0, 0
630661, 0, 0, 0, 0, 0, -0.357953, -0.214969, 0, 0, 0, 0, 0
630670, 0, 0, 0, 0, 0, -0.357953, -0.214969, 0, 0, 0, 0, 0
630680, 0, 0, 0, 0, 0, -0.357953, -0.214969, 0, 0, 0, 0, 0
630690, 0, 0, 0, 0, 0, -0.357953, -0.214969, 0, 0, 0, 0, 0
630701, 0, 0, 0, 0, 0, -0.357953, -0.214969, 0, 0, 0, 0, 0
630710, 0, 0, 0, 0, 0, -0.357953, -0.214969, 0, 0, 0, 0, 0
630720, 0, 0, 0, 0, 0, -0.357953, -0.214969, 0, 0, 0, 0, 0
630730, 0, 0, 0, 0, 0, -0.357953, -0.214969, 0, 0, 0, 0, 0
630740, 0, 0, 0, 0, 0, -0.357953, -0.214969, 0, 0, 0, 0, 0
630750, 0, 0, 0, 0, 0, -0.357953, -0.214969, 0, 0, 0, 0, 0
630760, 0, 0, 0, 0, 0, -0.357953, -0.214969, 0, 0, 0, 0, 0
630770, 0, 0, 0, 0, 0, -0.357953, -0.214969, 0, 0, 0, 0, 0
630780, 0, 0, 0, 0, 0, -0.357953, -0.214969, 0, 0, 0, 0, 0
630791, 0, 0, 0, 0, 0, -0.357953, -0.214969, 0, 0, 0, 0, 0
630800, 0, 0, 0, 0, 0, -0.357953, -0.214969, 0, 0, 0, 0, 0
630810, 0, 0, 0, 0, 0, -0.357953, -0.214969, 0, 0, 0, 0, 0
630820, 0, 0, 0, 0, 0, -0.357953, -0.214969, 0, 0, 0, 0, 0
630831, 0, 0, 0, 0, 0, -0.357953, -0.214969, 0, 0, 0, 0, 0
630840, 0, 0, 0, 0, 0, -0.357953, -0.214969, 0, 0, 0, 0, 0
630850, 0, 0, 0, 0, 0, -0.357953, -0.214969, 0, 0, 0, 0, 0
630860, 0, 0, 0, 0, 0, -0.357953, -0.214969, 0, 0, 0, 0, 0
630871, 0, 0, 0, 0, 0, -0.357953, -0.214969, 0, 0, 0, 0, 0
630880, 0, 0, 0, 0, 0, -0.357953, -0.214969, 0, 0, 0, 0, 0
630890, 0, 0, 0, 0, 0, -0.357953, -0.214969, 0, 0, 0, 0, 0
630900, 0, 0, 0, 0, 0, -0.357953, -0.214969, 0, 0, 0, 0, 0
630910, 0, 0, 0, 0, 0, -0.357953, -0.214969, 0, 0, 0, 0, 0
630921, 0, 0, 0, 0, 0, -0.357953, -0.214969, 0, 0, 0, 0, 0
630930, 0, 0, 0, 0, 0, -0.357953, -0.214969, 0, 0, 0, 0, 0
630940, 0, 0, 0, 0, 0, -0.357953, -0.214969, 0, 0, 0, 0, 0
630950, 0, 0, 0, 0, 0, -0.357953, -0.214969, 0, 0, 0, 0, 0
630961, 0, 0, 0, 0, 0, -0.357953, -0.214969, 0, 0, 0, 0, 0
630970, 0, 0, 0, 0, 0, -0.357953, -0.214969, 0, 0, 0, 0, 0
630980, 0, 0, 0, 0, 0, -0.357953, -0.214969, 0, 0, 0, 0, 0
630990, 0, 0, 0, 0, 0, -0.357953, -0.214969, 0, 0, 0, 0, 0
631001, 0, 0, 0, 0, 0, -0.357953, -0.214969, 0, 0, 0, 0, 0
631010, 0, 0, 0, 0, 0, -0.357953, -0.214969, 0, 0, 0, 0, 0
631020, 0, 0, 0, 0, 0, -0.357953, -0.214969, 0, 0, 0, 0, 0
631030, 0, 0, 0, 0, 0, -0.357953, -0.214969, 0, 0, 0, 0, 0
631041, 0, 0, 0, 0, 0, -0.357953, -0.214969, 0, 0, 0, 0, 0
631050, 0, 0, 0, 0, 0, -0.357953, -0.214969, 0, 0, 0, 0, 0
631060, 0, 0, 0, 0, 0, -0.357953, -0.214969, 0, 0, 0, 0, 0
631070, 0, 0, 0, 0, 0, -0.357953, -0.214969, 0, 0, 0, 0, 0
631080, 0, 0, 0, 0, 0, -0.357953, -0.214969, 0, 0, 0, 0, 0
631091, 0, 0, 0, 0, 0, -0.357953, -0.214969, 0, 0, 0, 0, 0
631100, 0, 0, 0, 0, 0, -0.357953, -0.214969, 0, 0, 0, 0, 0
631110, 0, 0, 0, 0, 0, -0.357953, -0.214969, 0, 0, 0, 0, 0
631120, 0, 0, 0, 0, 0, -0.357953, -0.214969, 0, 0, 0, 0, 0
631131, 0, 0, 0, 0, 0, -0.357953, -0.214969, 0, 0, 0, 0, 0
631140, 0, 0, 0, 0, 0, -0.357953, -0.214969, 0, 0, 0, 0, 0
631150, 0, 0, 0, 0, 0, -0.357953, -0.214969, 0, 0, 0, 0, 0
631160, 0, 0, 0, 0, 0, -0.357953, -0.214969, 0, 0, 0, 0, 0
631171, 0, 0, 0, 0, 0, -0.357953, -0.214969, 0, 0, 0, 0, 0
631180, 0, 0, 0, 0, 0, -0.357953, -0.214969, 0, 0, 0, 0, 0
631190, 0, 0, 0, 0, 0, -0.357953, -0.214969, 0, 0, 0, 0, 0
631200, 0, 0, 0, 0, 0, -0.357953, -0.214969, 0, 0, 0, 0, 0
631211, 0, 0, 0, 0, 0, -0.357953, -0.214969, 0, 0, 0, 0, 0
631220, 0, 0, 0, 0, 0, -0.357953, -0.214969, 0, 0, 0, 0, 0
631230, 0, 0, 0, 0, 0, -0.357953, -0.214969, 0, 0, 0, 0, 0
631240, 0, 0, 0, 0, 0, -0.357953, -0.214969, 0, 0, 0, 0, 0
631250, 0, 0, 0, 0, 0, -0.357953, -0.214969, 0, 0, 0, 0, 0
631261, 0, 0, 0, 0, 0, -0.357953, -0.214969, 0, 0, 0, 0, 0
631270, 0, 0, 0, 0, 0, -0.357953, -0.214969, 0, 0, 0, 0, 0
631280, 0, 0, 0, 0, 0, -0.357953, -0.214969, 0, 0, 0, 0, 0
631290, 0, 0, 0, 0, 0, -0.357953, -0.214969, 0, 0, 0, 0, 0
631301, 0, 0, 0, 0, 0, -0.357953, -0.214969, 0, 0, 0, 0, 0
631310, 0, 0, 0, 0, 0, -0.357953, -0.214969, 0, 0, 0, 0, 0
631320, 0, 0, 0, 0, 0, -0.357953, -0.214969, 0, 0, 0, 0, 0
631330, 0, 0, 0, 0, 0, -0.357953, -0.214969, 0, 0, 0, 0, 0
631341, 0, 0, 0, 0, 0, -0.357953, -0.214969, 0, 0, 0, 0, 0
631350, 0, 0, 0, 0, 0, -0.357953, -0.214969, 0, 0, 0, 0, 0
631360, 0, 0, 0, 0, 0, -0.357953, -0.214969, 0, 0, 0, 0, 0
631370, 0, 0, 0, 0, 0, -0.357953, -0.214969, 0, 0, 0, 0, 0
631380, 0, 0, 0, 0, 0, -0.357953, -0.214969, 0, 0, 0, 0, 0
631391, 0, 0, 0, 0, 0, -0.357953, -0.214969, 0, 0, 0, 0, 0
631400, 0, 0, 0, 0, 0, -0.357953, -0.214969, 0, 0, 0, 0, 0
631410, 0, 0, 0, 0, 0, -0.357953, -0.214969, 0, 0, 0, 0, 0
631420, 0, 0, 0, 0, 0, -0.357953, -0.214969, 0, 0, 0, 0, 0
