QGPIORecord, QRC v6.1.0, 08-12-2021 @ 17:16:30, Windows 10 Version 2009, 10.0.19042, x86_64
Time, VoltA, voltB, desired_velocity, Phat, L, vA, vB, Front Distance, xhat(0), NaN, nu(0), S(0)
8200, 0, 0, 0, 0, 0, 0, 0, 0.345653, 0, 0, 0, 0
8210, 0, 0, 0, 0, 0, 0, 0, 0.350238, 0, 0, 0, 0
8221, 0, 0, 0, 0, 0, 0, 0, 0.354951, 0, 0, 0, 0
8230, 0, 0, 0, 0, 0, 0, 0, 0.350238, 0, 0, 0, 0
8240, 0, 0, 0, 0, 0, 0, 0, 0.354951, 0, 0, 0, 0
8250, 0, 0, 0, 0, 0, 0, 0, 0.354951, 0, 0, 0, 0
8260, 0, 0, 0, 0, 0, 0, 0, 0.350238, 0, 0, 0, 0
8270, 0, 0, 0, 0, 0, 0, 0, 0.354951, 0, 0, 0, 0
8281, 0, 0, 0, 0, 0, 0, 0, 0.354951, 0, 0, 0, 0
8290, 0, 0, 0, 0, 0, 0, 0, 0.354951, 0, 0, 0, 0
8300, 0, 0, 0, 0, 0, 0, 0, 0.354951, 0, 0, 0, 0
8310, 0, 0, 0, 0, 0, 0, 0, 0.354951, 0, 0, 0, 0
8321, 0, 0, 0, 0, 0, 0, 0, 0.354951, 0, 0, 0, 0
8330, 0, 0, 0, 0, 0, 0, 0, 0.350238, 0, 0, 0, 0
8340, 0, 0, 0, 0, 0, 0, 0, 0.354951, 0, 0, 0, 0
8350, 0, 0, 0, 0, 0, 0, 0, 0.354951, 0, 0, 0, 0
8360, 0, 0, 0, 0, 0, 0, 0, 0.354951, 0, 0, 0, 0
8370, 0, 0, 0, 0, 0, 0, 0, 0.354951, 0, 0, 0, 0
8380, 0, 0, 0, 0, 0, 0, 0, 0.354951, 0, 0, 0, 0
8390, 0, 0, 0, 0, 0, 0, 0, 0.354951, 0, 0, 0, 0
8400, 0, 0, 0, 0, 0, 0, 0, 0.354951, 0, 0, 0, 0
8410, 0, 0, 0, 0, 0, 0, 0, 0.350238, 0, 0, 0, 0
8420, 0, 0, 0, 0, 0, 0, 0, 0.345653, 0, 0, 0, 0
8430, 0, 0, 0, 0, 0, 0, 0, 0.350238, 0, 0, 0, 0
8440, 0, 0, 0, 0, 0, 0, 0, 0.350238, 0, 0, 0, 0
8451, 0, 0, 0, 0, 0, 0, 0, 0.354951, 0, 0, 0, 0
8460, 0, 0, 0, 0, 0, 0, 0, 0.354951, 0, 0, 0, 0
8470, 0, 0, 0, 0, 0, 0, 0, 0.354951, 0, 0, 0, 0
8480, 0, 0, 0, 0, 0, 0, 0, 0.354951, 0, 0, 0, 0
8491, 0, 0, 0, 0, 0, 0, 0, 0.354951, 0, 0, 0, 0
8500, 0, 0, 0, 0, 0, 0, 0, 0.359796, 0, 0, 0, 0
8510, 0, 0, 0, 0, 0, 0, 0, 0.354951, 0, 0, 0, 0
8520, 0, 0, 0, 0, 0, 0, 0, 0.354951, 0, 0, 0, 0
8530, 0, 0, 0, 0, 0, 0, 0, 0.354951, 0, 0, 0, 0
8540, 0, 0, 0, 0, 0, 0, 0, 0.354951, 0, 0, 0, 0
8550, 0, 0, 0, 0, 0, 0, 0, 0.354951, 0, 0, 0, 0
8560, 0, 0, 0, 0, 0, 0, 0, 0.354951, 0, 0, 0, 0
8570, 0, 0, 0, 0, 0, 0, 0, 0.354951, 0, 0, 0, 0
8581, 0, 0, 0, 0, 0, 0, 0, 0.354951, 0, 0, 0, 0
8590, 0, 0, 0, 0, 0, 0, 0, 0.354951, 0, 0, 0, 0
8600, 0, 0, 0, 0, 0, 0, 0, 0.354951, 0, 0, 0, 0
8610, 0, 0, 0, 0, 0, 0, 0, 0.354951, 0, 0, 0, 0
8621, 0, 0, 0, 0, 0, 0, 0, 0.354951, 0, 0, 0, 0
8630, 0, 0, 0, 0, 0, 0, 0, 0.354951, 0, 0, 0, 0
8640, 0, 0, 0, 0, 0, 0, 0, 0.354951, 0, 0, 0, 0
8650, 0, 0, 0, 0, 0, 0, 0, 0.354951, 0, 0, 0, 0
8660, 0, 0, 0, 0, 0, 0, 0, 0.350238, 0, 0, 0, 0
8670, 0, 0, 0, 0, 0, 0, 0, 0.354951, 0, 0, 0, 0
8680, 0, 0, 0, 0, 0, 0, 0, 0.345653, 0, 0, 0, 0
8690, 0, 0, 0, 0, 0, 0, 0, 0.350238, 0, 0, 0, 0
8700, 0, 0, 0, 0, 0, 0, 0, 0.354951, 0, 0, 0, 0
8710, 0, 0, 0, 0, 0, 0, 0, 0.354951, 0, 0, 0, 0
8720, 0, 0, 0, 0, 0, 0, 0, 0.354951, 0, 0, 0, 0
8730, 0, 0, 0, 0, 0, 0, 0, 0.354951, 0, 0, 0, 0
8740, 0, 0, 0, 0, 0, 0, 0, 0.354951, 0, 0, 0, 0
8751, 0, 0, 0, 0, 0, 0, 0, 0.354951, 0, 0, 0, 0
8760, 0, 0, 0, 0, 0, 0, 0, 0.354951, 0, 0, 0, 0
8770, 0, 0, 0, 0, 0, 0, 0, 0.354951, 0, 0, 0, 0
8780, 0, 0, 0, 0, 0, 0, 0, 0.354951, 0, 0, 0, 0
8791, 0, 0, 0, 0, 0, 0, 0, 0.354951, 0, 0, 0, 0
8800, 0, 0, 0, 0, 0, 0, 0, 0.350238, 0, 0, 0, 0
8810, 0, 0, 0, 0, 0, 0, 0, 0.350238, 0, 0, 0, 0
8820, 0, 0, 0, 0, 0, 0, 0, 0.354951, 0, 0, 0, 0
8830, 0, 0, 0, 0, 0, 0, 0, 0.345653, 0, 0, 0, 0
8840, 0, 0, 0, 0, 0, 0, 0, 0.354951, 0, 0, 0, 0
8850, 0, 0, 0, 0, 0, 0, 0, 0.354951, 0, 0, 0, 0
8860, 0, 0, 0, 0, 0, 0, 0, 0.354951, 0, 0, 0, 0
8870, 0, 0, 0, 0, 0, 0, 0, 0.354951, 0, 0, 0, 0
8880, 0, 0, 0, 0, 0, 0, 0, 0.354951, 0, 0, 0, 0
8890, 0, 0, 0, 0, 0, 0, 0, 0.350238, 0, 0, 0, 0
8900, 0, 0, 0, 0, 0, 0, 0, 0.354951, 0, 0, 0, 0
8910, 0, 0, 0, 0, 0, 0, 0, 0.354951, 0, 0, 0, 0
8921, 0, 0, 0, 0, 0, 0, 0, 0.354951, 0, 0, 0, 0
8930, 0, 0, 0, 0, 0, 0, 0, 0.354951, 0, 0, 0, 0
8940, 0, 0, 0, 0, 0, 0, 0, 0.345653, 0, 0, 0, 0
8950, 0, 0, 0, 0, 0, 0, 0, 0.350238, 0, 0, 0, 0
8961, 0, 0, 0, 0, 0, 0, 0, 0.354951, 0, 0, 0, 0
8970, 0, 0, 0, 0, 0, 0, 0, 0.354951, 0, 0, 0, 0
8980, 0, 0, 0, 0, 0, 0, 0, 0.345653, 0, 0, 0, 0
8990, 0, 0, 0, 0, 0, 0, 0, 0.350238, 0, 0, 0, 0
9000, 0, 0, 0, 0, 0, 0, 0, 0.354951, 0, 0, 0, 0
9010, 0, 0, 0, 0, 0, 0, 0, 0.354951, 0, 0, 0, 0
9020, 0, 0, 0, 0, 0, 0, 0, 0.354951, 0, 0, 0, 0
9030, 0, 0, 0, 0, 0, 0, 0, 0.354951, 0, 0, 0, 0
9040, 0, 0, 0, 0, 0, 0, 0, 0.354951, 0, 0, 0, 0
9050, 0, 0, 0, 0, 0, 0, 0, 0.350238, 0, 0, 0, 0
9060, 0, 0, 0, 0, 0, 0, 0, 0.354951, 0, 0, 0, 0
9070, 0, 0, 0, 0, 0, 0, 0, 0.354951, 0, 0, 0, 0
9080, 0, 0, 0, 0, 0, 0, 0, 0.354951, 0, 0, 0, 0
9091, 0, 0, 0, 0, 0, 0, 0, 0.345653, 0, 0, 0, 0
9100, 0, 0, 0, 0, 0, 0, 0, 0.354951, 0, 0, 0, 0
9110, 0, 0, 0, 0, 0, 0, 0, 0.350238, 0, 0, 0, 0
9120, 0, 0, 0, 0, 0, 0, 0, 0.354951, 0, 0, 0, 0
9131, 0, 0, 0, 0, 0, 0, 0, 0.354951, 0, 0, 0, 0
9140, 0, 0, 0, 0, 0, 0, 0, 0.354951, 0, 0, 0, 0
9150, 0, 0, 0, 0, 0, 0, 0, 0.350238, 0, 0, 0, 0
9160, 0, 0, 0, 0, 0, 0, 0, 0.354951, 0, 0, 0, 0
9170, 0, 0, 0, 0, 0, 0, 0, 0.354951, 0, 0, 0, 0
9180, 0, 0, 0, 0, 0, 0, 0, 0.354951, 0, 0, 0, 0
9190, 0, 0, 0, 0, 0, 0, 0, 0.354951, 0, 0, 0, 0
9200, 0, 0, 0, 0, 0, 0, 0, 0.354951, 0, 0, 0, 0
9210, 0, 0, 0, 0, 0, 0, 0, 0.350238, 0, 0, 0, 0
9220, 0, 0, 0, 0, 0, 0, 0, 0.354951, 0, 0, 0, 0
9230, 0, 0, 0, 0, 0, 0, 0, 0.350238, 0, 0, 0, 0
9240, 0, 0, 0, 0, 0, 0, 0, 0.345653, 0, 0, 0, 0
9250, 0, 0, 0, 0, 0, 0, 0, 0.350238, 0, 0, 0, 0
9261, 0, 0, 0, 0, 0, 0, 0, 0.354951, 0, 0, 0, 0
9270, 0, 0, 0, 0, 0, 0, 0, 0.354951, 0, 0, 0, 0
9280, 0, 0, 0, 0, 0, 0, 0, 0.354951, 0, 0, 0, 0
9290, 0, 0, 0, 0, 0, 0, 0, 0.354951, 0, 0, 0, 0
9300, 0, 0, 0, 0, 0, 0, 0, 0.354951, 0, 0, 0, 0
9310, 0, 0, 0, 0, 0, 0, 0, 0.354951, 0, 0, 0, 0
9320, 0, 0, 0, 0, 0, 0, 0, 0.354951, 0, 0, 0, 0
9330, 0, 0, 0, 0, 0, 0, 0, 0.354951, 0, 0, 0, 0
9340, 0, 0, 0, 0, 0, 0, 0, 0.354951, 0, 0, 0, 0
9350, 0, 0, 0, 0, 0, 0, 0, 0.354951, 0, 0, 0, 0
9360, 0, 0, 0, 0, 0, 0, 0, 0.354951, 0, 0, 0, 0
9370, 0, 0, 0, 0, 0, 0, 0, 0.354951, 0, 0, 0, 0
9380, 0, 0, 0, 0, 0, 0, 0, 0.354951, 0, 0, 0, 0
9391, 0, 0, 0, 0, 0, 0, 0, 0.345653, 0, 0, 0, 0
9400, 0, 0, 0, 0, 0, 0, 0, 0.350238, 0, 0, 0, 0
9410, 0, 0, 0, 0, 0, 0, 0, 0.354951, 0, 0, 0, 0
9420, 0, 0, 0, 0, 0, 0, 0, 0.354951, 0, 0, 0, 0
9431, 0, 0, 0, 0, 0, 0, 0, 0.354951, 0, 0, 0, 0
9440, 0, 0, 0, 0, 0, 0, 0, 0.354951, 0, 0, 0, 0
9450, 0, 0, 0, 0, 0, 0, 0, 0.354951, 0, 0, 0, 0
9460, 0, 0, 0, 0, 0, 0, 0, 0.350238, 0, 0, 0, 0
9470, 0, 0, 0, 0, 0, 0, 0, 0.354951, 0, 0, 0, 0
9480, 0, 0, 0, 0, 0, 0, 0, 0.354951, 0, 0, 0, 0
9490, 0, 0, 0, 0, 0, 0, 0, 0.354951, 0, 0, 0, 0
9500, 0, 0, 0, 0, 0, 0, 0, 0.345653, 0, 0, 0, 0
9510, 0, 0, 0, 0, 0, 0, 0, 0.354951, 0, 0, 0, 0
9520, 0, 0, 0, 0, 0, 0, 0, 0.354951, 0, 0, 0, 0
9530, 0, 0, 0, 0, 0, 0, 0, 0.354951, 0, 0, 0, 0
9540, 0, 0, 0, 0, 0, 0, 0, 0.354951, 0, 0, 0, 0
9550, 0, 0, 0, 0, 0, 0, 0, 0.354951, 0, 0, 0, 0
9561, 0, 0, 0, 0, 0, 0, 0, 0.354951, 0, 0, 0, 0
9570, 0, 0, 0, 0, 0, 0, 0, 0.354951, 0, 0, 0, 0
9580, 0, 0, 0, 0, 0, 0, 0, 0.354951, 0, 0, 0, 0
9590, 0, 0, 0, 0, 0, 0, 0, 0.354951, 0, 0, 0, 0
9601, 0, 0, 0, 0, 0, 0, 0, 0.354951, 0, 0, 0, 0
9610, 0, 0, 0, 0, 0, 0, 0, 0.350238, 0, 0, 0, 0
9620, 0, 0, 0, 0, 0, 0, 0, 0.354951, 0, 0, 0, 0
9630, 0, 0, 0, 0, 0, 0, 0, 0.354951, 0, 0, 0, 0
9640, 0, 0, 0, 0, 0, 0, 0, 0.350238, 0, 0, 0, 0
9650, 0, 0, 0, 0, 0, 0, 0, 0.350238, 0, 0, 0, 0
9660, 0, 0, 0, 0, 0, 0, 0, 0.350238, 0, 0, 0, 0
9670, 0, 0, 0, 0, 0, 0, 0, 0.354951, 0, 0, 0, 0
9680, 0, 0, 0, 0, 0, 0, 0, 0.354951, 0, 0, 0, 0
9690, 0, 0, 0, 0, 0, 0, 0, 0.350238, 0, 0, 0, 0
9700, 0, 0, 0, 0, 0, 0, 0, 0.354951, 0, 0, 0, 0
9710, 0, 0, 0, 0, 0, 0, 0, 0.350238, 0, 0, 0, 0
9720, 0, 0, 0, 0, 0, 0, 0, 0.345653, 0, 0, 0, 0
9731, 0, 0, 0, 0, 0, 0, 0, 0.354951, 0, 0, 0, 0
9740, 0, 0, 0, 0, 0, 0, 0, 0.354951, 0, 0, 0, 0
9750, 0, 0, 0, 0, 0, 0, 0, 0.354951, 0, 0, 0, 0
9760, 0, 0, 0, 0, 0, 0, 0, 0.354951, 0, 0, 0, 0
9771, 0, 0, 0, 0, 0, 0, 0, 0.354951, 0, 0, 0, 0
9780, 0, 0, 0, 0, 0, 0, 0, 0.354951, 0, 0, 0, 0
9790, 0, 0, 0, 0, 0, 0, 0, 0.354951, 0, 0, 0, 0
9800, 0, 0, 0, 0, 0, 0, 0, 0.354951, 0, 0, 0, 0
9810, 0, 0, 0, 0, 0, 0, 0, 0.350238, 0, 0, 0, 0
9820, 0, 0, 0, 0, 0, 0, 0, 0.350238, 0, 0, 0, 0
9830, 0, 0, 0, 0, 0, 0, 0, 0.359796, 0, 0, 0, 0
9840, 0, 0, 0, 0, 0, 0, 0, 0.354951, 0, 0, 0, 0
9850, 0, 0, 0, 0, 0, 0, 0, 0.354951, 0, 0, 0, 0
9861, 0, 0, 0, 0, 0, 0, 0, 0.350238, 0, 0, 0, 0
9870, 0, 0, 0, 0, 0, 0, 0, 0.354951, 0, 0, 0, 0
9880, 0, 0, 0, 0, 0, 0, 0, 0.354951, 0, 0, 0, 0
9890, 0, 0, 0, 0, 0, 0, 0, 0.350238, 0, 0, 0, 0
9901, 0, 0, 0, 0, 0, 0, 0, 0.354951, 0, 0, 0, 0
9910, 0, 0, 0, 0, 0, 0, 0, 0.345653, 0, 0, 0, 0
9920, 0, 0, 0, 0, 0, 0, 0, 0.354951, 0, 0, 0, 0
9930, 0, 0, 0, 0, 0, 0, 0, 0.354951, 0, 0, 0, 0
9940, 0, 0, 0, 0, 0, 0, 0, 0.354951, 0, 0, 0, 0
9950, 0, 0, 0, 0, 0, 0, 0, 0.359796, 0, 0, 0, 0
9960, 0, 0, 0, 0, 0, 0, 0, 0.354951, 0, 0, 0, 0
9970, 0, 0, 0, 0, 0, 0, 0, 0.354951, 0, 0, 0, 0
9980, 0, 0, 0, 0, 0, 0, 0, 0.354951, 0, 0, 0, 0
9990, 0, 0, 0, 0, 0, 0, 0, 0.350238, 0, 0, 0, 0
10000, 0, 0, 0, 0, 0, 0, 0, 0.354951, 0, 0, 0, 0
10010, 0, 0, 0, 0, 0, 0, 0, 0.354951, 0, 0, 0, 0
10020, 0, 0, 0, 0, 0, 0, 0, 0.354951, 0, 0, 0, 0
10031, 0, 0, 0, 0, 0, 0, 0, 0.345653, 0, 0, 0, 0
10040, 0, 0, 0, 0, 0, 0, 0, 0.354951, 0, 0, 0, 0
10050, 0, 0, 0, 0, 0, 0, 0, 0.354951, 0, 0, 0, 0
10060, 0, 0, 0, 0, 0, 0, 0, 0.354951, 0, 0, 0, 0
10071, 0, 0, 0, 0, 0, 0, 0, 0.354951, 0, 0, 0, 0
10080, 0, 0, 0, 0, 0, 0, 0, 0.354951, 0, 0, 0, 0
10090, 0, 0, 0, 0, 0, 0, 0, 0.350238, 0, 0, 0, 0
10100, 0, 0, 0, 0, 0, 0, 0, 0.354951, 0, 0, 0, 0
10110, 0, 0, 0, 0, 0, 0, 0, 0.354951, 0, 0, 0, 0
10120, 0, 0, 0, 0, 0, 0, 0, 0.350238, 0, 0, 0, 0
10130, 0, 0, 0, 0, 0, 0, 0, 0.345653, 0, 0, 0, 0
10140, 0, 0, 0, 0, 0, 0, 0, 0.354951, 0, 0, 0, 0
10150, 0, 0, 0, 0, 0, 0, 0, 0.354951, 0, 0, 0, 0
10160, 0, 0, 0, 0, 0, 0, 0, 0.354951, 0, 0, 0, 0
10170, 0, 0, 0, 0, 0, 0, 0, 0.350238, 0, 0, 0, 0
10180, 0, 0, 0, 0, 0, 0, 0, 0.354951, 0, 0, 0, 0
10190, 0, 0, 0, 0, 0, 0, 0, 0.354951, 0, 0, 0, 0
10201, 0, 0, 0, 0, 0, 0, 0, 0.354951, 0, 0, 0, 0
10210, 0, 0, 0, 0, 0, 0, 0, 0.354951, 0, 0, 0, 0
10220, 0, 0, 0, 0, 0, 0, 0, 0.354951, 0, 0, 0, 0
10230, 0, 0, 0, 0, 0, 0, 0, 0.354951, 0, 0, 0, 0
10241, 0, 0, 0, 0, 0, 0, 0, 0.36478, 0, 0, 0, 0
10250, 0, 0, 0, 0, 0, 0, 0, 0.350238, 0, 0, 0, 0
10260, 0, 0, 0, 0, 0, 0, 0, 0.354951, 0, 0, 0, 0
10270, 0, 0, 0, 0, 0, 0, 0, 0.350238, 0, 0, 0, 0
10280, 0, 0, 0, 0, 0, 0, 0, 0.354951, 0, 0, 0, 0
10290, 0, 0, 0, 0, 0, 0, 0, 0.354951, 0, 0, 0, 0
10300, 0, 0, 0, 0, 0, 0, 0, 0.354951, 0, 0, 0, 0
10310, 0, 0, 0, 0, 0, 0, 0, 0.354951, 0, 0, 0, 0
10320, 0, 0, 0, 0, 0, 0, 0, 0.354951, 0, 0, 0, 0
10330, 0, 0, 0, 0, 0, 0, 0, 0.354951, 0, 0, 0, 0
10340, 0, 0, 0, 0, 0, 0, 0, 0.354951, 0, 0, 0, 0
10350, 0, 0, 0, 0, 0, 0, 0, 0.354951, 0, 0, 0, 0
10360, 0, 0, 0, 0, 0, 0, 0, 0.354951, 0, 0, 0, 0
10371, 0, 0, 0, 0, 0, 0, 0, 0.350238, 0, 0, 0, 0
10380, 0, 0, 0, 0, 0, 0, 0, 0.354951, 0, 0, 0, 0
10390, 0, 0, 0, 0, 0, 0, 0, 0.345653, 0, 0, 0, 0
10400, 0, 0, 0, 0, 0, 0, 0, 0.354951, 0, 0, 0, 0
10411, 0, 0, 0, 0, 0, 0, 0, 0.354951, 0, 0, 0, 0
10420, 0, 0, 0, 0, 0, 0, 0, 0.354951, 0, 0, 0, 0
10430, 0, 0, 0, 0, 0, 0, 0, 0.354951, 0, 0, 0, 0
10440, 0, 0, 0, 0, 0, 0, 0, 0.354951, 0, 0, 0, 0
10450, 0, 0, 0, 0, 0, 0, 0, 0.350238, 0, 0, 0, 0
10460, 0, 0, 0, 0, 0, 0, 0, 0.359796, 0, 0, 0, 0
10470, 0, 0, 0, 0, 0, 0, 0, 0.354951, 0, 0, 0, 0
10480, 0, 0, 0, 0, 0, 0, 0, 0.354951, 0, 0, 0, 0
10490, 0, 0, 0, 0, 0, 0, 0, 0.354951, 0, 0, 0, 0
10501, 0, 0, 0, 0, 0, 0, 0, 0.354951, 0, 0, 0, 0
10510, 0, 0, 0, 0, 0, 0, 0, 0.354951, 0, 0, 0, 0
10520, 0, 0, 0, 0, 0, 0, 0, 0.354951, 0, 0, 0, 0
10530, 0, 0, 0, 0, 0, 0, 0, 0.354951, 0, 0, 0, 0
10541, 0, 0, 0, 0, 0, 0, 0, 0.345653, 0, 0, 0, 0
10550, 0, 0, 0, 0, 0, 0, 0, 0.354951, 0, 0, 0, 0
10560, 0, 0, 0, 0, 0, 0, 0, 0.354951, 0, 0, 0, 0
10570, 0, 0, 0, 0, 0, 0, 0, 0.354951, 0, 0, 0, 0
10580, 0, 0, 0, 0, 0, 0, 0, 0.354951, 0, 0, 0, 0
10590, 0, 0, 0, 0, 0, 0, 0, 0.354951, 0, 0, 0, 0
10600, 0, 0, 0, 0, 0, 0, 0, 0.354951, 0, 0, 0, 0
10610, 0, 0, 0, 0, 0, 0, 0, 0.354951, 0, 0, 0, 0
10620, 0, 0, 0, 0, 0, 0, 0, 0.354951, 0, 0, 0, 0
10630, 0, 0, 0, 0, 0, 0, 0, 0.350238, 0, 0, 0, 0
10640, 0, 0, 0, 0, 0, 0, 0, 0.354951, 0, 0, 0, 0
10650, 0, 0, 0, 0, 0, 0, 0, 0.345653, 0, 0, 0, 0
10660, 0, 0, 0, 0, 0, 0, 0, 0.354951, 0, 0, 0, 0
10671, 0, 0, 0, 0, 0, 0, 0, 0.354951, 0, 0, 0, 0
10680, 0, 0, 0, 0, 0, 0, 0, 0.354951, 0, 0, 0, 0
10690, 0, 0, 0, 0, 0, 0, 0, 0.345653, 0, 0, 0, 0
10700, 0, 0, 0, 0, 0, 0, 0, 0.354951, 0, 0, 0, 0
10711, 0, 0, 0, 0, 0, 0, 0, 0.350238, 0, 0, 0, 0
10720, 0, 0, 0, 0, 0, 0, 0, 0.354951, 0, 0, 0, 0
10730, 0, 0, 0, 0, 0, 0, 0, 0.354951, 0, 0, 0, 0
10740, 0, 0, 0, 0, 0, 0, 0, 0.354951, 0, 0, 0, 0
10750, 0, 0, 0, 0, 0, 0, 0, 0.354951, 0, 0, 0, 0
10760, 0, 0, 0, 0, 0, 0, 0, 0.354951, 0, 0, 0, 0
10770, 0, 0, 0, 0, 0, 0, 0, 0.354951, 0, 0, 0, 0
10780, 0, 0, 0, 0, 0, 0, 0, 0.354951, 0, 0, 0, 0
10790, 0, 0, 0, 0, 0, 0, 0, 0.354951, 0, 0, 0, 0
10801, 0, 0, 0, 0, 0, 0, 0, 0.345653, -0.15, 0, 0, 0
10811, 0.150826, 0.168251, 11.2712, 9.51812e-07, -0.999905, 0, 0, 0.354951, -0.354931, 0, 0.204951, 0.010001
10820, 0.451588, 0.503761, 11.2048, 6.3464e-07, -0.666646, 0, 0, 0.354951, -0.353723, 0, 0.00368264, 2.85579e-06
10830, 0.751021, 0.837788, 11.1719, 5.94991e-07, -0.624997, 0, 0, 0.354951, -0.353125, 0, 0.00486916, 2.53862e-06
10841, 1.04983, 1.17112, 11.1579, 5.89327e-07, -0.619047, 0, 0, 0.354951, -0.352872, 0, 0.00545681, 2.49897e-06
10851, 1.34373, 1.50415, 11.1525, 5.88503e-07, -0.618182, 0.347118, 0, 0.354951, -0.352772, 0, 0.00570512, 2.49331e-06
10861, 1.63284, 1.82661, 11.1504, 5.88383e-07, -0.618056, 0.350624, 0.701248, 0.354951, -0.352734, 0, 0.00580287, 2.49248e-06
10870, 1.91248, 2.13338, 11.1496, 5.88365e-07, -0.618037, 1.05187, 1.04837, 0.354951, -0.35272, 0, 0.00584024, 2.49236e-06
10881, 2.17854, 2.42494, 10.8332, 5.88363e-07, -0.618034, 1.04837, 1.4025, 0.345653, -0.346968, 0, -0.00344345, 2.49235e-06
10891, 2.43367, 2.69903, 11.0306, 5.88362e-07, -0.618034, 1.74961, 2.10024, 0.354951, -0.350557, 0, 0.0115034, 2.49234e-06
10901, 2.67361, 2.96146, 11.1047, 5.88362e-07, -0.618034, 2.45437, 2.45437, 0.354951, -0.351903, 0, 0.00797886, 2.49234e-06
10910, 2.9034, 3.20727, 10.9722, 5.88362e-07, -0.618034, 2.45086, 3.15562, 0.350238, -0.349495, 0, 0.00194404, 2.49234e-06
10920, 3.12136, 3.43466, 10.9226, 5.88362e-07, -0.618034, 3.15562, 3.50624, 0.350238, -0.348592, 0, 0.00430852, 2.49234e-06
10931, 3.31964, 3.64538, 10.9039, 5.88362e-07, -0.618034, 3.85336, 4.20398, 0.350238, -0.348253, 0, 0.00519556, 2.49234e-06
10941, 3.50819, 3.83489, 10.8969, 5.88362e-07, -0.618034, 3.85687, 4.90173, 0.350238, -0.348126, 0, 0.0055283, 2.49234e-06
10950, 3.69154, 4.01848, 11.2192, 5.88362e-07, -0.618034, 4.55811, 4.91575, 0.359796, -0.353986, 0, 0.0152111, 2.49234e-06
10960, 3.85437, 4.17908, 10.4161, 5.88362e-07, -0.618034, 4.90874, 5.96061, 0.332612, -0.339383, 0, -0.0177279, 2.49234e-06
10971, 3.99027, 4.30975, 10.2587, 5.88362e-07, -0.618034, 5.60999, 5.96061, 0.336844, -0.336521, 0, 0.000846416, 2.49234e-06
10981, 4.11399, 4.42688, 10.1996, 5.88362e-07, -0.618034, 5.60297, 6.65134, 0.336844, -0.335447, 0, 0.00365737, 2.49234e-06
10991, 4.22719, 4.52704, 10.1774, 5.88362e-07, -0.618034, 6.31474, 7.01599, 0.336844, -0.335045, 0, 0.00471187, 2.49234e-06
11000, 4.3305, 4.61099, 10.1691, 5.88362e-07, -0.618034, 6.31124, 7.70672, 0.336844, -0.334893, 0, 0.00510743, 2.49234e-06
11011, 4.42442, 4.68958, 10.166, 5.88362e-07, -0.618034, 7.00547, 7.36311, 0.336844, -0.334837, 0, 0.00525582, 2.49234e-06
11021, 4.50697, 4.76074, 10.021, 5.88362e-07, -0.618034, 7.01248, 8.05734, 0.332612, -0.3322, 0, 0.00107884, 2.49234e-06
11031, 4.56679, 4.80131, 9.17612, 5.88362e-07, -0.618034, 7.71373, 8.42199, 0.309358, -0.316838, 0, -0.0195851, 2.49234e-06
11040, 4.61147, 4.82487, 9.23958, 5.88362e-07, -0.618034, 7.36311, 8.41498, 0.320549, -0.317992, 0, 0.00669238, 2.49234e-06
11051, 4.65281, 4.84498, 9.26339, 5.88362e-07, -0.618034, 8.05033, 8.74106, 0.320549, -0.318425, 0, 0.00555912, 2.49234e-06
11061, 4.68516, 4.86013, 9.27232, 5.88362e-07, -0.618034, 8.06786, 8.77963, 0.320549, -0.318588, 0, 0.00513399, 2.49234e-06
11071, 4.70605, 4.86238, 8.7745, 5.88362e-07, -0.618034, 8.41849, 9.11623, 0.305805, -0.309536, 0, -0.00976917, 2.49234e-06
11080, 4.71317, 4.84934, 8.58775, 5.88362e-07, -0.618034, 8.41147, 9.11973, 0.305805, -0.306141, 0, -0.000879765, 2.49234e-06
11090, 4.71063, 4.83065, 8.39977, 5.88362e-07, -0.618034, 8.7656, 9.11973, 0.302336, -0.302723, 0, -0.00101414, 2.49234e-06
11101, 4.70166, 4.80495, 8.44718, 5.88362e-07, -0.618034, 8.75158, 9.44932, 0.305805, -0.303585, 0, 0.00581166, 2.49234e-06
11111, 4.6873, 4.77866, 8.34704, 5.88362e-07, -0.618034, 9.11623, 9.10571, 0.302336, -0.301764, 0, 0.00149608, 2.49234e-06
11120, 4.6662, 4.74476, 7.97179, 5.88362e-07, -0.618034, 8.77963, 9.48438, 0.292402, -0.294942, 0, -0.00665, 2.49234e-06
11130, 4.64293, 4.70299, 7.83102, 5.88362e-07, -0.618034, 8.7621, 9.11623, 0.292402, -0.292382, 0, 5.07534e-05, 2.49234e-06
11141, 4.61126, 4.65731, 7.67071, 5.88362e-07, -0.618034, 9.10571, 9.44582, 0.289239, -0.289467, 0, -0.000598133, 2.49234e-06
11151, 4.57359, 4.6101, 7.71807, 5.88362e-07, -0.618034, 9.0987, 9.10571, 0.292402, -0.290329, 0, 0.00542712, 2.49234e-06
11161, 4.53407, 4.5556, 7.22145, 5.88362e-07, -0.618034, 8.79365, 9.48438, 0.277269, -0.281299, 0, -0.0105515, 2.49234e-06
11170, 4.48988, 4.49578, 7.03515, 5.88362e-07, -0.618034, 8.7656, 8.77963, 0.277269, -0.277912, 0, -0.00168332, 2.49234e-06
11181, 4.43954, 4.43947, 7.06366, 5.88362e-07, -0.618034, 9.09519, 9.09169, 0.280164, -0.27843, 0, 0.00453842, 2.49234e-06
11191, 4.37886, 4.3666, 6.60262, 5.88362e-07, -0.618034, 9.10571, 9.45633, 0.266286, -0.270048, 0, -0.00984874, 2.49234e-06
11201, 4.31513, 4.29032, 6.52008, 5.88362e-07, -0.618034, 8.77963, 8.77612, 0.268946, -0.268547, 0, 0.00104392, 2.49234e-06
11210, 4.25452, 4.22272, 6.48912, 5.88362e-07, -0.618034, 8.75859, 8.7621, 0.268946, -0.267984, 0, 0.00251779, 2.49234e-06
11220, 4.18754, 4.15846, 6.04333, 5.88362e-07, -0.618034, 8.77963, 8.07487, 0.256173, -0.259879, 0, -0.00970232, 2.49234e-06
11231, 4.11356, 4.08645, 5.95945, 5.88362e-07, -0.618034, 8.75158, 8.75158, 0.258625, -0.258354, 0, 0.000710547, 2.49234e-06
11241, 4.04287, 4.00765, 5.92799, 5.88362e-07, -0.618034, 8.41849, 8.41498, 0.258625, -0.257782, 0, 0.00220823, 2.49234e-06
11250, 3.97615, 3.93323, 5.91619, 5.88362e-07, -0.618034, 8.41147, 8.41498, 0.258625, -0.257567, 0, 0.00277007, 2.49234e-06
11260, 3.91386, 3.86379, 5.91176, 5.88362e-07, -0.618034, 8.07137, 8.06436, 0.258625, -0.257487, 0, 0.00298083, 2.49234e-06
11271, 3.85082, 3.79352, 5.50917, 5.88362e-07, -0.618034, 8.06085, 8.06436, 0.24683, -0.250167, 0, -0.00873505, 2.49234e-06
11281, 3.78149, 3.71639, 5.43524, 5.88362e-07, -0.618034, 8.06436, 8.04683, 0.249098, -0.248823, 0, 0.000722229, 2.49234e-06
11290, 3.70593, 3.63733, 5.03614, 5.88362e-07, -0.618034, 8.05384, 7.72074, 0.238173, -0.241566, 0, -0.00888278, 2.49234e-06
11300, 3.62293, 3.55505, 4.88643, 5.88362e-07, -0.618034, 8.07137, 7.71373, 0.238173, -0.238844, 0, -0.00175618, 2.49234e-06
11311, 3.54268, 3.47605, 4.90178, 5.88362e-07, -0.618034, 7.71373, 7.36661, 0.240277, -0.239123, 0, 0.00302137, 2.49234e-06
11321, 3.46777, 3.4029, 4.56259, 5.88362e-07, -0.618034, 7.34908, 6.99846, 0.230129, -0.232956, 0, -0.00740092, 2.49234e-06
11331, 3.39116, 3.32278, 4.43535, 5.88362e-07, -0.618034, 7.37363, 7.36661, 0.230129, -0.230643, 0, -0.00134405, 2.49234e-06
11340, 3.31584, 3.23897, 4.32226, 5.88362e-07, -0.618034, 7.01248, 7.00547, 0.228207, -0.228586, 0, -0.000994682, 2.49234e-06
11351, 3.24079, 3.16053, 4.09046, 5.88362e-07, -0.618034, 7.00898, 6.66186, 0.222635, -0.224372, 0, -0.00454637, 2.49234e-06
11361, 3.1623, 3.08339, 4.06554, 5.88362e-07, -0.618034, 7.01248, 6.66186, 0.22446, -0.223919, 0, 0.00141786, 2.49234e-06
11371, 3.09181, 3.01528, 3.99415, 5.88362e-07, -0.618034, 6.31474, 5.96061, 0.222635, -0.222621, 0, 3.7834e-05, 2.49234e-06
11380, 3.02572, 2.95186, 4.02941, 5.88362e-07, -0.618034, 6.64783, 6.31124, 0.22446, -0.223262, 0, 0.00313759, 2.49234e-06
11390, 2.95699, 2.88022, 3.80069, 5.88362e-07, -0.618034, 6.31825, 6.31825, 0.217343, -0.219103, 0, -0.00460963, 2.49234e-06
11401, 2.88797, 2.81364, 3.65691, 5.88362e-07, -0.618034, 6.29721, 5.59947, 0.215637, -0.216489, 0, -0.00223137, 2.49234e-06
11411, 2.82105, 2.74945, 3.60297, 5.88362e-07, -0.618034, 5.96412, 5.96061, 0.215637, -0.215508, 0, 0.000336185, 2.49234e-06
11420, 2.7547, 2.68067, 3.36007, 5.88362e-07, -0.618034, 5.9571, 5.60999, 0.209086, -0.211092, 0, -0.0052512, 2.49234e-06
11430, 2.68935, 2.61818, 3.32326, 5.88362e-07, -0.618034, 5.60999, 5.25936, 0.210684, -0.210423, 0, 0.000684261, 2.49234e-06
11441, 2.63261, 2.56012, 3.30946, 5.88362e-07, -0.618034, 5.26287, 5.26287, 0.210684, -0.210172, 0, 0.00134143, 2.49234e-06
11451, 2.57678, 2.49785, 3.0411, 5.88362e-07, -0.618034, 5.25936, 5.25936, 0.202942, -0.205293, 0, -0.00615442, 2.49234e-06
11461, 2.51675, 2.43612, 2.99142, 5.88362e-07, -0.618034, 5.25936, 4.90874, 0.204442, -0.204389, 0, 0.000137672, 2.49234e-06
11470, 2.45981, 2.37794, 2.92179, 5.88362e-07, -0.618034, 4.90874, 4.90173, 0.202942, -0.203123, 0, -0.000475287, 2.49234e-06
11481, 2.40237, 2.3191, 2.94666, 5.88362e-07, -0.618034, 5.25235, 4.90874, 0.204442, -0.203576, 0, 0.00226812, 2.49234e-06
11491, 2.34544, 2.26594, 2.95599, 5.88362e-07, -0.618034, 4.90523, 4.55461, 0.204442, -0.203745, 0, 0.00182401, 2.49234e-06
11501, 2.28991, 2.21447, 2.71221, 5.88362e-07, -0.618034, 4.91224, 4.56162, 0.197167, -0.199313, 0, -0.00561745, 2.49234e-06
11510, 2.23387, 2.16248, 2.57351, 5.88362e-07, -0.618034, 4.56162, 4.20749, 0.195777, -0.196791, 0, -0.00265403, 2.49234e-06
11521, 2.18074, 2.10849, 2.56872, 5.88362e-07, -0.618034, 4.5511, 4.5511, 0.197167, -0.196704, 0, 0.00121245, 2.49234e-06
11531, 2.13226, 2.05964, 2.56693, 5.88362e-07, -0.618034, 4.20749, 3.85687, 0.197167, -0.196671, 0, 0.00129795, 2.49234e-06
11541, 2.08527, 2.01247, 2.33689, 5.88362e-07, -0.618034, 4.20749, 4.20749, 0.19042, -0.192489, 0, -0.00541764, 2.49234e-06
11550, 2.03405, 1.96056, 2.25059, 5.88362e-07, -0.618034, 4.20749, 3.85687, 0.19042, -0.19092, 0, -0.00130987, 2.49234e-06
11560, 1.9813, 1.91213, 2.21822, 5.88362e-07, -0.618034, 4.20398, 3.85687, 0.19042, -0.190331, 0, 0.000231117, 2.49234e-06
11571, 1.92569, 1.86051, 2.03421, 5.88362e-07, -0.618034, 4.20398, 3.85336, 0.185364, -0.186986, 0, -0.00424682, 2.49234e-06
11581, 1.87134, 1.80517, 1.96518, 5.88362e-07, -0.618034, 3.85687, 3.85336, 0.185364, -0.185731, 0, -0.000961021, 2.49234e-06
11590, 1.82506, 1.75354, 1.93929, 5.88362e-07, -0.618034, 3.50624, 3.50975, 0.185364, -0.18526, 0, 0.000271603, 2.49234e-06
11600, 1.78086, 1.70947, 1.76713, 5.88362e-07, -0.618034, 3.50274, 3.14861, 0.180585, -0.18213, 0, -0.00404496, 2.49234e-06
11611, 1.7335, 1.66193, 1.70254, 5.88362e-07, -0.618034, 3.50624, 3.50624, 0.180585, -0.180955, 0, -0.000970721, 2.49234e-06
11621, 1.68549, 1.61878, 1.71809, 5.88362e-07, -0.618034, 3.50274, 2.80499, 0.181755, -0.181238, 0, 0.00135256, 2.49234e-06
11630, 1.64191, 1.58582, 1.68414, 5.88362e-07, -0.618034, 3.15562, 2.80499, 0.180585, -0.180621, 0, -9.50098e-05, 2.49234e-06
11640, 1.60241, 1.55222, 1.67141, 5.88362e-07, -0.618034, 3.15211, 2.80149, 0.180585, -0.180389, 0, 0.000511065, 2.49234e-06
11651, 1.56061, 1.51083, 1.51285, 5.88362e-07, -0.618034, 3.15562, 3.15562, 0.17606, -0.177506, 0, -0.00378567, 2.49234e-06
11661, 1.5154, 1.46563, 1.4162, 5.88362e-07, -0.618034, 3.15211, 2.80149, 0.174967, -0.175749, 0, -0.0020479, 2.49234e-06
11671, 1.4736, 1.42947, 1.41711, 5.88362e-07, -0.618034, 2.80499, 2.45437, 0.17606, -0.175766, 0, 0.000771627, 2.49234e-06
11680, 1.44115, 1.39327, 1.41746, 5.88362e-07, -0.618034, 2.45437, 2.80499, 0.17606, -0.175772, 0, 0.000755295, 2.49234e-06
11691, 1.40926, 1.35246, 1.45526, 5.88362e-07, -0.618034, 2.80149, 2.80149, 0.177169, -0.176459, 0, 0.00185741, 2.49234e-06
11701, 1.37561, 1.32016, 1.28597, 5.88362e-07, -0.618034, 2.45437, 2.10374, 0.171771, -0.173381, 0, -0.00421488, 2.49234e-06
11711, 1.34349, 1.28438, 1.22247, 5.88362e-07, -0.618034, 2.45437, 2.80149, 0.171771, -0.172227, 0, -0.00119199, 2.49234e-06
11720, 1.31025, 1.2473, 1.19864, 5.88362e-07, -0.618034, 2.45086, 2.10374, 0.171771, -0.171794, 0, -5.80102e-05, 2.49234e-06
11730, 1.27657, 1.22014, 1.18971, 5.88362e-07, -0.618034, 2.45437, 2.10374, 0.171771, -0.171631, 0, 0.000367403, 2.49234e-06
11741, 1.24273, 1.18762, 1.18635, 5.88362e-07, -0.618034, 2.45086, 2.45086, 0.171771, -0.17157, 0, 0.000526994, 2.49234e-06
11751, 1.21352, 1.16027, 1.1851, 5.88362e-07, -0.618034, 2.10374, 1.75312, 0.171771, -0.171547, 0, 0.000586867, 2.49234e-06
11760, 1.18892, 1.13807, 1.18462, 5.88362e-07, -0.618034, 2.10374, 2.10374, 0.171771, -0.171539, 0, 0.000609308, 2.49234e-06
11770, 1.16676, 1.11329, 1.01252, 5.88362e-07, -0.618034, 1.74961, 1.75312, 0.166713, -0.168409, 0, -0.00444013, 2.49234e-06
11781, 1.14188, 1.09072, 0.981474, 5.88362e-07, -0.618034, 2.10374, 1.75312, 0.167699, -0.167845, 0, -0.000380948, 2.49234e-06
11791, 1.11643, 1.06756, 0.969827, 5.88362e-07, -0.618034, 1.74961, 1.74961, 0.167699, -0.167633, 0, 0.000173464, 2.49234e-06
11801, 1.09545, 1.04416, 0.965457, 5.88362e-07, -0.618034, 1.75312, 1.75312, 0.167699, -0.167554, 0, 0.00038144, 2.49234e-06
11810, 1.07435, 1.02062, 0.963818, 5.88362e-07, -0.618034, 1.75312, 1.75312, 0.167699, -0.167524, 0, 0.000459477, 2.49234e-06
11821, 1.05326, 1.00233, 0.963203, 5.88362e-07, -0.618034, 1.74961, 1.39899, 0.167699, -0.167513, 0, 0.000488743, 2.49234e-06
11831, 1.0351, 0.987304, 0.831396, 5.88362e-07, -0.618034, 1.4025, 1.4025, 0.163829, -0.165116, 0, -0.0033711, 2.49234e-06
11841, 1.01963, 0.964816, 0.814231, 5.88362e-07, -0.618034, 1.39899, 1.74961, 0.164778, -0.164804, 0, -6.77705e-05, 2.49234e-06
11850, 0.998725, 0.941493, 0.775511, 5.88362e-07, -0.618034, 1.75312, 1.4025, 0.163829, -0.1641, 0, -0.000710934, 2.49234e-06
11860, 0.977059, 0.927792, 0.760985, 5.88362e-07, -0.618034, 1.4025, 1.05187, 0.163829, -0.163836, 0, -1.95205e-05, 2.49234e-06
11871, 0.959864, 0.913844, 0.755535, 5.88362e-07, -0.618034, 1.39899, 1.39899, 0.163829, -0.163737, 0, 0.000239864, 2.49234e-06
11881, 0.942569, 0.894551, 0.753491, 5.88362e-07, -0.618034, 1.4025, 1.4025, 0.163829, -0.1637, 0, 0.000337183, 2.49234e-06
11890, 0.925189, 0.875164, 0.752724, 5.88362e-07, -0.618034, 1.4025, 1.4025, 0.163829, -0.163686, 0, 0.000373676, 2.49234e-06
11900, 0.907795, 0.860994, 0.752437, 5.88362e-07, -0.618034, 1.4025, 1.05187, 0.163829, -0.163681, 0, 0.000387371, 2.49234e-06
11911, 0.893459, 0.850236, 0.627094, 5.88362e-07, -0.618034, 1.04837, 1.04837, 0.160144, -0.161402, 0, -0.00329176, 2.49234e-06
11921, 0.876009, 0.830822, 0.519692, 5.88362e-07, -0.618034, 1.4025, 1.39899, 0.158368, -0.159449, 0, -0.00282989, 2.49234e-06
11930, 0.857343, 0.810052, 0.539782, 5.88362e-07, -0.618034, 1.05187, 1.05187, 0.160144, -0.159814, 0, 0.000864327, 2.49234e-06
11940, 0.839047, 0.794876, 0.547319, 5.88362e-07, -0.618034, 1.4025, 1.05187, 0.160144, -0.159951, 0, 0.000505581, 2.49234e-06
11951, 0.821301, 0.780313, 0.580886, 5.88362e-07, -0.618034, 1.05187, 1.05187, 0.161049, -0.160562, 0, 0.00127532, 2.49234e-06
11961, 0.8085, 0.766034, 0.562739, 5.88362e-07, -0.618034, 1.04837, 1.04837, 0.160144, -0.160232, 0, -0.000228405, 2.49234e-06
11971, 0.795365, 0.751381, 0.555931, 5.88362e-07, -0.618034, 1.05187, 1.05187, 0.160144, -0.160108, 0, 9.56506e-05, 2.49234e-06
11980, 0.782058, 0.736537, 0.553377, 5.88362e-07, -0.618034, 1.05187, 1.05187, 0.160144, -0.160061, 0, 0.000217214, 2.49234e-06
11991, 0.773396, 0.726926, 0.552419, 5.88362e-07, -0.618034, 0.701248, 0.697742, 0.160144, -0.160044, 0, 0.000262812, 2.49234e-06
12001, 0.764763, 0.717348, 0.55206, 5.88362e-07, -0.618034, 1.04837, 1.04837, 0.160144, -0.160037, 0, 0.000279918, 2.49234e-06
12011, 0.754526, 0.705929, 0.432582, 5.88362e-07, -0.618034, 0.701248, 0.701248, 0.156633, -0.157865, 0, -0.00322457, 2.49234e-06
12020, 0.742437, 0.697677, 0.417068, 5.88362e-07, -0.618034, 1.05187, 0.701248, 0.157496, -0.157583, 0, -0.000228927, 2.49234e-06
12030, 0.729716, 0.683486, 0.381942, 5.88362e-07, -0.618034, 0.697742, 1.04837, 0.156633, -0.156944, 0, -0.00081405, 2.49234e-06
12041, 0.721088, 0.673862, 0.368765, 5.88362e-07, -0.618034, 0.697742, 0.347118, 0.156633, -0.156705, 0, -0.000186816, 2.49234e-06
12051, 0.712171, 0.663914, 0.363822, 5.88362e-07, -0.618034, 0.701248, 1.05187, 0.156633, -0.156615, 0, 4.84884e-05, 2.49234e-06
12060, 0.703115, 0.653812, 0.361967, 5.88362e-07, -0.618034, 0.701248, 0.350624, 0.156633, -0.156581, 0, 0.000136763, 2.49234e-06
12070, 0.693638, 0.643293, 0.332308, 5.88362e-07, -0.618034, 0.701248, 1.04837, 0.155781, -0.156042, 0, -0.000682175, 2.49234e-06
12081, 0.68405, 0.632649, 0.350145, 5.88362e-07, -0.618034, 0.697742, 0.347118, 0.156633, -0.156366, 0, 0.000699505, 2.49234e-06
12091, 0.674837, 0.627605, 0.356836, 5.88362e-07, -0.618034, 0.697742, 0.697742, 0.156633, -0.156488, 0, 0.000380993, 2.49234e-06
12100, 0.666092, 0.61785, 0.388653, 5.88362e-07, -0.618034, 0.701248, 0.701248, 0.157496, -0.157066, 0, 0.00112365, 2.49234e-06
12110, 0.657493, 0.608258, 0.371282, 5.88362e-07, -0.618034, 0.701248, 0.701248, 0.156633, -0.156751, 0, -0.000306636, 2.49234e-06
12121, 0.648622, 0.603596, 0.364766, 5.88362e-07, -0.618034, 0.697742, 0.347118, 0.156633, -0.156632, 0, 3.54648e-06, 2.49234e-06
12131, 0.64437, 0.598852, 0.362321, 5.88362e-07, -0.618034, 0.347118, 0.697742, 0.156633, -0.156588, 0, 0.00011991, 2.49234e-06
12141, 0.640026, 0.594006, 0.361405, 5.88362e-07, -0.618034, 0.701248, 0.350624, 0.156633, -0.156571, 0, 0.000163555, 2.49234e-06
12150, 0.635618, 0.589089, 0.361061, 5.88362e-07, -0.618034, 0.350624, 0.701248, 0.156633, -0.156565, 0, 0.000179917, 2.49234e-06
12161, 0.63125, 0.584217, 0.360931, 5.88362e-07, -0.618034, 0.697742, 0.347118, 0.156633, -0.156562, 0, 0.000186071, 2.49234e-06
12171, 0.622628, 0.579832, 0.390189, 5.88362e-07, -0.618034, 0.697742, 0.697742, 0.157496, -0.157094, 0, 0.00105053, 2.49234e-06
12181, 0.616537, 0.573038, 0.203017, 5.88362e-07, -0.618034, 0.350624, 0.350624, 0.151666, -0.153691, 0, -0.00530119, 2.49234e-06
12190, 0.609261, 0.564922, 0.301643, 5.88362e-07, -0.618034, 0.697742, 0.697742, 0.156633, -0.155484, 0, 0.00300823, 2.49234e-06
12200, 0.603801, 0.55883, 0.338641, 5.88362e-07, -0.618034, 0.350624, 0.350624, 0.156633, -0.156157, 0, 0.00124708, 2.49234e-06
12211, 0.597497, 0.557032, 0.238666, 5.88362e-07, -0.618034, 0.697742, 0.347118, 0.153284, -0.154339, 0, -0.00276308, 2.49234e-06
12221, 0.589354, 0.547948, 0.201161, 5.88362e-07, -0.618034, 0.350624, 0.701248, 0.153284, -0.153657, 0, -0.000977844, 2.49234e-06
12230, 0.580521, 0.538042, 0.187092, 5.88362e-07, -0.618034, 0.697742, 0.350624, 0.153284, -0.153402, 0, -0.000308126, 2.49234e-06
12240, 0.571428, 0.533081, 0.181814, 5.88362e-07, -0.618034, 0.350624, 0.350624, 0.153284, -0.153306, 0, -5.68777e-05, 2.49234e-06
12251, 0.567258, 0.523195, 0.207805, 5.88362e-07, -0.618034, 0.350624, 0.701248, 0.154107, -0.153778, 0, 0.000860214, 2.49234e-06
12261, 0.558547, 0.513478, 0.189584, 5.88362e-07, -0.618034, 0.697742, 0.347118, 0.153284, -0.153447, 0, -0.000426754, 2.49234e-06
12270, 0.549501, 0.50862, 0.182749, 5.88362e-07, -0.618034, 0.350624, 0.350624, 0.153284, -0.153323, 0, -0.000101388, 2.49234e-06
12280, 0.545021, 0.503622, 0.180184, 5.88362e-07, -0.618034, 0.347118, 0.347118, 0.153284, -0.153276, 0, 2.06679e-05, 2.49234e-06
12291, 0.54054, 0.498572, 0.179222, 5.88362e-07, -0.618034, 0.347118, 0.350624, 0.153284, -0.153259, 0, 6.64592e-05, 2.49234e-06
12301, 0.535995, 0.493449, 0.178862, 5.88362e-07, -0.618034, 0.350624, 0.350624, 0.153284, -0.153252, 0, 8.36402e-05, 2.49234e-06
12311, 0.531443, 0.488372, 0.178726, 5.88362e-07, -0.618034, 0.347118, 0.347118, 0.153284, -0.15325, 0, 9.00775e-05, 2.49234e-06
12320, 0.526889, 0.478057, 0.178676, 5.88362e-07, -0.618034, 0.350624, 0.701248, 0.153284, -0.153249, 0, 9.24915e-05, 2.49234e-06
12331, 0.521551, 0.466869, 0.12367, 5.88362e-07, -0.618034, 0.350624, 0.350624, 0.151666, -0.152249, 0, -0.00152424, 2.49234e-06
12341, 0.515984, 0.46584, 0.158022, 5.88362e-07, -0.618034, 0.347118, 0, 0.153284, -0.152873, 0, 0.00107563, 2.49234e-06
12351, 0.511423, 0.465933, 0.198879, 5.88362e-07, -0.618034, 0.350624, 0.350624, 0.154107, -0.153616, 0, 0.00128508, 2.49234e-06
12360, 0.507614, 0.461632, 0.214206, 5.88362e-07, -0.618034, 0.347118, 0.350624, 0.154107, -0.153895, 0, 0.0005555, 2.49234e-06
12370, 0.503712, 0.457227, 0.191985, 5.88362e-07, -0.618034, 0.350624, 0.350624, 0.153284, -0.153491, 0, -0.000541061, 2.49234e-06
12381, 0.499402, 0.452419, 0.18365, 5.88362e-07, -0.618034, 0.347118, 0.347118, 0.153284, -0.153339, 0, -0.000144273, 2.49234e-06
12391, 0.494938, 0.44744, 0.180523, 5.88362e-07, -0.618034, 0.350624, 0.350624, 0.153284, -0.153282, 0, 4.57466e-06, 2.49234e-06
12400, 0.49, 0.447165, 0.1517, 5.88362e-07, -0.618034, 0.350624, 0, 0.152471, -0.152758, 0, -0.00075303, 2.49234e-06
12410, 0.489594, 0.446712, 0.168537, 5.88362e-07, -0.618034, 0, 0.350624, 0.153284, -0.153064, 0, 0.00057511, 2.49234e-06
12421, 0.489497, 0.441422, 0.174853, 5.88362e-07, -0.618034, 0.350624, 0.347118, 0.153284, -0.153179, 0, 0.00027445, 2.49234e-06
12431, 0.489891, 0.441913, 0.205193, 5.88362e-07, -0.618034, 0, 0, 0.154107, -0.153731, 0, 0.00098452, 2.49234e-06
12441, 0.489013, 0.440987, 0.0798665, 5.88362e-07, -0.618034, 0.350624, 0.347118, 0.150085, -0.151452, 0, -0.00357907, 2.49234e-06
12450, 0.48583, 0.437488, 0.0328514, 5.88362e-07, -0.618034, 0, 0, 0.150085, -0.150597, 0, -0.00134112, 2.49234e-06
12461, 0.481781, 0.433024, 0.0152144, 5.88362e-07, -0.618034, 0.350624, 0.347118, 0.150085, -0.150277, 0, -0.000501573, 2.49234e-06
12471, 0.472763, 0.428198, 0.00859804, 5.88362e-07, -0.618034, 0.347118, 0, 0.150085, -0.150156, 0, -0.000186637, 2.49234e-06
12481, 0.468315, 0.423184, 0.00611641, 5.88362e-07, -0.618034, 0, 0.350624, 0.150085, -0.150111, 0, -6.84857e-05, 2.49234e-06
12490, 0.463421, 0.412542, -0.0212398, 5.88362e-07, -0.618034, 0.350624, 0.347118, 0.149308, -0.149614, 0, -0.000801578, 2.49234e-06
12500, 0.453685, 0.406968, -0.0050772, 5.88362e-07, -0.618034, 0.350624, 0, 0.150085, -0.149908, 0, 0.00046432, 2.49234e-06
12511, 0.449296, 0.402072, 0.0277103, 5.88362e-07, -0.618034, 0, 0.350624, 0.150871, -0.150504, 0, 0.000961885, 2.49234e-06
12521, 0.445152, 0.39745, 0.0132859, 5.88362e-07, -0.618034, 0.350624, 0, 0.150085, -0.150242, 0, -0.000409782, 2.49234e-06
12530, 0.440744, 0.392532, 0.00787437, 5.88362e-07, -0.618034, 0, 0.350624, 0.150085, -0.150143, 0, -0.0001522, 2.49234e-06
12540, 0.436235, 0.387503, 0.00584431, 5.88362e-07, -0.618034, 0.350624, 0, 0.150085, -0.150106, 0, -5.55664e-05, 2.49234e-06
12551, 0.43169, 0.387666, 0.00508294, 5.88362e-07, -0.618034, 0, 0, 0.150085, -0.150092, 0, -1.93268e-05, 2.49234e-06
12561, 0.431822, 0.382579, 0.00479773, 5.88362e-07, -0.618034, 0, 0.350624, 0.150085, -0.150087, 0, -5.72205e-06, 2.49234e-06
12570, 0.431949, 0.377487, 0.00469036, 5.88362e-07, -0.618034, 0, 0, 0.150085, -0.150085, 0, -6.25849e-07, 2.49234e-06
12580, 0.42774, 0.372844, 0.0313745, 5.88362e-07, -0.618034, 0.350624, 0.347118, 0.150871, -0.15057, 0, 0.000787467, 2.49234e-06
12591, 0.424021, 0.368748, 0.0413847, 5.88362e-07, -0.618034, 0, 0, 0.150871, -0.150752, 0, 0.000310972, 2.49234e-06
12601, 0.424821, 0.369641, 0.0184156, 5.88362e-07, -0.618034, 0, 0, 0.150085, -0.150335, 0, -0.000653952, 2.49234e-06
12610, 0.420865, 0.370461, 0.036523, 5.88362e-07, -0.618034, 0.350624, 0, 0.150871, -0.150664, 0, 0.000542387, 2.49234e-06
12620, 0.416884, 0.371254, 0.0165921, 5.88362e-07, -0.618034, 0, 0, 0.150085, -0.150302, 0, -0.000567138, 2.49234e-06
12631, 0.417228, 0.366404, 0.00911519, 5.88362e-07, -0.618034, 0, 0.350624, 0.150085, -0.150166, 0, -0.000211239, 2.49234e-06
12641, 0.417434, 0.3614, 0.00630982, 5.88362e-07, -0.618034, 0, 0, 0.150085, -0.150115, 0, -7.77245e-05, 2.49234e-06
12651, 0.417589, 0.361573, 0.0052575, 5.88362e-07, -0.618034, 0, 0, 0.150085, -0.150096, 0, -2.76268e-05, 2.49234e-06
12660, 0.417371, 0.361329, -0.0215619, 5.88362e-07, -0.618034, 0, 0, 0.149308, -0.149608, 0, -0.00078623, 2.49234e-06
12670, 0.417013, 0.36093, -0.00519849, 5.88362e-07, -0.618034, 0, 0, 0.150085, -0.149905, 0, 0.000470072, 2.49234e-06
12681, 0.416956, 0.360866, 0.00094004, 5.88362e-07, -0.618034, 0, 0, 0.150085, -0.150017, 0, 0.000177875, 2.49234e-06
12691, 0.417369, 0.361327, 0.0299674, 5.88362e-07, -0.618034, 0, 0, 0.150871, -0.150545, 0, 0.000854447, 2.49234e-06
12700, 0.417959, 0.361986, 0.0141326, 5.88362e-07, -0.618034, 0, 0, 0.150085, -0.150257, 0, -0.000450075, 2.49234e-06
12710, 0.418258, 0.362319, 0.00819236, 5.88362e-07, -0.618034, 0, 0, 0.150085, -0.150149, 0, -0.000167325, 2.49234e-06
12721, 0.418447, 0.36253, 0.00596397, 5.88362e-07, -0.618034, 0, 0, 0.150085, -0.150108, 0, -6.12438e-05, 2.49234e-06
12731, 0.413951, 0.362696, 0.00512801, 5.88362e-07, -0.618034, 0.347118, 0, 0.150085, -0.150093, 0, -2.14577e-05, 2.49234e-06
12740, 0.409439, 0.362844, 0.00481412, 5.88362e-07, -0.618034, 0, 0, 0.150085, -0.150088, 0, -6.52671e-06, 2.49234e-06
12750, 0.409566, 0.362986, 0.00469692, 5.88362e-07, -0.618034, 0, 0, 0.150085, -0.150085, 0, -9.23872e-07, 2.49234e-06
12761, 0.410049, 0.363525, 0.031377, 5.88362e-07, -0.618034, 0, 0, 0.150871, -0.15057, 0, 0.000787348, 2.49234e-06
12771, 0.410665, 0.364212, 0.0146612, 5.88362e-07, -0.618034, 0, 0, 0.150085, -0.150267, 0, -0.000475258, 2.49234e-06
12780, 0.410974, 0.364556, 0.00839069, 5.88362e-07, -0.618034, 0, 0, 0.150085, -0.150153, 0, -0.000176758, 2.49234e-06
12790, 0.411167, 0.364772, 0.00603855, 5.88362e-07, -0.618034, 0, 0, 0.150085, -0.15011, 0, -6.47902e-05, 2.49234e-06
12801, 0.411316, 0.364939, 0.00515588, 5.88362e-07, -0.618034, 0, 0, 0.150085, -0.150094, 0, -2.27839e-05, 2.49234e-06
12811, 0.411096, 0.364693, -0.0216004, 5.88362e-07, -0.618034, 0, 0, 0.149308, -0.149607, 0, -0.000784427, 2.49234e-06
12821, 0.410738, 0.364293, -0.00521243, 5.88362e-07, -0.618034, 0, 0, 0.150085, -0.149905, 0, 0.000470757, 2.49234e-06
12830, 0.41068, 0.364229, 0.000935122, 5.88362e-07, -0.618034, 0, 0, 0.150085, -0.150017, 0, 0.000178114, 2.49234e-06
12840, 0.411094, 0.36469, 0.0299657, 5.88362e-07, -0.618034, 0, 0, 0.150871, -0.150545, 0, 0.000854522, 2.49234e-06
12851, 0.411684, 0.365349, 0.0141317, 5.88362e-07, -0.618034, 0, 0, 0.150085, -0.150257, 0, -0.000450045, 2.49234e-06
12861, 0.411983, 0.365682, 0.00819236, 5.88362e-07, -0.618034, 0, 0, 0.150085, -0.150149, 0, -0.00016731, 2.49234e-06
12870, 0.412172, 0.365893, 0.00596397, 5.88362e-07, -0.618034, 0, 0, 0.150085, -0.150108, 0, -6.12438e-05, 2.49234e-06
12880, 0.412321, 0.366059, 0.00512801, 5.88362e-07, -0.618034, 0, 0, 0.150085, -0.150093, 0, -2.14577e-05, 2.49234e-06
12891, 0.412454, 0.366207, 0.00481412, 5.88362e-07, -0.618034, 0, 0, 0.150085, -0.150088, 0, -6.52671e-06, 2.49234e-06
12901, 0.412581, 0.366349, 0.00469692, 5.88362e-07, -0.618034, 0, 0, 0.150085, -0.150085, 0, -9.23872e-07, 2.49234e-06
12910, 0.413064, 0.366888, 0.031377, 5.88362e-07, -0.618034, 0, 0, 0.150871, -0.15057, 0, 0.000787348, 2.49234e-06
12920, 0.413326, 0.36718, -0.0117632, 5.88362e-07, -0.618034, 0, 0, 0.149308, -0.149786, 0, -0.00125265, 2.49234e-06
12931, 0.413148, 0.366982, -0.00152193, 5.88362e-07, -0.618034, 0, 0, 0.150085, -0.149972, 0, 0.000295088, 2.49234e-06
12941, 0.413517, 0.367393, 0.0290437, 5.88362e-07, -0.618034, 0, 0, 0.150871, -0.150528, 0, 0.000898406, 2.49234e-06
12950, 0.41409, 0.368032, 0.0137859, 5.88362e-07, -0.618034, 0, 0, 0.150085, -0.150251, 0, -0.000433594, 2.49234e-06
12960, 0.414382, 0.368358, 0.00806205, 5.88362e-07, -0.618034, 0, 0, 0.150085, -0.150147, 0, -0.000161126, 2.49234e-06
12971, 0.414569, 0.368567, 0.00591479, 5.88362e-07, -0.618034, 0, 0, 0.150085, -0.150108, 0, -5.89192e-05, 2.49234e-06
12981, 0.414717, 0.368732, 0.00510916, 5.88362e-07, -0.618034, 0, 0, 0.150085, -0.150093, 0, -2.05785e-05, 2.49234e-06
12991, 0.415207, 0.369279, 0.0315311, 5.88362e-07, -0.618034, 0, 0, 0.150871, -0.150573, 0, 0.000779986, 2.49234e-06
13000, 0.415826, 0.369969, 0.0147194, 5.88362e-07, -0.618034, 0, 0, 0.150085, -0.150268, 0, -0.000477999, 2.49234e-06
13010, 0.416135, 0.370314, 0.00841282, 5.88362e-07, -0.618034, 0, 0, 0.150085, -0.150153, 0, -0.000177801, 2.49234e-06
13021, 0.416687, 0.370929, 0.0327711, 5.88362e-07, -0.618034, 0, 0, 0.150871, -0.150596, 0, 0.000720993, 2.49234e-06
13031, 0.417328, 0.371645, 0.0151841, 5.88362e-07, -0.618034, 0, 0, 0.150085, -0.150276, 0, -0.000500143, 2.49234e-06
13040, 0.417646, 0.372, 0.00858657, 5.88362e-07, -0.618034, 0, 0, 0.150085, -0.150156, 0, -0.000186101, 2.49234e-06
13050, 0.417843, 0.372219, 0.00611231, 5.88362e-07, -0.618034, 0, 0, 0.150085, -0.150111, 0, -6.8292e-05, 2.49234e-06
13061, 0.417994, 0.372388, 0.00518374, 5.88362e-07, -0.618034, 0, 0, 0.150085, -0.150094, 0, -2.41101e-05, 2.49234e-06
13071, 0.417425, 0.371753, -0.0477207, 5.88362e-07, -0.618034, 0, 0, 0.148539, -0.149132, 0, -0.00155367, 2.49234e-06
13080, 0.416586, 0.370816, -0.0150111, 5.88362e-07, -0.618034, 0, 0, 0.150085, -0.149727, 0, 0.000937179, 2.49234e-06
13090, 0.416706, 0.37095, 0.0239829, 5.88362e-07, -0.618034, 0, 0, 0.150871, -0.150436, 0, 0.00113928, 2.49234e-06
13101, 0.417543, 0.371885, 0.0386113, 5.88362e-07, -0.618034, 0, 0, 0.150871, -0.150702, 0, 0.000442967, 2.49234e-06
13111, 0.418292, 0.372721, 0.0173756, 5.88362e-07, -0.618034, 0, 0, 0.150085, -0.150316, 0, -0.000604436, 2.49234e-06
13120, 0.418651, 0.37312, 0.00940859, 5.88362e-07, -0.618034, 0, 0, 0.150085, -0.150171, 0, -0.000225231, 2.49234e-06
13130, 0.418863, 0.368175, 0.00642046, 5.88362e-07, -0.618034, 0, 0.347118, 0.150085, -0.150117, 0, -8.29697e-05, 2.49234e-06
13140, 0.419739, 0.363971, 0.0590504, 5.88362e-07, -0.618034, 0, 0, 0.151666, -0.151074, 0, 0.00155169, 2.49234e-06
13151, 0.420864, 0.365226, 0.0250426, 5.88362e-07, -0.618034, 0, 0, 0.150085, -0.150455, 0, -0.00096941, 2.49234e-06
13161, 0.421363, 0.365783, 0.0122853, 5.88362e-07, -0.618034, 0, 0, 0.150085, -0.150223, 0, -0.000362143, 2.49234e-06
13170, 0.421986, 0.366478, 0.0342233, 5.88362e-07, -0.618034, 0, 0, 0.150871, -0.150622, 0, 0.000651851, 2.49234e-06
13180, 0.422654, 0.367223, 0.0157291, 5.88362e-07, -0.618034, 0, 0, 0.150085, -0.150286, 0, -0.000526085, 2.49234e-06
13191, 0.422982, 0.367589, 0.00879146, 5.88362e-07, -0.618034, 0, 0, 0.150085, -0.15016, 0, -0.000195831, 2.49234e-06
13201, 0.423183, 0.367813, 0.00618853, 5.88362e-07, -0.618034, 0, 0, 0.150085, -0.150113, 0, -7.19428e-05, 2.49234e-06
13210, 0.423335, 0.367983, 0.00521243, 5.88362e-07, -0.618034, 0, 0, 0.150085, -0.150095, 0, -2.54661e-05, 2.49234e-06
13220, 0.42347, 0.368133, 0.00484608, 5.88362e-07, -0.618034, 0, 0, 0.150085, -0.150088, 0, -8.03173e-06, 2.49234e-06
13231, 0.423598, 0.368276, 0.00470839, 5.88362e-07, -0.618034, 0, 0, 0.150085, -0.150086, 0, -1.49012e-06, 2.49234e-06
13241, 0.423723, 0.368416, 0.00465676, 5.88362e-07, -0.618034, 0, 0, 0.150085, -0.150085, 0, 9.68575e-07, 2.49234e-06
13250, 0.424205, 0.368953, 0.0313614, 5.88362e-07, -0.618034, 0, 0, 0.150871, -0.15057, 0, 0.000788078, 2.49234e-06
13260, 0.424821, 0.36964, 0.0146554, 5.88362e-07, -0.618034, 0, 0, 0.150085, -0.150266, 0, -0.000474975, 2.49234e-06
13271, 0.425129, 0.369984, 0.00838824, 5.88362e-07, -0.618034, 0, 0, 0.150085, -0.150153, 0, -0.000176653, 2.49234e-06
13281, 0.425322, 0.3702, 0.00603773, 5.88362e-07, -0.618034, 0, 0, 0.150085, -0.15011, 0, -6.47455e-05, 2.49234e-06
13291, 0.425472, 0.370367, 0.00515588, 5.88362e-07, -0.618034, 0, 0, 0.150085, -0.150094, 0, -2.2769e-05, 2.49234e-06
13300, 0.425606, 0.370516, 0.00482477, 5.88362e-07, -0.618034, 0, 0, 0.150085, -0.150088, 0, -7.03335e-06, 2.49234e-06
13310, 0.425733, 0.370658, 0.00470102, 5.88362e-07, -0.618034, 0, 0, 0.150085, -0.150085, 0, -1.11759e-06, 2.49234e-06
13321, 0.426216, 0.371196, 0.0313778, 5.88362e-07, -0.618034, 0, 0, 0.150871, -0.15057, 0, 0.000787288, 2.49234e-06
13331, 0.421786, 0.371489, -0.0117632, 5.88362e-07, -0.618034, 0.350624, 0, 0.149308, -0.149786, 0, -0.00125267, 2.49234e-06
13340, 0.416917, 0.371291, -0.00152193, 5.88362e-07, -0.618034, 0, 0, 0.150085, -0.149972, 0, 0.000295088, 2.49234e-06
13350, 0.417285, 0.371702, 0.0290437, 5.88362e-07, -0.618034, 0, 0, 0.150871, -0.150528, 0, 0.000898406, 2.49234e-06
13361, 0.417858, 0.372341, 0.0137859, 5.88362e-07, -0.618034, 0, 0, 0.150085, -0.150251, 0, -0.000433594, 2.49234e-06
13371, 0.418151, 0.372667, 0.00806205, 5.88362e-07, -0.618034, 0, 0, 0.150085, -0.150147, 0, -0.000161126, 2.49234e-06
13380, 0.418338, 0.372876, 0.00591479, 5.88362e-07, -0.618034, 0, 0, 0.150085, -0.150108, 0, -5.89192e-05, 2.49234e-06
13390, 0.418485, 0.367806, 0.00510916, 5.88362e-07, -0.618034, 0, 0.350624, 0.150085, -0.150093, 0, -2.05785e-05, 2.49234e-06
13401, 0.418264, 0.362326, -0.0216176, 5.88362e-07, -0.618034, 0, 0, 0.149308, -0.149607, 0, -0.000783592, 2.49234e-06
13411, 0.417905, 0.361925, -0.00521898, 5.88362e-07, -0.618034, 0, 0, 0.150085, -0.149905, 0, 0.00047107, 2.49234e-06
13420, 0.418205, 0.36226, 0.027657, 5.88362e-07, -0.618034, 0, 0, 0.150871, -0.150503, 0, 0.000964418, 2.49234e-06
13430, 0.414466, 0.36327, 0.0399898, 5.88362e-07, -0.618034, 0.347118, 0, 0.150871, -0.150727, 0, 0.000377357, 2.49234e-06
13441, 0.410595, 0.364134, 0.0178927, 5.88362e-07, -0.618034, 0, 0, 0.150085, -0.150325, 0, -0.000629053, 2.49234e-06
13451, 0.410963, 0.364545, 0.00960283, 5.88362e-07, -0.618034, 0, 0, 0.150085, -0.150175, 0, -0.00023447, 2.49234e-06
13461, 0.411179, 0.359551, 0.0064934, 5.88362e-07, -0.618034, 0, 0.350624, 0.150085, -0.150118, 0, -8.64416e-05, 2.49234e-06
13470, 0.411337, 0.354493, 0.00532635, 5.88362e-07, -0.618034, 0, 0, 0.150085, -0.150097, 0, -3.0905e-05, 2.49234e-06
13480, 0.411831, 0.355045, 0.031613, 5.88362e-07, -0.618034, 0, 0, 0.150871, -0.150575, 0, 0.000776112, 2.49234e-06
13491, 0.412451, 0.355737, 0.0147505, 5.88362e-07, -0.618034, 0, 0, 0.150085, -0.150268, 0, -0.000479475, 2.49234e-06
13501, 0.40807, 0.356083, 0.0084243, 5.88362e-07, -0.618034, 0.350624, 0, 0.150085, -0.150153, 0, -0.000178352, 2.49234e-06
13510, 0.403572, 0.356299, 0.00605084, 5.88362e-07, -0.618034, 0, 0, 0.150085, -0.15011, 0, -6.53863e-05, 2.49234e-06
13520, 0.403722, 0.356466, 0.00516079, 5.88362e-07, -0.618034, 0, 0, 0.150085, -0.150094, 0, -2.30074e-05, 2.49234e-06
13531, 0.403855, 0.351381, 0.00482641, 5.88362e-07, -0.618034, 0, 0.350624, 0.150085, -0.150088, 0, -7.10785e-06, 2.49234e-06
13541, 0.403983, 0.34629, 0.00470102, 5.88362e-07, -0.618034, 0, 0, 0.150085, -0.150085, 0, -1.14739e-06, 2.49234e-06
13550, 0.403754, 0.346035, -0.0217709, 5.88362e-07, -0.618034, 0, 0, 0.149308, -0.149604, 0, -0.000776291, 2.49234e-06
13560, 0.398747, 0.345631, -0.00527635, 5.88362e-07, -0.618034, 0.347118, 0, 0.150085, -0.149904, 0, 0.000473797, 2.49234e-06
13571, 0.394044, 0.345566, 0.000911355, 5.88362e-07, -0.618034, 0, 0, 0.150085, -0.150017, 0, 0.000179261, 2.49234e-06
13581, 0.394457, 0.346027, 0.0299567, 5.88362e-07, -0.618034, 0, 0, 0.150871, -0.150545, 0, 0.000854954, 2.49234e-06
13590, 0.395047, 0.346685, 0.0141285, 5.88362e-07, -0.618034, 0, 0, 0.150085, -0.150257, 0, -0.000449896, 2.49234e-06
13600, 0.395346, 0.341836, 0.00819072, 5.88362e-07, -0.618034, 0, 0.347118, 0.150085, -0.150149, 0, -0.000167251, 2.49234e-06
13611, 0.39089, 0.336866, 0.00596315, 5.88362e-07, -0.618034, 0.347118, 0, 0.150085, -0.150108, 0, -6.1214e-05, 2.49234e-06
13621, 0.386394, 0.337032, 0.00512801, 5.88362e-07, -0.618034, 0, 0, 0.150085, -0.150093, 0, -2.14428e-05, 2.49234e-06
13631, 0.386884, 0.337579, 0.0315385, 5.88362e-07, -0.618034, 0, 0, 0.150871, -0.150573, 0, 0.000779659, 2.49234e-06
13640, 0.387503, 0.33827, 0.0147218, 5.88362e-07, -0.618034, 0, 0, 0.150085, -0.150268, 0, -0.000478134, 2.49234e-06
13650, 0.38817, 0.33378, 0.0351372, 5.88362e-07, -0.618034, 0, 0.350624, 0.150871, -0.150639, 0, 0.00060834, 2.49234e-06
13661, 0.384568, 0.329709, 0.042796, 5.88362e-07, -0.618034, 0.347118, 0, 0.150871, -0.150778, 0, 0.000243783, 2.49234e-06
13671, 0.38075, 0.330631, 0.018945, 5.88362e-07, -0.618034, 0, 0, 0.150085, -0.150344, 0, -0.000679165, 2.49234e-06
13680, 0.381137, 0.331063, 0.00999786, 5.88362e-07, -0.618034, 0, 0, 0.150085, -0.150182, 0, -0.00025326, 2.49234e-06
13690, 0.38136, 0.32613, 0.00664093, 5.88362e-07, -0.618034, 0, 0.347118, 0.150085, -0.150121, 0, -9.34899e-05, 2.49234e-06
13701, 0.38152, 0.321128, 0.00538208, 5.88362e-07, -0.618034, 0, 0, 0.150085, -0.150098, 0, -3.35425e-05, 2.49234e-06
13711, 0.381658, 0.321281, 0.00491001, 5.88362e-07, -0.618034, 0, 0, 0.150085, -0.150089, 0, -1.10716e-05, 2.49234e-06
13720, 0.381787, 0.321425, 0.00473298, 5.88362e-07, -0.618034, 0, 0, 0.150085, -0.150086, 0, -2.63751e-06, 2.49234e-06
13730, 0.377626, 0.321964, 0.0313901, 5.88362e-07, -0.618034, 0.347118, 0, 0.150871, -0.150571, 0, 0.000786707, 2.49234e-06
13741, 0.373597, 0.322652, 0.0146661, 5.88362e-07, -0.618034, 0, 0, 0.150085, -0.150267, 0, -0.000475481, 2.49234e-06
13751, 0.373905, 0.322996, 0.00839233, 5.88362e-07, -0.618034, 0, 0, 0.150085, -0.150153, 0, -0.000176847, 2.49234e-06
13760, 0.374456, 0.32361, 0.0327629, 5.88362e-07, -0.618034, 0, 0, 0.150871, -0.150596, 0, 0.000721365, 2.49234e-06
13770, 0.375098, 0.324326, 0.0151808, 5.88362e-07, -0.618034, 0, 0, 0.150085, -0.150276, 0, -0.000499994, 2.49234e-06
13780, 0.375416, 0.324681, 0.00858575, 5.88362e-07, -0.618034, 0, 0, 0.150085, -0.150156, 0, -0.000186041, 2.49234e-06
13791, 0.375612, 0.3249, 0.00611149, 5.88362e-07, -0.618034, 0, 0, 0.150085, -0.150111, 0, -6.82771e-05, 2.49234e-06
13801, 0.375764, 0.325069, 0.00518374, 5.88362e-07, -0.618034, 0, 0, 0.150085, -0.150094, 0, -2.40952e-05, 2.49234e-06
13810, 0.375544, 0.324824, -0.0215898, 5.88362e-07, -0.618034, 0, 0, 0.149308, -0.149607, 0, -0.000784919, 2.49234e-06
13820, 0.375185, 0.324424, -0.00520833, 5.88362e-07, -0.618034, 0, 0, 0.150085, -0.149905, 0, 0.000470564, 2.49234e-06
13831, 0.375486, 0.324759, 0.0276611, 5.88362e-07, -0.618034, 0, 0, 0.150871, -0.150503, 0, 0.000964224, 2.49234e-06
13841, 0.376391, 0.325769, 0.0399914, 5.88362e-07, -0.618034, 0, 0, 0.150871, -0.150727, 0, 0.000377283, 2.49234e-06
13850, 0.377166, 0.326633, 0.0178927, 5.88362e-07, -0.618034, 0, 0, 0.150085, -0.150325, 0, -0.000629082, 2.49234e-06
13860, 0.377534, 0.327044, 0.00960283, 5.88362e-07, -0.618034, 0, 0, 0.150085, -0.150175, 0, -0.00023447, 2.49234e-06
13871, 0.377749, 0.327284, 0.0064934, 5.88362e-07, -0.618034, 0, 0, 0.150085, -0.150118, 0, -8.64416e-05, 2.49234e-06
13881, 0.378265, 0.327859, 0.0320507, 5.88362e-07, -0.618034, 0, 0, 0.150871, -0.150583, 0, 0.00075528, 2.49234e-06
13890, 0.378893, 0.32856, 0.0149144, 5.88362e-07, -0.618034, 0, 0, 0.150085, -0.150271, 0, -0.000487283, 2.49234e-06
13900, 0.379206, 0.32891, 0.00848576, 5.88362e-07, -0.618034, 0, 0, 0.150085, -0.150154, 0, -0.000181288, 2.49234e-06
13911, 0.379401, 0.329127, 0.00607379, 5.88362e-07, -0.618034, 0, 0, 0.150085, -0.15011, 0, -6.6489e-05, 2.49234e-06
13921, 0.379552, 0.329295, 0.00516899, 5.88362e-07, -0.618034, 0, 0, 0.150085, -0.150094, 0, -2.34246e-05, 2.49234e-06
13931, 0.379686, 0.329444, 0.00482969, 5.88362e-07, -0.618034, 0, 0, 0.150085, -0.150088, 0, -7.25687e-06, 2.49234e-06
13940, 0.379813, 0.329586, 0.00470266, 5.88362e-07, -0.618034, 0, 0, 0.150085, -0.150085, 0, -1.20699e-06, 2.49234e-06
13950, 0.379938, 0.329726, 0.0046543, 5.88362e-07, -0.618034, 0, 0, 0.150085, -0.150085, 0, 1.07288e-06, 2.49234e-06
13961, 0.379709, 0.324289, -0.0217881, 5.88362e-07, -0.618034, 0, 0.347118, 0.149308, -0.149604, 0, -0.000775456, 2.49234e-06
13971, 0.379347, 0.318703, -0.00528291, 5.88362e-07, -0.618034, 0, 0, 0.150085, -0.149904, 0, 0.00047411, 2.49234e-06
13980, 0.379288, 0.318638, 0.000908896, 5.88362e-07, -0.618034, 0, 0, 0.150085, -0.150017, 0, 0.00017938, 2.49234e-06
13990, 0.379701, 0.319098, 0.0299559, 5.88362e-07, -0.618034, 0, 0, 0.150871, -0.150545, 0, 0.000854999, 2.49234e-06
14001, 0.380291, 0.319756, 0.0141285, 5.88362e-07, -0.618034, 0, 0, 0.150085, -0.150257, 0, -0.000449881, 2.49234e-06
14011, 0.38059, 0.32009, 0.00819072, 5.88362e-07, -0.618034, 0, 0, 0.150085, -0.150149, 0, -0.000167251, 2.49234e-06
14020, 0.376087, 0.320301, 0.00596315, 5.88362e-07, -0.618034, 0.350624, 0, 0.150085, -0.150108, 0, -6.1214e-05, 2.49234e-06
14030, 0.371544, 0.320466, 0.00512801, 5.88362e-07, -0.618034, 0, 0, 0.150085, -0.150093, 0, -2.14428e-05, 2.49234e-06
14041, 0.371677, 0.320615, 0.00481412, 5.88362e-07, -0.618034, 0, 0, 0.150085, -0.150088, 0, -6.52671e-06, 2.49234e-06
14051, 0.371804, 0.320757, 0.00469692, 5.88362e-07, -0.618034, 0, 0, 0.150085, -0.150085, 0, -9.23872e-07, 2.49234e-06
14060, 0.372287, 0.321295, 0.031377, 5.88362e-07, -0.618034, 0, 0, 0.150871, -0.15057, 0, 0.000787348, 2.49234e-06
14070, 0.372549, 0.321588, -0.0117632, 5.88362e-07, -0.618034, 0, 0, 0.149308, -0.149786, 0, -0.00125265, 2.49234e-06
14081, 0.372372, 0.32139, -0.00152193, 5.88362e-07, -0.618034, 0, 0, 0.150085, -0.149972, 0, 0.000295088, 2.49234e-06
14091, 0.372382, 0.321402, 0.00231937, 5.88362e-07, -0.618034, 0, 0, 0.150085, -0.150042, 0, 0.000112221, 2.49234e-06
14101, 0.372464, 0.321492, 0.00376098, 5.88362e-07, -0.618034, 0, 0, 0.150085, -0.150068, 0, 4.36306e-05, 2.49234e-06
14110, 0.371868, 0.320828, -0.0482551, 5.88362e-07, -0.618034, 0, 0, 0.148539, -0.149123, 0, -0.00152826, 2.49234e-06
14120, 0.371019, 0.319881, -0.0152119, 5.88362e-07, -0.618034, 0, 0, 0.150085, -0.149723, 0, 0.00094673, 2.49234e-06
14131, 0.370778, 0.319612, -0.00281602, 5.88362e-07, -0.618034, 0, 0, 0.150085, -0.149949, 0, 0.000356674, 2.49234e-06
14141, 0.371122, 0.319996, 0.0285577, 5.88362e-07, -0.618034, 0, 0, 0.150871, -0.150519, 0, 0.000921518, 2.49234e-06
14150, 0.371686, 0.320625, 0.0136039, 5.88362e-07, -0.618034, 0, 0, 0.150085, -0.150247, 0, -0.000424907, 2.49234e-06
14160, 0.371975, 0.320948, 0.00799403, 5.88362e-07, -0.618034, 0, 0, 0.150085, -0.150145, 0, -0.000157878, 2.49234e-06
14171, 0.372519, 0.321554, 0.0326137, 5.88362e-07, -0.618034, 0, 0, 0.150871, -0.150593, 0, 0.000728473, 2.49234e-06
14181, 0.373158, 0.322267, 0.0151251, 5.88362e-07, -0.618034, 0, 0, 0.150085, -0.150275, 0, -0.000497341, 2.49234e-06
14190, 0.373475, 0.32262, 0.00856444, 5.88362e-07, -0.618034, 0, 0, 0.150085, -0.150156, 0, -0.000185043, 2.49234e-06
14200, 0.373671, 0.322839, 0.00610329, 5.88362e-07, -0.618034, 0, 0, 0.150085, -0.150111, 0, -6.78897e-05, 2.49234e-06
14211, 0.373822, 0.323008, 0.00518046, 5.88362e-07, -0.618034, 0, 0, 0.150085, -0.150094, 0, -2.39462e-05, 2.49234e-06
14221, 0.373602, 0.322763, -0.0215906, 5.88362e-07, -0.618034, 0, 0, 0.149308, -0.149607, 0, -0.000784859, 2.49234e-06
14230, 0.373244, 0.322363, -0.00520833, 5.88362e-07, -0.618034, 0, 0, 0.150085, -0.149905, 0, 0.000470579, 2.49234e-06
14240, 0.373544, 0.322698, 0.0276611, 5.88362e-07, -0.618034, 0, 0, 0.150871, -0.150503, 0, 0.000964224, 2.49234e-06
14251, 0.374092, 0.323309, 0.0132679, 5.88362e-07, -0.618034, 0, 0, 0.150085, -0.150241, 0, -0.000408903, 2.49234e-06
14261, 0.374375, 0.323624, 0.00786781, 5.88362e-07, -0.618034, 0, 0, 0.150085, -0.150143, 0, -0.000151888, 2.49234e-06
14271, 0.374558, 0.323829, 0.00584185, 5.88362e-07, -0.618034, 0, 0, 0.150085, -0.150106, 0, -5.54472e-05, 2.49234e-06
14280, 0.374704, 0.323992, 0.00508212, 5.88362e-07, -0.618034, 0, 0, 0.150085, -0.150092, 0, -1.92821e-05, 2.49234e-06
14290, 0.375194, 0.324538, 0.0315212, 5.88362e-07, -0.618034, 0, 0, 0.150871, -0.150573, 0, 0.000780478, 2.49234e-06
14301, 0.375813, 0.325229, 0.0147161, 5.88362e-07, -0.618034, 0, 0, 0.150085, -0.150268, 0, -0.000477836, 2.49234e-06
14311, 0.37648, 0.325973, 0.0351355, 5.88362e-07, -0.618034, 0, 0, 0.150871, -0.150639, 0, 0.000608444, 2.49234e-06
14320, 0.377523, 0.327136, 0.0427952, 5.88362e-07, -0.618034, 0, 0, 0.150871, -0.150778, 0, 0.000243813, 2.49234e-06
14330, 0.378349, 0.328058, 0.018945, 5.88362e-07, -0.618034, 0, 0, 0.150085, -0.150344, 0, -0.00067915, 2.49234e-06
14341, 0.378736, 0.32849, 0.00999786, 5.88362e-07, -0.618034, 0, 0, 0.150085, -0.150182, 0, -0.00025326, 2.49234e-06
14351, 0.378959, 0.328738, 0.00664093, 5.88362e-07, -0.618034, 0, 0, 0.150085, -0.150121, 0, -9.34899e-05, 2.49234e-06
14360, 0.37912, 0.328918, 0.00538208, 5.88362e-07, -0.618034, 0, 0, 0.150085, -0.150098, 0, -3.35425e-05, 2.49234e-06
14370, 0.378554, 0.328287, -0.0476462, 5.88362e-07, -0.618034, 0, 0, 0.148539, -0.149134, 0, -0.00155722, 2.49234e-06
14381, 0.377716, 0.327352, -0.0149833, 5.88362e-07, -0.618034, 0, 0, 0.150085, -0.149728, 0, 0.000935853, 2.49234e-06
14391, 0.377837, 0.327486, 0.0239936, 5.88362e-07, -0.618034, 0, 0, 0.150871, -0.150436, 0, 0.00113878, 2.49234e-06
14400, 0.378675, 0.328421, 0.0386154, 5.88362e-07, -0.618034, 0, 0, 0.150871, -0.150702, 0, 0.000442773, 2.49234e-06
14410, 0.379424, 0.329257, 0.0173772, 5.88362e-07, -0.618034, 0, 0, 0.150085, -0.150316, 0, -0.00060451, 2.49234e-06
14420, 0.379782, 0.329657, 0.00940941, 5.88362e-07, -0.618034, 0, 0, 0.150085, -0.150171, 0, -0.000225261, 2.49234e-06
14431, 0.379994, 0.329893, 0.00642046, 5.88362e-07, -0.618034, 0, 0, 0.150085, -0.150117, 0, -8.29846e-05, 2.49234e-06
14441, 0.380151, 0.330068, 0.0052993, 5.88362e-07, -0.618034, 0, 0, 0.150085, -0.150096, 0, -2.96086e-05, 2.49234e-06
14450, 0.380287, 0.324986, 0.00487886, 5.88362e-07, -0.618034, 0, 0.350624, 0.150085, -0.150089, 0, -9.58145e-06, 2.49234e-06
14460, 0.380416, 0.319895, 0.00472069, 5.88362e-07, -0.618034, 0, 0, 0.150085, -0.150086, 0, -2.08616e-06, 2.49234e-06
14471, 0.376254, 0.320434, 0.0313852, 5.88362e-07, -0.618034, 0.347118, 0, 0.150871, -0.150571, 0, 0.00078693, 2.49234e-06
14481, 0.372225, 0.321122, 0.0146645, 5.88362e-07, -0.618034, 0, 0, 0.150085, -0.150267, 0, -0.000475392, 2.49234e-06
14490, 0.372534, 0.321466, 0.00839151, 5.88362e-07, -0.618034, 0, 0, 0.150085, -0.150153, 0, -0.000176817, 2.49234e-06
14500, 0.373084, 0.32208, 0.0327629, 5.88362e-07, -0.618034, 0, 0, 0.150871, -0.150596, 0, 0.00072138, 2.49234e-06
14511, 0.373726, 0.322796, 0.0151808, 5.88362e-07, -0.618034, 0, 0, 0.150085, -0.150276, 0, -0.000499994, 2.49234e-06
14521, 0.374044, 0.32315, 0.00858575, 5.88362e-07, -0.618034, 0, 0, 0.150085, -0.150156, 0, -0.000186041, 2.49234e-06
14530, 0.37424, 0.32337, 0.00611149, 5.88362e-07, -0.618034, 0, 0, 0.150085, -0.150111, 0, -6.82771e-05, 2.49234e-06
14540, 0.374392, 0.323539, 0.00518374, 5.88362e-07, -0.618034, 0, 0, 0.150085, -0.150094, 0, -2.40952e-05, 2.49234e-06
14551, 0.374883, 0.324087, 0.0315589, 5.88362e-07, -0.618034, 0, 0, 0.150871, -0.150574, 0, 0.00077866, 2.49234e-06
14561, 0.375503, 0.324778, 0.01473, 5.88362e-07, -0.618034, 0, 0, 0.150085, -0.150268, 0, -0.000478506, 2.49234e-06
14571, 0.375812, 0.325123, 0.00841692, 5.88362e-07, -0.618034, 0, 0, 0.150085, -0.150153, 0, -0.000177994, 2.49234e-06
14580, 0.376364, 0.325738, 0.0327719, 5.88362e-07, -0.618034, 0, 0, 0.150871, -0.150596, 0, 0.000720933, 2.49234e-06
14590, 0.377005, 0.326454, 0.0151849, 5.88362e-07, -0.618034, 0, 0, 0.150085, -0.150276, 0, -0.000500157, 2.49234e-06
14601, 0.377323, 0.326809, 0.00858739, 5.88362e-07, -0.618034, 0, 0, 0.150085, -0.150156, 0, -0.000186116, 2.49234e-06
14611, 0.37752, 0.327029, 0.00611231, 5.88362e-07, -0.618034, 0, 0, 0.150085, -0.150111, 0, -6.83069e-05, 2.49234e-06
14620, 0.378029, 0.327596, 0.0319073, 5.88362e-07, -0.618034, 0, 0, 0.150871, -0.15058, 0, 0.000762075, 2.49234e-06
14630, 0.378655, 0.328294, 0.0148603, 5.88362e-07, -0.618034, 0, 0, 0.150085, -0.15027, 0, -0.00048472, 2.49234e-06
14641, 0.378967, 0.328642, 0.00846528, 5.88362e-07, -0.618034, 0, 0, 0.150085, -0.150154, 0, -0.000180319, 2.49234e-06
14651, 0.379519, 0.329258, 0.0327899, 5.88362e-07, -0.618034, 0, 0, 0.150871, -0.150596, 0, 0.000720069, 2.49234e-06
14660, 0.380161, 0.329974, 0.0151914, 5.88362e-07, -0.618034, 0, 0, 0.150085, -0.150276, 0, -0.000500485, 2.49234e-06
14670, 0.380479, 0.330329, 0.00858985, 5.88362e-07, -0.618034, 0, 0, 0.150085, -0.150156, 0, -0.000186235, 2.49234e-06
14681, 0.380676, 0.330549, 0.00611313, 5.88362e-07, -0.618034, 0, 0, 0.150085, -0.150111, 0, -6.83516e-05, 2.49234e-06
14691, 0.380827, 0.330718, 0.00518374, 5.88362e-07, -0.618034, 0, 0, 0.150085, -0.150094, 0, -2.4125e-05, 2.49234e-06
14700, 0.380608, 0.330473, -0.0215898, 5.88362e-07, -0.618034, 0, 0, 0.149308, -0.149607, 0, -0.000784919, 2.49234e-06
14710, 0.380249, 0.330073, -0.00520833, 5.88362e-07, -0.618034, 0, 0, 0.150085, -0.149905, 0, 0.000470564, 2.49234e-06
14721, 0.380192, 0.324827, 0.000936761, 5.88362e-07, -0.618034, 0, 0.347118, 0.150085, -0.150017, 0, 0.000178039, 2.49234e-06
14731, 0.375249, 0.319313, -0.023183, 5.88362e-07, -0.618034, 0.347118, 0, 0.149308, -0.149578, 0, -0.000709087, 2.49234e-06
14741, 0.370216, 0.318881, -0.00580579, 5.88362e-07, -0.618034, 0, 0, 0.150085, -0.149894, 0, 0.00049901, 2.49234e-06
14750, 0.370148, 0.318805, 0.000713021, 5.88362e-07, -0.618034, 0, 0, 0.150085, -0.150013, 0, 0.000188708, 2.49234e-06
14760, 0.3702, 0.318863, 0.00315778, 5.88362e-07, -0.618034, 0, 0, 0.150085, -0.150057, 0, 7.23153e-05, 2.49234e-06
14771, 0.370297, 0.318971, 0.00407487, 5.88362e-07, -0.618034, 0, 0, 0.150085, -0.150074, 0, 2.86549e-05, 2.49234e-06
14781, 0.37041, 0.319097, 0.00441909, 5.88362e-07, -0.618034, 0, 0, 0.150085, -0.15008, 0, 1.22786e-05, 2.49234e-06
14790, 0.37053, 0.319231, 0.00454858, 5.88362e-07, -0.618034, 0, 0, 0.150085, -0.150083, 0, 6.12438e-06, 2.49234e-06
14800, 0.37101, 0.319767, 0.0313213, 5.88362e-07, -0.618034, 0, 0, 0.150871, -0.150569, 0, 0.00079, 2.49234e-06
14811, 0.371983, 0.320852, 0.0413642, 5.88362e-07, -0.618034, 0, 0, 0.150871, -0.150752, 0, 0.000311926, 2.49234e-06
14821, 0.372783, 0.321744, 0.0184082, 5.88362e-07, -0.618034, 0, 0, 0.150085, -0.150335, 0, -0.000653595, 2.49234e-06
14830, 0.37316, 0.322165, 0.00979625, 5.88362e-07, -0.618034, 0, 0, 0.150085, -0.150178, 0, -0.000243679, 2.49234e-06
14840, 0.373379, 0.322409, 0.00656553, 5.88362e-07, -0.618034, 0, 0, 0.150085, -0.150119, 0, -8.98838e-05, 2.49234e-06
14851, 0.373185, 0.322193, -0.021071, 5.88362e-07, -0.618034, 0, 0, 0.149308, -0.149617, 0, -0.000809595, 2.49234e-06
14861, 0.372836, 0.321803, -0.00501409, 5.88362e-07, -0.618034, 0, 0, 0.150085, -0.149909, 0, 0.000461295, 2.49234e-06
14870, 0.372783, 0.321743, 0.0010097, 5.88362e-07, -0.618034, 0, 0, 0.150085, -0.150018, 0, 0.000174582, 2.49234e-06
14880, 0.373197, 0.322206, 0.0299936, 5.88362e-07, -0.618034, 0, 0, 0.150871, -0.150545, 0, 0.000853196, 2.49234e-06
14891, 0.373788, 0.322865, 0.0141424, 5.88362e-07, -0.618034, 0, 0, 0.150085, -0.150257, 0, -0.000450552, 2.49234e-06
14901, 0.374087, 0.323198, 0.00819646, 5.88362e-07, -0.618034, 0, 0, 0.150085, -0.150149, 0, -0.000167504, 2.49234e-06
14911, 0.374276, 0.32341, 0.00596561, 5.88362e-07, -0.618034, 0, 0, 0.150085, -0.150108, 0, -6.13183e-05, 2.49234e-06
14920, 0.374425, 0.323576, 0.00512883, 5.88362e-07, -0.618034, 0, 0, 0.150085, -0.150093, 0, -2.14875e-05, 2.49234e-06
14930, 0.374558, 0.323724, 0.00481494, 5.88362e-07, -0.618034, 0, 0, 0.150085, -0.150088, 0, -6.54161e-06, 2.49234e-06
14941, 0.374685, 0.323866, 0.00469692, 5.88362e-07, -0.618034, 0, 0, 0.150085, -0.150085, 0, -9.38773e-07, 2.49234e-06
14951, 0.37481, 0.324006, 0.00465266, 5.88362e-07, -0.618034, 0, 0, 0.150085, -0.150085, 0, 1.16229e-06, 2.49234e-06
14960, 0.374581, 0.32375, -0.0217889, 5.88362e-07, -0.618034, 0, 0, 0.149308, -0.149604, 0, -0.000775442, 2.49234e-06
14970, 0.374219, 0.323346, -0.00528291, 5.88362e-07, -0.618034, 0, 0, 0.150085, -0.149904, 0, 0.000474125, 2.49234e-06
14981, 0.374518, 0.323679, 0.0276324, 5.88362e-07, -0.618034, 0, 0, 0.150871, -0.150502, 0, 0.000965565, 2.49234e-06
14991, 0.375065, 0.32429, 0.0132564, 5.88362e-07, -0.618034, 0, 0, 0.150085, -0.150241, 0, -0.000408381, 2.49234e-06
15000, 0.375348, 0.324605, 0.00786372, 5.88362e-07, -0.618034, 0, 0, 0.150085, -0.150143, 0, -0.000151679, 2.49234e-06
15010, 0.375531, 0.324809, 0.00584021, 5.88362e-07, -0.618034, 0, 0, 0.150085, -0.150106, 0, -5.53727e-05, 2.49234e-06
15021, 0.375677, 0.324973, 0.00508212, 5.88362e-07, -0.618034, 0, 0, 0.150085, -0.150092, 0, -1.92523e-05, 2.49234e-06
15031, 0.376167, 0.325519, 0.0315212, 5.88362e-07, -0.618034, 0, 0, 0.150871, -0.150573, 0, 0.000780478, 2.49234e-06
15040, 0.376786, 0.326209, 0.0147161, 5.88362e-07, -0.618034, 0, 0, 0.150085, -0.150268, 0, -0.000477836, 2.49234e-06
15050, 0.377095, 0.326554, 0.00841118, 5.88362e-07, -0.618034, 0, 0, 0.150085, -0.150153, 0, -0.000177741, 2.49234e-06
15060, 0.377646, 0.327169, 0.0327703, 5.88362e-07, -0.618034, 0, 0, 0.150871, -0.150596, 0, 0.000721022, 2.49234e-06
15071, 0.378288, 0.327885, 0.0151841, 5.88362e-07, -0.618034, 0, 0, 0.150085, -0.150276, 0, -0.000500128, 2.49234e-06
15081, 0.378606, 0.32824, 0.00858657, 5.88362e-07, -0.618034, 0, 0, 0.150085, -0.150156, 0, -0.000186101, 2.49234e-06
15090, 0.378803, 0.328459, 0.00611231, 5.88362e-07, -0.618034, 0, 0, 0.150085, -0.150111, 0, -6.8292e-05, 2.49234e-06
15100, 0.378954, 0.328628, 0.00518374, 5.88362e-07, -0.618034, 0, 0, 0.150085, -0.150094, 0, -2.41101e-05, 2.49234e-06
15111, 0.378734, 0.328383, -0.0215898, 5.88362e-07, -0.618034, 0, 0, 0.149308, -0.149607, 0, -0.000784919, 2.49234e-06
15121, 0.378376, 0.327983, -0.00520833, 5.88362e-07, -0.618034, 0, 0, 0.150085, -0.149905, 0, 0.000470564, 2.49234e-06
15130, 0.378319, 0.327919, 0.000936761, 5.88362e-07, -0.618034, 0, 0, 0.150085, -0.150017, 0, 0.000178039, 2.49234e-06
15140, 0.378732, 0.32838, 0.0299665, 5.88362e-07, -0.618034, 0, 0, 0.150871, -0.150545, 0, 0.000854492, 2.49234e-06
15151, 0.379322, 0.329039, 0.0141326, 5.88362e-07, -0.618034, 0, 0, 0.150085, -0.150257, 0, -0.00045006, 2.49234e-06
15161, 0.379621, 0.329372, 0.00819236, 5.88362e-07, -0.618034, 0, 0, 0.150085, -0.150149, 0, -0.000167325, 2.49234e-06
15170, 0.37981, 0.329583, 0.00596397, 5.88362e-07, -0.618034, 0, 0, 0.150085, -0.150108, 0, -6.12438e-05, 2.49234e-06
15180, 0.379959, 0.329749, 0.00512801, 5.88362e-07, -0.618034, 0, 0, 0.150085, -0.150093, 0, -2.14577e-05, 2.49234e-06
15191, 0.380092, 0.329897, 0.00481412, 5.88362e-07, -0.618034, 0, 0, 0.150085, -0.150088, 0, -6.52671e-06, 2.49234e-06
15201, 0.380219, 0.330039, 0.00469692, 5.88362e-07, -0.618034, 0, 0, 0.150085, -0.150085, 0, -9.23872e-07, 2.49234e-06
15211, 0.380702, 0.330578, 0.031377, 5.88362e-07, -0.618034, 0, 0, 0.150871, -0.15057, 0, 0.000787348, 2.49234e-06
15220, 0.381318, 0.331265, 0.0146612, 5.88362e-07, -0.618034, 0, 0, 0.150085, -0.150267, 0, -0.000475258, 2.49234e-06
15230, 0.381626, 0.331609, 0.00839069, 5.88362e-07, -0.618034, 0, 0, 0.150085, -0.150153, 0, -0.000176758, 2.49234e-06
15241, 0.381819, 0.331824, 0.00603855, 5.88362e-07, -0.618034, 0, 0, 0.150085, -0.15011, 0, -6.47902e-05, 2.49234e-06
15251, 0.381969, 0.331992, 0.00515588, 5.88362e-07, -0.618034, 0, 0, 0.150085, -0.150094, 0, -2.27839e-05, 2.49234e-06
15260, 0.377769, 0.327358, 0.0315491, 5.88362e-07, -0.618034, 0.350624, 0.347118, 0.150871, -0.150574, 0, 0.000779152, 2.49234e-06
15270, 0.373696, 0.322867, 0.0147259, 5.88362e-07, -0.618034, 0, 0, 0.150085, -0.150268, 0, -0.000478327, 2.49234e-06
15281, 0.374006, 0.323212, 0.00841528, 5.88362e-07, -0.618034, 0, 0, 0.150085, -0.150153, 0, -0.00017792, 2.49234e-06
15291, 0.374557, 0.323827, 0.0327711, 5.88362e-07, -0.618034, 0, 0, 0.150871, -0.150596, 0, 0.000720963, 2.49234e-06
15300, 0.375198, 0.324543, 0.0151841, 5.88362e-07, -0.618034, 0, 0, 0.150085, -0.150276, 0, -0.000500143, 2.49234e-06
15310, 0.375517, 0.324898, 0.00858657, 5.88362e-07, -0.618034, 0, 0, 0.150085, -0.150156, 0, -0.000186101, 2.49234e-06
15321, 0.376071, 0.325516, 0.0328358, 5.88362e-07, -0.618034, 0, 0, 0.150871, -0.150597, 0, 0.000717893, 2.49234e-06
15331, 0.376714, 0.326234, 0.0152086, 5.88362e-07, -0.618034, 0, 0, 0.150085, -0.150277, 0, -0.000501305, 2.49234e-06
15340, 0.377032, 0.326589, 0.00859559, 5.88362e-07, -0.618034, 0, 0, 0.150085, -0.150156, 0, -0.000186533, 2.49234e-06
15350, 0.377229, 0.326808, 0.00611559, 5.88362e-07, -0.618034, 0, 0, 0.150085, -0.150111, 0, -6.84559e-05, 2.49234e-06
15361, 0.377738, 0.327376, 0.0319089, 5.88362e-07, -0.618034, 0, 0, 0.150871, -0.15058, 0, 0.000762016, 2.49234e-06
15371, 0.37801, 0.32768, -0.011564, 5.88362e-07, -0.618034, 0, 0, 0.149308, -0.14979, 0, -0.00126214, 2.49234e-06
15381, 0.377836, 0.327486, -0.00144735, 5.88362e-07, -0.618034, 0, 0, 0.150085, -0.149974, 0, 0.000291541, 2.49234e-06
15390, 0.377848, 0.327499, 0.00234805, 5.88362e-07, -0.618034, 0, 0, 0.150085, -0.150043, 0, 0.00011088, 2.49234e-06
15400, 0.37793, 0.32759, 0.00377163, 5.88362e-07, -0.618034, 0, 0, 0.150085, -0.150069, 0, 4.31091e-05, 2.49234e-06
15411, 0.378038, 0.327711, 0.00430599, 5.88362e-07, -0.618034, 0, 0, 0.150085, -0.150078, 0, 1.76877e-05, 2.49234e-06
15421, 0.378156, 0.327842, 0.00450596, 5.88362e-07, -0.618034, 0, 0, 0.150085, -0.150082, 0, 8.15094e-06, 2.49234e-06
15430, 0.378635, 0.328377, 0.0313049, 5.88362e-07, -0.618034, 0, 0, 0.150871, -0.150569, 0, 0.00079076, 2.49234e-06
15440, 0.374605, 0.329063, 0.0146341, 5.88362e-07, -0.618034, 0.347118, 0, 0.150085, -0.150266, 0, -0.000473961, 2.49234e-06
15451, 0.370268, 0.329406, 0.00838086, 5.88362e-07, -0.618034, 0, 0, 0.150085, -0.150152, 0, -0.000176281, 2.49234e-06
15461, 0.370461, 0.329621, 0.00603445, 5.88362e-07, -0.618034, 0, 0, 0.150085, -0.15011, 0, -6.46114e-05, 2.49234e-06
15470, 0.370968, 0.330187, 0.0318786, 5.88362e-07, -0.618034, 0, 0, 0.150871, -0.15058, 0, 0.000763476, 2.49234e-06
15480, 0.371593, 0.330885, 0.0148497, 5.88362e-07, -0.618034, 0, 0, 0.150085, -0.15027, 0, -0.000484213, 2.49234e-06
15491, 0.371905, 0.331233, 0.00846118, 5.88362e-07, -0.618034, 0, 0, 0.150085, -0.150154, 0, -0.000180125, 2.49234e-06
15501, 0.3721, 0.33145, 0.00606477, 5.88362e-07, -0.618034, 0, 0, 0.150085, -0.15011, 0, -6.60419e-05, 2.49234e-06
15510, 0.37225, 0.331617, 0.00516571, 5.88362e-07, -0.618034, 0, 0, 0.150085, -0.150094, 0, -2.32607e-05, 2.49234e-06
15520, 0.37203, 0.331372, -0.0215963, 5.88362e-07, -0.618034, 0, 0, 0.149308, -0.149607, 0, -0.000784591, 2.49234e-06
15531, 0.371671, 0.325738, -0.00521079, 5.88362e-07, -0.618034, 0, 0.350624, 0.150085, -0.149905, 0, 0.000470683, 2.49234e-06
15541, 0.371972, 0.320839, 0.0276603, 5.88362e-07, -0.618034, 0, 0, 0.150871, -0.150503, 0, 0.000964269, 2.49234e-06
15551, 0.372877, 0.321849, 0.0399914, 5.88362e-07, -0.618034, 0, 0, 0.150871, -0.150727, 0, 0.000377297, 2.49234e-06
15560, 0.373652, 0.322713, 0.0178927, 5.88362e-07, -0.618034, 0, 0, 0.150085, -0.150325, 0, -0.000629082, 2.49234e-06
15570, 0.37402, 0.323124, 0.00960283, 5.88362e-07, -0.618034, 0, 0, 0.150085, -0.150175, 0, -0.00023447, 2.49234e-06
15581, 0.374235, 0.323364, 0.0064934, 5.88362e-07, -0.618034, 0, 0, 0.150085, -0.150118, 0, -8.64416e-05, 2.49234e-06
15591, 0.374751, 0.323939, 0.0320507, 5.88362e-07, -0.618034, 0, 0, 0.150871, -0.150583, 0, 0.00075528, 2.49234e-06
15600, 0.375379, 0.32464, 0.0149144, 5.88362e-07, -0.618034, 0, 0, 0.150085, -0.150271, 0, -0.000487283, 2.49234e-06
15610, 0.375692, 0.32499, 0.00848576, 5.88362e-07, -0.618034, 0, 0, 0.150085, -0.150154, 0, -0.000181288, 2.49234e-06
15621, 0.376245, 0.325606, 0.0327981, 5.88362e-07, -0.618034, 0, 0, 0.150871, -0.150596, 0, 0.000719696, 2.49234e-06
15631, 0.376887, 0.326322, 0.0151947, 5.88362e-07, -0.618034, 0, 0, 0.150085, -0.150276, 0, -0.000500634, 2.49234e-06
15640, 0.377205, 0.326677, 0.00859067, 5.88362e-07, -0.618034, 0, 0, 0.150085, -0.150156, 0, -0.000186294, 2.49234e-06
15650, 0.377402, 0.326897, 0.00611313, 5.88362e-07, -0.618034, 0, 0, 0.150085, -0.150111, 0, -6.83665e-05, 2.49234e-06
15661, 0.377553, 0.327065, 0.00518374, 5.88362e-07, -0.618034, 0, 0, 0.150085, -0.150094, 0, -2.4125e-05, 2.49234e-06
15671, 0.377334, 0.326821, -0.0215898, 5.88362e-07, -0.618034, 0, 0, 0.149308, -0.149607, 0, -0.000784919, 2.49234e-06
15680, 0.376975, 0.326421, -0.00520833, 5.88362e-07, -0.618034, 0, 0, 0.150085, -0.149905, 0, 0.000470564, 2.49234e-06
15690, 0.376918, 0.326357, 0.000936761, 5.88362e-07, -0.618034, 0, 0, 0.150085, -0.150017, 0, 0.000178039, 2.49234e-06
15700, 0.377332, 0.326818, 0.0299665, 5.88362e-07, -0.618034, 0, 0, 0.150871, -0.150545, 0, 0.000854492, 2.49234e-06
15711, 0.377922, 0.327476, 0.0141326, 5.88362e-07, -0.618034, 0, 0, 0.150085, -0.150257, 0, -0.00045006, 2.49234e-06
15721, 0.37822, 0.32781, 0.00819236, 5.88362e-07, -0.618034, 0, 0, 0.150085, -0.150149, 0, -0.000167325, 2.49234e-06
15730, 0.37841, 0.328021, 0.00596397, 5.88362e-07, -0.618034, 0, 0, 0.150085, -0.150108, 0, -6.12438e-05, 2.49234e-06
15740, 0.378558, 0.328187, 0.00512801, 5.88362e-07, -0.618034, 0, 0, 0.150085, -0.150093, 0, -2.14577e-05, 2.49234e-06
15751, 0.378691, 0.328335, 0.00481412, 5.88362e-07, -0.618034, 0, 0, 0.150085, -0.150088, 0, -6.52671e-06, 2.49234e-06
15761, 0.378819, 0.328477, 0.00469692, 5.88362e-07, -0.618034, 0, 0, 0.150085, -0.150085, 0, -9.23872e-07, 2.49234e-06
15770, 0.379301, 0.329015, 0.031377, 5.88362e-07, -0.618034, 0, 0, 0.150871, -0.15057, 0, 0.000787348, 2.49234e-06
15780, 0.379214, 0.328918, -0.037895, 5.88362e-07, -0.618034, 0, 0, 0.148539, -0.149311, 0, -0.0020214, 2.49234e-06
15791, 0.378555, 0.328183, -0.0113247, 5.88362e-07, -0.618034, 0, 0, 0.150085, -0.149794, 0, 0.000761718, 2.49234e-06
15801, 0.378386, 0.327994, -0.00135802, 5.88362e-07, -0.618034, 0, 0, 0.150085, -0.149975, 0, 0.000287265, 2.49234e-06
15810, 0.378399, 0.328009, 0.00238165, 5.88362e-07, -0.618034, 0, 0, 0.150085, -0.150043, 0, 0.000109285, 2.49234e-06
15820, 0.378482, 0.328101, 0.00378393, 5.88362e-07, -0.618034, 0, 0, 0.150085, -0.150069, 0, 4.2513e-05, 2.49234e-06
15831, 0.37859, 0.328222, 0.00431009, 5.88362e-07, -0.618034, 0, 0, 0.150085, -0.150078, 0, 1.74791e-05, 2.49234e-06
15841, 0.378708, 0.328354, 0.0045076, 5.88362e-07, -0.618034, 0, 0, 0.150085, -0.150082, 0, 8.07643e-06, 2.49234e-06
15851, 0.379187, 0.328888, 0.0313057, 5.88362e-07, -0.618034, 0, 0, 0.150871, -0.150569, 0, 0.00079073, 2.49234e-06
15860, 0.379802, 0.329574, 0.014635, 5.88362e-07, -0.618034, 0, 0, 0.150085, -0.150266, 0, -0.000473976, 2.49234e-06
15870, 0.38011, 0.329918, 0.00838086, 5.88362e-07, -0.618034, 0, 0, 0.150085, -0.150152, 0, -0.000176296, 2.49234e-06
15881, 0.380661, 0.330532, 0.0327588, 5.88362e-07, -0.618034, 0, 0, 0.150871, -0.150596, 0, 0.000721574, 2.49234e-06
15891, 0.381302, 0.331247, 0.01518, 5.88362e-07, -0.618034, 0, 0, 0.150085, -0.150276, 0, -0.000499934, 2.49234e-06
15900, 0.38162, 0.331602, 0.00858493, 5.88362e-07, -0.618034, 0, 0, 0.150085, -0.150156, 0, -0.000186026, 2.49234e-06
15910, 0.381817, 0.331822, 0.00611149, 5.88362e-07, -0.618034, 0, 0, 0.150085, -0.150111, 0, -6.82622e-05, 2.49234e-06
15921, 0.381968, 0.33199, 0.00518374, 5.88362e-07, -0.618034, 0, 0, 0.150085, -0.150094, 0, -2.40952e-05, 2.49234e-06
15931, 0.376754, 0.331355, -0.0477207, 5.88362e-07, -0.618034, 0.347118, 0, 0.148539, -0.149132, 0, -0.00155367, 2.49234e-06
15940, 0.371269, 0.330419, -0.0150111, 5.88362e-07, -0.618034, 0, 0, 0.150085, -0.149727, 0, 0.000937179, 2.49234e-06
15950, 0.371032, 0.330154, -0.00274062, 5.88362e-07, -0.618034, 0, 0, 0.150085, -0.14995, 0, 0.000353098, 2.49234e-06
15961, 0.37102, 0.330141, 0.00186287, 5.88362e-07, -0.618034, 0, 0, 0.150085, -0.150034, 0, 0.000133976, 2.49234e-06
15971, 0.371093, 0.32504, 0.00358969, 5.88362e-07, -0.618034, 0, 0.347118, 0.150085, -0.150065, 0, 5.17815e-05, 2.49234e-06
15980, 0.371198, 0.319976, 0.00423715, 5.88362e-07, -0.618034, 0, 0, 0.150085, -0.150077, 0, 2.09361e-05, 2.49234e-06
15990, 0.371314, 0.320106, 0.00448056, 5.88362e-07, -0.618034, 0, 0, 0.150085, -0.150081, 0, 9.37283e-06, 2.49234e-06
16001, 0.371082, 0.319847, -0.0218537, 5.88362e-07, -0.618034, 0, 0, 0.149308, -0.149603, 0, -0.000772357, 2.49234e-06
16011, 0.370719, 0.319441, -0.0053075, 5.88362e-07, -0.618034, 0, 0, 0.150085, -0.149903, 0, 0.000475273, 2.49234e-06
16021, 0.37066, 0.319375, 0.000899881, 5.88362e-07, -0.618034, 0, 0, 0.150085, -0.150016, 0, 0.000179812, 2.49234e-06
16030, 0.371072, 0.319836, 0.0299518, 5.88362e-07, -0.618034, 0, 0, 0.150871, -0.150545, 0, 0.000855163, 2.49234e-06
16040, 0.371662, 0.320494, 0.0141268, 5.88362e-07, -0.618034, 0, 0, 0.150085, -0.150257, 0, -0.000449806, 2.49234e-06
16051, 0.371961, 0.320827, 0.0081899, 5.88362e-07, -0.618034, 0, 0, 0.150085, -0.150149, 0, -0.000167221, 2.49234e-06
16061, 0.37215, 0.321038, 0.00596315, 5.88362e-07, -0.618034, 0, 0, 0.150085, -0.150108, 0, -6.11991e-05, 2.49234e-06
16070, 0.372299, 0.321204, 0.00512801, 5.88362e-07, -0.618034, 0, 0, 0.150085, -0.150093, 0, -2.14428e-05, 2.49234e-06
16080, 0.372789, 0.321751, 0.0315385, 5.88362e-07, -0.618034, 0, 0, 0.150871, -0.150573, 0, 0.000779659, 2.49234e-06
16091, 0.373408, 0.322442, 0.0147218, 5.88362e-07, -0.618034, 0, 0, 0.150085, -0.150268, 0, -0.000478134, 2.49234e-06
16101, 0.374076, 0.323186, 0.0351372, 5.88362e-07, -0.618034, 0, 0, 0.150871, -0.150639, 0, 0.00060834, 2.49234e-06
16110, 0.375118, 0.324349, 0.042796, 5.88362e-07, -0.618034, 0, 0, 0.150871, -0.150778, 0, 0.000243783, 2.49234e-06
16120, 0.375945, 0.325271, 0.018945, 5.88362e-07, -0.618034, 0, 0, 0.150085, -0.150344, 0, -0.000679165, 2.49234e-06
16131, 0.376332, 0.325703, 0.00999786, 5.88362e-07, -0.618034, 0, 0, 0.150085, -0.150182, 0, -0.00025326, 2.49234e-06
16141, 0.376555, 0.325951, 0.00664093, 5.88362e-07, -0.618034, 0, 0, 0.150085, -0.150121, 0, -9.34899e-05, 2.49234e-06
16150, 0.376715, 0.326131, 0.00538208, 5.88362e-07, -0.618034, 0, 0, 0.150085, -0.150098, 0, -3.35425e-05, 2.49234e-06
16160, 0.376853, 0.326284, 0.00491001, 5.88362e-07, -0.618034, 0, 0, 0.150085, -0.150089, 0, -1.10716e-05, 2.49234e-06
16171, 0.376982, 0.326428, 0.00473298, 5.88362e-07, -0.618034, 0, 0, 0.150085, -0.150086, 0, -2.63751e-06, 2.49234e-06
16181, 0.377466, 0.326968, 0.0313901, 5.88362e-07, -0.618034, 0, 0, 0.150871, -0.150571, 0, 0.000786707, 2.49234e-06
16191, 0.378082, 0.327655, 0.0146661, 5.88362e-07, -0.618034, 0, 0, 0.150085, -0.150267, 0, -0.000475481, 2.49234e-06
16200, 0.37839, 0.327999, 0.00839233, 5.88362e-07, -0.618034, 0, 0, 0.150085, -0.150153, 0, -0.000176847, 2.49234e-06
16210, 0.378584, 0.328215, 0.00603937, 5.88362e-07, -0.618034, 0, 0, 0.150085, -0.15011, 0, -6.48201e-05, 2.49234e-06
16221, 0.378733, 0.328382, 0.00515588, 5.88362e-07, -0.618034, 0, 0, 0.150085, -0.150094, 0, -2.27988e-05, 2.49234e-06
16231, 0.379225, 0.32893, 0.0315491, 5.88362e-07, -0.618034, 0, 0, 0.150871, -0.150574, 0, 0.000779152, 2.49234e-06
16240, 0.379844, 0.329621, 0.0147259, 5.88362e-07, -0.618034, 0, 0, 0.150085, -0.150268, 0, -0.000478327, 2.49234e-06
16250, 0.378424, 0.328037, -0.120823, 5.88362e-07, -0.618034, 0, 0, 0.146283, -0.147803, 0, -0.00397994, 2.49234e-06
16261, 0.37451, 0.323671, -0.171672, 5.88362e-07, -0.618034, 0, 0, 0.146283, -0.146879, 0, -0.00155947, 2.49234e-06
16271, 0.37139, 0.32019, -0.0615099, 5.88362e-07, -0.618034, 0, 0, 0.150085, -0.148882, 0, 0.00315057, 2.49234e-06
16280, 0.370297, 0.31897, -0.0201842, 5.88362e-07, -0.618034, 0, 0, 0.150085, -0.149633, 0, 0.00118341, 2.49234e-06
16290, 0.368915, 0.317429, -0.0830808, 5.88362e-07, -0.618034, 0, 0, 0.147779, -0.148489, 0, -0.00186095, 2.49234e-06
16301, 0.367425, 0.315766, -0.0282758, 5.88362e-07, -0.618034, 0, 0, 0.150085, -0.149486, 0, 0.0015686, 2.49234e-06
16311, 0.366943, 0.315229, -0.00771619, 5.88362e-07, -0.618034, 0, 0, 0.150085, -0.14986, 0, 0.000589952, 2.49234e-06
16321, 0.36684, 0.315114, -4.09782e-06, 5.88362e-07, -0.618034, 0, 0, 0.150085, -0.15, 0, 0.000222832, 2.49234e-06
16330, 0.367236, 0.315556, 0.0296133, 5.88362e-07, -0.618034, 0, 0, 0.150871, -0.150538, 0, 0.000871301, 2.49234e-06
16340, 0.367819, 0.316207, 0.0139998, 5.88362e-07, -0.618034, 0, 0, 0.150085, -0.150255, 0, -0.000443757, 2.49234e-06
16351, 0.368116, 0.316538, 0.00814237, 5.88362e-07, -0.618034, 0, 0, 0.150085, -0.150148, 0, -0.000164956, 2.49234e-06
16361, 0.368662, 0.317147, 0.0326686, 5.88362e-07, -0.618034, 0, 0, 0.150871, -0.150594, 0, 0.000725836, 2.49234e-06
16370, 0.369302, 0.31786, 0.0151455, 5.88362e-07, -0.618034, 0, 0, 0.150085, -0.150275, 0, -0.00049831, 2.49234e-06
16380, 0.369619, 0.318215, 0.00857264, 5.88362e-07, -0.618034, 0, 0, 0.150085, -0.150156, 0, -0.000185415, 2.49234e-06
16391, 0.368424, 0.316882, -0.0978518, 5.88362e-07, -0.618034, 0, 0, 0.147027, -0.148221, 0, -0.00312637, 2.49234e-06
16401, 0.366662, 0.314916, -0.0338177, 5.88362e-07, -0.618034, 0, 0, 0.150085, -0.149385, 0, 0.00183237, 2.49234e-06
16410, 0.365725, 0.313871, -0.0362206, 5.88362e-07, -0.618034, 0, 0, 0.149308, -0.149341, 0, -8.84831e-05, 2.49234e-06
16420, 0.365097, 0.31317, -0.0106969, 5.88362e-07, -0.618034, 0, 0, 0.150085, -0.149806, 0, 0.000731826, 2.49234e-06
16431, 0.364939, 0.312994, -0.00112198, 5.88362e-07, -0.618034, 0, 0, 0.150085, -0.14998, 0, 0.000276059, 2.49234e-06
16441, 0.365315, 0.313413, 0.0291937, 5.88362e-07, -0.618034, 0, 0, 0.150871, -0.150531, 0, 0.000891268, 2.49234e-06
16450, 0.3645, 0.312504, -0.090116, 5.88362e-07, -0.618034, 0, 0, 0.147027, -0.148362, 0, -0.00349459, 2.49234e-06
16460, 0.361489, 0.309145, -0.134874, 5.88362e-07, -0.618034, 0, 0, 0.147027, -0.147548, 0, -0.0013641, 2.49234e-06
16471, 0.359046, 0.30642, -0.047706, 5.88362e-07, -0.618034, 0, 0, 0.150085, -0.149133, 0, 0.00249346, 2.49234e-06
16481, 0.358207, 0.305484, -0.0150054, 5.88362e-07, -0.618034, 0, 0, 0.150085, -0.149727, 0, 0.000936925, 2.49234e-06
16491, 0.357969, 0.305219, -0.00273816, 5.88362e-07, -0.618034, 0, 0, 0.150085, -0.14995, 0, 0.000352994, 2.49234e-06
16500, 0.357957, 0.305206, 0.00186369, 5.88362e-07, -0.618034, 0, 0, 0.150085, -0.150034, 0, 0.000133932, 2.49234e-06
16510, 0.358388, 0.305686, 0.030314, 5.88362e-07, -0.618034, 0, 0, 0.150871, -0.150551, 0, 0.000837952, 2.49234e-06
16521, 0.357255, 0.304422, -0.114975, 5.88362e-07, -0.618034, 0, 0, 0.146283, -0.14791, 0, -0.00425829, 2.49234e-06
16531, 0.355178, 0.302105, -0.0402406, 5.88362e-07, -0.618034, 0, 0, 0.150085, -0.149268, 0, 0.00213812, 2.49234e-06
16540, 0.354834, 0.301721, 0.0145186, 5.88362e-07, -0.618034, 0, 0, 0.150871, -0.150264, 0, 0.00158979, 2.49234e-06
16550, 0.353749, 0.300511, -0.095621, 5.88362e-07, -0.618034, 0, 0, 0.147027, -0.148261, 0, -0.00323254, 2.49234e-06
16561, 0.349964, 0.296288, -0.187223, 5.88362e-07, -0.618034, 0, 0, 0.145547, -0.146596, 0, -0.00274511, 2.49234e-06
16571, 0.345166, 0.290937, -0.171302, 5.88362e-07, -0.618034, 0, 0, 0.147027, -0.146885, 0, 0.000369921, 2.49234e-06
16580, 0.342053, 0.287463, -0.0613714, 5.88362e-07, -0.618034, 0, 0, 0.150085, -0.148884, 0, 0.00314395, 2.49234e-06
16590, 0.34132, 0.286646, 0.00659175, 5.88362e-07, -0.618034, 0, 0, 0.150871, -0.15012, 0, 0.00196712, 2.49234e-06
16601, 0.34148, 0.286824, 0.00536323, 5.88362e-07, -0.618034, 0, 0, 0.150085, -0.150098, 0, -3.26633e-05, 2.49234e-06
16611, 0.341617, 0.286977, 0.00490263, 5.88362e-07, -0.618034, 0, 0, 0.150085, -0.150089, 0, -1.07288e-05, 2.49234e-06
16620, 0.341746, 0.287121, 0.0047297, 5.88362e-07, -0.618034, 0, 0, 0.150085, -0.150086, 0, -2.5034e-06, 2.49234e-06
16630, 0.34048, 0.28571, -0.0992934, 5.88362e-07, -0.618034, 0, 0, 0.147027, -0.148195, 0, -0.00305775, 2.49234e-06
16641, 0.337301, 0.282163, -0.138316, 5.88362e-07, -0.618034, 0, 0, 0.147027, -0.147485, 0, -0.00120023, 2.49234e-06
16651, 0.333403, 0.277815, -0.152955, 5.88362e-07, -0.618034, 0, 0, 0.147027, -0.147219, 0, -0.000503406, 2.49234e-06
16661, 0.329236, 0.273166, -0.158447, 5.88362e-07, -0.618034, 0, 0, 0.147027, -0.147119, 0, -0.000241995, 2.49234e-06
16670, 0.32463, 0.268028, -0.185786, 5.88362e-07, -0.618034, 0, 0, 0.146283, -0.146622, 0, -0.000887617, 2.49234e-06
16680, 0.319859, 0.262705, -0.170764, 5.88362e-07, -0.618034, 0, 0, 0.147027, -0.146895, 0, 0.000344262, 2.49234e-06
16691, 0.315706, 0.258073, -0.139568, 5.88362e-07, -0.618034, 0, 0, 0.147779, -0.147462, 0, 0.000827923, 2.49234e-06
16701, 0.311785, 0.253699, -0.153425, 5.88362e-07, -0.618034, 0, 0, 0.147027, -0.14721, 0, -0.000481039, 2.49234e-06
16710, 0.30761, 0.249041, -0.158623, 5.88362e-07, -0.618034, 0, 0, 0.147027, -0.147116, 0, -0.000233606, 2.49234e-06
16720, 0.304729, 0.245828, -0.0566147, 5.88362e-07, -0.618034, 0, 0, 0.150085, -0.148971, 0, 0.00291754, 2.49234e-06
16731, 0.303726, 0.244709, -0.0183476, 5.88362e-07, -0.618034, 0, 0, 0.150085, -0.149666, 0, 0.001096, 2.49234e-06
16741, 0.303785, 0.244775, 0.0227314, 5.88362e-07, -0.618034, 0, 0, 0.150871, -0.150413, 0, 0.00119886, 2.49234e-06
16750, 0.302851, 0.243732, -0.0925402, 5.88362e-07, -0.618034, 0, 0, 0.147027, -0.148317, 0, -0.0033792, 2.49234e-06
16760, 0.301187, 0.241876, -0.0318245, 5.88362e-07, -0.618034, 0, 0, 0.150085, -0.149421, 0, 0.00173752, 2.49234e-06
16771, 0.300997, 0.241665, 0.0176764, 5.88362e-07, -0.618034, 0, 0, 0.150871, -0.150321, 0, 0.00143951, 2.49234e-06
16781, 0.301361, 0.242071, 0.00952169, 5.88362e-07, -0.618034, 0, 0, 0.150085, -0.150173, 0, -0.000230595, 2.49234e-06
16790, 0.301575, 0.242309, 0.00646226, 5.88362e-07, -0.618034, 0, 0, 0.150085, -0.150117, 0, -8.49813e-05, 2.49234e-06
16800, 0.300342, 0.240933, -0.0986435, 5.88362e-07, -0.618034, 0, 0, 0.147027, -0.148206, 0, -0.00308868, 2.49234e-06
16811, 0.298565, 0.238952, -0.0341143, 5.88362e-07, -0.618034, 0, 0, 0.150085, -0.14938, 0, 0.00184651, 2.49234e-06
16821, 0.297622, 0.2379, -0.0363321, 5.88362e-07, -0.618034, 0, 0, 0.149308, -0.149339, 0, -8.31783e-05, 2.49234e-06
16831, 0.296993, 0.237197, -0.0107387, 5.88362e-07, -0.618034, 0, 0, 0.150085, -0.149805, 0, 0.000733823, 2.49234e-06
16840, 0.297191, 0.237419, 0.025586, 5.88362e-07, -0.618034, 0, 0, 0.150871, -0.150465, 0, 0.00106299, 2.49234e-06
16850, 0.298058, 0.238386, 0.0392129, 5.88362e-07, -0.618034, 0, 0, 0.150871, -0.150713, 0, 0.000414342, 2.49234e-06
16861, 0.298819, 0.239234, 0.017601, 5.88362e-07, -0.618034, 0, 0, 0.150085, -0.15032, 0, -0.00061518, 2.49234e-06
16871, 0.299181, 0.239639, 0.00949383, 5.88362e-07, -0.618034, 0, 0, 0.150085, -0.150173, 0, -0.000229254, 2.49234e-06
16880, 0.299395, 0.239877, 0.00645243, 5.88362e-07, -0.618034, 0, 0, 0.150085, -0.150117, 0, -8.44896e-05, 2.49234e-06
16890, 0.299552, 0.240052, 0.00531077, 5.88362e-07, -0.618034, 0, 0, 0.150085, -0.150097, 0, -3.01749e-05, 2.49234e-06
16901, 0.299688, 0.240205, 0.00488296, 5.88362e-07, -0.618034, 0, 0, 0.150085, -0.150089, 0, -9.79006e-06, 2.49234e-06
16911, 0.299817, 0.240348, 0.00472233, 5.88362e-07, -0.618034, 0, 0, 0.150085, -0.150086, 0, -2.16067e-06, 2.49234e-06
16920, 0.3003, 0.240887, 0.031386, 5.88362e-07, -0.618034, 0, 0, 0.150871, -0.150571, 0, 0.000786901, 2.49234e-06
16930, 0.300916, 0.241574, 0.0146645, 5.88362e-07, -0.618034, 0, 0, 0.150085, -0.150267, 0, -0.000475407, 2.49234e-06
16941, 0.301225, 0.241919, 0.00839151, 5.88362e-07, -0.618034, 0, 0, 0.150085, -0.150153, 0, -0.000176817, 2.49234e-06
16951, 0.301418, 0.242134, 0.00603855, 5.88362e-07, -0.618034, 0, 0, 0.150085, -0.15011, 0, -6.48052e-05, 2.49234e-06
16960, 0.301568, 0.242301, 0.00515588, 5.88362e-07, -0.618034, 0, 0, 0.150085, -0.150094, 0, -2.27839e-05, 2.49234e-06
16970, 0.301701, 0.24245, 0.00482477, 5.88362e-07, -0.618034, 0, 0, 0.150085, -0.150088, 0, -7.03335e-06, 2.49234e-06
16980, 0.301829, 0.242592, 0.00470102, 5.88362e-07, -0.618034, 0, 0, 0.150085, -0.150085, 0, -1.11759e-06, 2.49234e-06
16991, 0.301954, 0.242732, 0.0046543, 5.88362e-07, -0.618034, 0, 0, 0.150085, -0.150085, 0, 1.10269e-06, 2.49234e-06
17001, 0.302436, 0.24327, 0.0313606, 5.88362e-07, -0.618034, 0, 0, 0.150871, -0.15057, 0, 0.000788122, 2.49234e-06
17010, 0.303052, 0.243956, 0.0146554, 5.88362e-07, -0.618034, 0, 0, 0.150085, -0.150266, 0, -0.00047496, 2.49234e-06
17020, 0.303718, 0.244699, 0.0351126, 5.88362e-07, -0.618034, 0, 0, 0.150871, -0.150638, 0, 0.000609532, 2.49234e-06
17031, 0.304402, 0.245463, 0.0160626, 5.88362e-07, -0.618034, 0, 0, 0.150085, -0.150292, 0, -0.000541955, 2.49234e-06
17041, 0.304737, 0.245836, 0.00891685, 5.88362e-07, -0.618034, 0, 0, 0.150085, -0.150162, 0, -0.000201792, 2.49234e-06
17050, 0.304939, 0.246062, 0.00623606, 5.88362e-07, -0.618034, 0, 0, 0.150085, -0.150113, 0, -7.41929e-05, 2.49234e-06
17060, 0.305093, 0.246234, 0.00523046, 5.88362e-07, -0.618034, 0, 0, 0.150085, -0.150095, 0, -2.63155e-05, 2.49234e-06
17071, 0.305585, 0.246783, 0.031577, 5.88362e-07, -0.618034, 0, 0, 0.150871, -0.150574, 0, 0.000777826, 2.49234e-06
17081, 0.305502, 0.24669, -0.0378196, 5.88362e-07, -0.618034, 0, 0, 0.148539, -0.149312, 0, -0.00202496, 2.49234e-06
17090, 0.304845, 0.245957, -0.0112969, 5.88362e-07, -0.618034, 0, 0, 0.150085, -0.149795, 0, 0.000760376, 2.49234e-06
17100, 0.304675, 0.245768, -0.00134736, 5.88362e-07, -0.618034, 0, 0, 0.150085, -0.149975, 0, 0.000286773, 2.49234e-06
17111, 0.304689, 0.245783, 0.00238493, 5.88362e-07, -0.618034, 0, 0, 0.150085, -0.150043, 0, 0.000109106, 2.49234e-06
17121, 0.305129, 0.246274, 0.0305091, 5.88362e-07, -0.618034, 0, 0, 0.150871, -0.150555, 0, 0.000828639, 2.49234e-06
17131, 0.30573, 0.246944, 0.0143358, 5.88362e-07, -0.618034, 0, 0, 0.150085, -0.150261, 0, -0.00045976, 2.49234e-06
17140, 0.306032, 0.247281, 0.00826858, 5.88362e-07, -0.618034, 0, 0, 0.150085, -0.15015, 0, -0.000170946, 2.49234e-06
17150, 0.306581, 0.247893, 0.0327162, 5.88362e-07, -0.618034, 0, 0, 0.150871, -0.150595, 0, 0.000723571, 2.49234e-06
17161, 0.307221, 0.248608, 0.0151636, 5.88362e-07, -0.618034, 0, 0, 0.150085, -0.150276, 0, -0.000499159, 2.49234e-06
17171, 0.307539, 0.248962, 0.00857919, 5.88362e-07, -0.618034, 0, 0, 0.150085, -0.150156, 0, -0.000185728, 2.49234e-06
17180, 0.308093, 0.24958, 0.0328334, 5.88362e-07, -0.618034, 0, 0, 0.150871, -0.150597, 0, 0.000718027, 2.49234e-06
17190, 0.308736, 0.250297, 0.0152078, 5.88362e-07, -0.618034, 0, 0, 0.150085, -0.150276, 0, -0.00050126, 2.49234e-06
17201, 0.309055, 0.250653, 0.00859559, 5.88362e-07, -0.618034, 0, 0, 0.150085, -0.150156, 0, -0.000186518, 2.49234e-06
17211, 0.309251, 0.250872, 0.00611559, 5.88362e-07, -0.618034, 0, 0, 0.150085, -0.150111, 0, -6.84559e-05, 2.49234e-06
17220, 0.309403, 0.251041, 0.00518538, 5.88362e-07, -0.618034, 0, 0, 0.150085, -0.150094, 0, -2.41697e-05, 2.49234e-06
17230, 0.309537, 0.251191, 0.00483625, 5.88362e-07, -0.618034, 0, 0, 0.150085, -0.150088, 0, -7.55489e-06, 2.49234e-06
17241, 0.309664, 0.251333, 0.00470512, 5.88362e-07, -0.618034, 0, 0, 0.150085, -0.150086, 0, -1.3262e-06, 2.49234e-06
17251, 0.310147, 0.251872, 0.0313795, 5.88362e-07, -0.618034, 0, 0, 0.150871, -0.150571, 0, 0.000787213, 2.49234e-06
17260, 0.311121, 0.252958, 0.0413863, 5.88362e-07, -0.618034, 0, 0, 0.150871, -0.150752, 0, 0.000310883, 2.49234e-06
17270, 0.311921, 0.253851, 0.0184164, 5.88362e-07, -0.618034, 0, 0, 0.150085, -0.150335, 0, -0.000653982, 2.49234e-06
17281, 0.312299, 0.254272, 0.00979953, 5.88362e-07, -0.618034, 0, 0, 0.150085, -0.150178, 0, -0.000243813, 2.49234e-06
17291, 0.312518, 0.254516, 0.00656717, 5.88362e-07, -0.618034, 0, 0, 0.150085, -0.150119, 0, -8.99434e-05, 2.49234e-06
17301, 0.312324, 0.2543, -0.021071, 5.88362e-07, -0.618034, 0, 0, 0.149308, -0.149617, 0, -0.000809625, 2.49234e-06
17310, 0.311975, 0.25391, -0.00501409, 5.88362e-07, -0.618034, 0, 0, 0.150085, -0.149909, 0, 0.000461295, 2.49234e-06
17320, 0.311921, 0.253851, 0.0010097, 5.88362e-07, -0.618034, 0, 0, 0.150085, -0.150018, 0, 0.000174582, 2.49234e-06
17331, 0.312336, 0.254313, 0.0299936, 5.88362e-07, -0.618034, 0, 0, 0.150871, -0.150545, 0, 0.000853196, 2.49234e-06
17341, 0.312927, 0.254972, 0.0141424, 5.88362e-07, -0.618034, 0, 0, 0.150085, -0.150257, 0, -0.000450552, 2.49234e-06
17350, 0.313225, 0.255306, 0.00819646, 5.88362e-07, -0.618034, 0, 0, 0.150085, -0.150149, 0, -0.000167504, 2.49234e-06
17360, 0.313415, 0.255517, 0.00596561, 5.88362e-07, -0.618034, 0, 0, 0.150085, -0.150108, 0, -6.13183e-05, 2.49234e-06
17371, 0.313563, 0.255683, 0.00512883, 5.88362e-07, -0.618034, 0, 0, 0.150085, -0.150093, 0, -2.14875e-05, 2.49234e-06
17381, 0.313343, 0.255437, -0.0216103, 5.88362e-07, -0.618034, 0, 0, 0.149308, -0.149607, 0, -0.000783935, 2.49234e-06
17390, 0.312984, 0.255036, -0.00521652, 5.88362e-07, -0.618034, 0, 0, 0.150085, -0.149905, 0, 0.000470936, 2.49234e-06
17400, 0.312927, 0.254972, 0.000933483, 5.88362e-07, -0.618034, 0, 0, 0.150085, -0.150017, 0, 0.000178188, 2.49234e-06
17411, 0.31334, 0.255433, 0.0299649, 5.88362e-07, -0.618034, 0, 0, 0.150871, -0.150545, 0, 0.000854552, 2.49234e-06
17421, 0.31393, 0.256092, 0.0141317, 5.88362e-07, -0.618034, 0, 0, 0.150085, -0.150257, 0, -0.00045003, 2.49234e-06
17430, 0.314229, 0.256425, 0.00819236, 5.88362e-07, -0.618034, 0, 0, 0.150085, -0.150149, 0, -0.00016731, 2.49234e-06
17440, 0.314418, 0.256636, 0.00596397, 5.88362e-07, -0.618034, 0, 0, 0.150085, -0.150108, 0, -6.12438e-05, 2.49234e-06
17451, 0.314567, 0.256802, 0.00512801, 5.88362e-07, -0.618034, 0, 0, 0.150085, -0.150093, 0, -2.14577e-05, 2.49234e-06
17461, 0.3147, 0.25695, 0.00481412, 5.88362e-07, -0.618034, 0, 0, 0.150085, -0.150088, 0, -6.52671e-06, 2.49234e-06
17471, 0.314827, 0.257092, 0.00469692, 5.88362e-07, -0.618034, 0, 0, 0.150085, -0.150085, 0, -9.23872e-07, 2.49234e-06
17480, 0.31531, 0.257631, 0.031377, 5.88362e-07, -0.618034, 0, 0, 0.150871, -0.15057, 0, 0.000787348, 2.49234e-06
17490, 0.315926, 0.258318, 0.0146612, 5.88362e-07, -0.618034, 0, 0, 0.150085, -0.150267, 0, -0.000475258, 2.49234e-06
17501, 0.316234, 0.258662, 0.00839069, 5.88362e-07, -0.618034, 0, 0, 0.150085, -0.150153, 0, -0.000176758, 2.49234e-06
17511, 0.316785, 0.259276, 0.0327621, 5.88362e-07, -0.618034, 0, 0, 0.150871, -0.150596, 0, 0.000721395, 2.49234e-06
17520, 0.317427, 0.259992, 0.0151808, 5.88362e-07, -0.618034, 0, 0, 0.150085, -0.150276, 0, -0.000499979, 2.49234e-06
17531, 0.317745, 0.260347, 0.00858575, 5.88362e-07, -0.618034, 0, 0, 0.150085, -0.150156, 0, -0.000186041, 2.49234e-06
17541, 0, 0, 0, 1.54035e-06, -0.618034, 0, 0, 0.150085, -0.150153, 0, -0.000186041, 2.49234e-06
17550, 0, 0, 0, 1.54035e-06, -0.618034, 0, 0, 0.150085, -0.150153, 0, -0.000186041, 2.49234e-06
17560, 0, 0, 0, 1.54035e-06, -0.618034, 0, 0, 0.148539, -0.150153, 0, -0.000186041, 2.49234e-06
17570, 0, 0, 0, 1.54035e-06, -0.618034, 0, 0, 0.150085, -0.150153, 0, -0.000186041, 2.49234e-06
17581, 0, 0, 0, 1.54035e-06, -0.618034, 0, 0, 0.150871, -0.150153, 0, -0.000186041, 2.49234e-06
17590, 0, 0, 0, 1.54035e-06, -0.618034, 0, 0, 0.150871, -0.150153, 0, -0.000186041, 2.49234e-06
17600, 0, 0, 0, 1.54035e-06, -0.618034, 0, 0, 0.150085, -0.150153, 0, -0.000186041, 2.49234e-06
17610, 0, 0, 0, 1.54035e-06, -0.618034, 0, 0, 0.150085, -0.150153, 0, -0.000186041, 2.49234e-06
17620, 0, 0, 0, 1.54035e-06, -0.618034, 0, 0, 0.150085, -0.150153, 0, -0.000186041, 2.49234e-06
17630, 0, 0, 0, 1.54035e-06, -0.618034, 0, 0, 0.150085, -0.150153, 0, -0.000186041, 2.49234e-06
17640, 0, 0, 0, 1.54035e-06, -0.618034, 0, 0, 0.150085, -0.150153, 0, -0.000186041, 2.49234e-06
17650, 0, 0, 0, 1.54035e-06, -0.618034, 0, 0, 0.150085, -0.150153, 0, -0.000186041, 2.49234e-06
17660, 0, 0, 0, 1.54035e-06, -0.618034, 0, 0, 0.150871, -0.150153, 0, -0.000186041, 2.49234e-06
17670, 0, 0, 0, 1.54035e-06, -0.618034, 0, 0, 0.150085, -0.150153, 0, -0.000186041, 2.49234e-06
17680, 0, 0, 0, 1.54035e-06, -0.618034, 0, 0, 0.150085, -0.150153, 0, -0.000186041, 2.49234e-06
17690, 0, 0, 0, 1.54035e-06, -0.618034, 0, 0, 0.150871, -0.150153, 0, -0.000186041, 2.49234e-06
17700, 0, 0, 0, 1.54035e-06, -0.618034, 0, 0, 0.150085, -0.150153, 0, -0.000186041, 2.49234e-06
17711, 0, 0, 0, 1.54035e-06, -0.618034, 0, 0, 0.149308, -0.150153, 0, -0.000186041, 2.49234e-06
17720, 0, 0, 0, 1.54035e-06, -0.618034, 0, 0, 0.150085, -0.150153, 0, -0.000186041, 2.49234e-06
17730, 0, 0, 0, 1.54035e-06, -0.618034, 0, 0, 0.150085, -0.150153, 0, -0.000186041, 2.49234e-06
17740, 0, 0, 0, 1.54035e-06, -0.618034, 0, 0, 0.150871, -0.150153, 0, -0.000186041, 2.49234e-06
17751, 0, 0, 0, 1.54035e-06, -0.618034, 0, 0, 0.150085, -0.150153, 0, -0.000186041, 2.49234e-06
17760, 0, 0, 0, 1.54035e-06, -0.618034, 0, 0, 0.150085, -0.150153, 0, -0.000186041, 2.49234e-06
17770, 0, 0, 0, 1.54035e-06, -0.618034, 0, 0, 0.150085, -0.150153, 0, -0.000186041, 2.49234e-06
17780, 0, 0, 0, 1.54035e-06, -0.618034, 0, 0, 0.150085, -0.150153, 0, -0.000186041, 2.49234e-06
17790, 0, 0, 0, 1.54035e-06, -0.618034, 0, 0, 0.150085, -0.150153, 0, -0.000186041, 2.49234e-06
17800, 0, 0, 0, 1.54035e-06, -0.618034, 0, 0, 0.150085, -0.150153, 0, -0.000186041, 2.49234e-06
17810, 0, 0, 0, 1.54035e-06, -0.618034, 0, 0, 0.150871, -0.150153, 0, -0.000186041, 2.49234e-06
17820, 0, 0, 0, 1.54035e-06, -0.618034, 0, 0, 0.148539, -0.150153, 0, -0.000186041, 2.49234e-06
17830, 0, 0, 0, 1.54035e-06, -0.618034, 0, 0, 0.150085, -0.150153, 0, -0.000186041, 2.49234e-06
17840, 0, 0, 0, 1.54035e-06, -0.618034, 0, 0, 0.150871, -0.150153, 0, -0.000186041, 2.49234e-06
17850, 0, 0, 0, 1.54035e-06, -0.618034, 0, 0, 0.150085, -0.150153, 0, -0.000186041, 2.49234e-06
17860, 0, 0, 0, 1.54035e-06, -0.618034, 0, 0, 0.150085, -0.150153, 0, -0.000186041, 2.49234e-06
17870, 0, 0, 0, 1.54035e-06, -0.618034, 0, 0, 0.150085, -0.150153, 0, -0.000186041, 2.49234e-06
17881, 0, 0, 0, 1.54035e-06, -0.618034, 0, 0, 0.150085, -0.150153, 0, -0.000186041, 2.49234e-06
17890, 0, 0, 0, 1.54035e-06, -0.618034, 0, 0, 0.150871, -0.150153, 0, -0.000186041, 2.49234e-06
17900, 0, 0, 0, 1.54035e-06, -0.618034, 0, 0, 0.150085, -0.150153, 0, -0.000186041, 2.49234e-06
17910, 0, 0, 0, 1.54035e-06, -0.618034, 0, 0, 0.150085, -0.150153, 0, -0.000186041, 2.49234e-06
17921, 0, 0, 0, 1.54035e-06, -0.618034, 0, 0, 0.150871, -0.150153, 0, -0.000186041, 2.49234e-06
17930, 0, 0, 0, 1.54035e-06, -0.618034, 0, 0, 0.150085, -0.150153, 0, -0.000186041, 2.49234e-06
17940, 0, 0, 0, 1.54035e-06, -0.618034, 0, 0, 0.150085, -0.150153, 0, -0.000186041, 2.49234e-06
17950, 0, 0, 0, 1.54035e-06, -0.618034, 0, 0, 0.150085, -0.150153, 0, -0.000186041, 2.49234e-06
17960, 0, 0, 0, 1.54035e-06, -0.618034, 0, 0, 0.150085, -0.150153, 0, -0.000186041, 2.49234e-06
17970, 0, 0, 0, 1.54035e-06, -0.618034, 0, 0, 0.149308, -0.150153, 0, -0.000186041, 2.49234e-06
17980, 0, 0, 0, 1.54035e-06, -0.618034, 0, 0, 0.149308, -0.150153, 0, -0.000186041, 2.49234e-06
17990, 0, 0, 0, 1.54035e-06, -0.618034, 0, 0, 0.150085, -0.150153, 0, -0.000186041, 2.49234e-06
18000, 0, 0, 0, 1.54035e-06, -0.618034, 0, 0, 0.150871, -0.150153, 0, -0.000186041, 2.49234e-06
18010, 0, 0, 0, 1.54035e-06, -0.618034, 0, 0, 0.150085, -0.150153, 0, -0.000186041, 2.49234e-06
18020, 0, 0, 0, 1.54035e-06, -0.618034, 0, 0, 0.150871, -0.150153, 0, -0.000186041, 2.49234e-06
18030, 0, 0, 0, 1.54035e-06, -0.618034, 0, 0, 0.150085, -0.150153, 0, -0.000186041, 2.49234e-06
18040, 0, 0, 0, 1.54035e-06, -0.618034, 0, 0, 0.150871, -0.150153, 0, -0.000186041, 2.49234e-06
18051, 0, 0, 0, 1.54035e-06, -0.618034, 0, 0, 0.150085, -0.150153, 0, -0.000186041, 2.49234e-06
18060, 0, 0, 0, 1.54035e-06, -0.618034, 0, 0, 0.150085, -0.150153, 0, -0.000186041, 2.49234e-06
18070, 0, 0, 0, 1.54035e-06, -0.618034, 0, 0, 0.150085, -0.150153, 0, -0.000186041, 2.49234e-06
18080, 0, 0, 0, 1.54035e-06, -0.618034, 0, 0, 0.150085, -0.150153, 0, -0.000186041, 2.49234e-06
18091, 0, 0, 0, 1.54035e-06, -0.618034, 0, 0, 0.150085, -0.150153, 0, -0.000186041, 2.49234e-06
18100, 0, 0, 0, 1.54035e-06, -0.618034, 0, 0, 0.150085, -0.150153, 0, -0.000186041, 2.49234e-06
18110, 0, 0, 0, 1.54035e-06, -0.618034, 0, 0, 0.150085, -0.150153, 0, -0.000186041, 2.49234e-06
18120, 0, 0, 0, 1.54035e-06, -0.618034, 0, 0, 0.150085, -0.150153, 0, -0.000186041, 2.49234e-06
18130, 0, 0, 0, 1.54035e-06, -0.618034, 0, 0, 0.150085, -0.150153, 0, -0.000186041, 2.49234e-06
18140, 0, 0, 0, 1.54035e-06, -0.618034, 0, 0, 0.150085, -0.150153, 0, -0.000186041, 2.49234e-06
18150, 0, 0, 0, 1.54035e-06, -0.618034, 0, 0, 0.150871, -0.150153, 0, -0.000186041, 2.49234e-06
