QGPIORecord, QRC v6.1.0, 07-12-2021 @ 11:08:37, Windows 10 Version 2009, 10.0.19042, x86_64
Time, ra, va, VoltageState, rb, vb, ia, ib, volta, voltb, ValueIn9, ValueIn10, ValueIn11
16400, 0.00350624, 0, 1, 0, 0, 0, 0.00298024, 0, 0, 0, 0, 0
16411, 0.00350624, 0, 1, 0, 0, 0, 0, 0, 0, 0, 0, 0
16420, 0.00350624, 0, 1, 0, 0, 0, 0, 0, 0, 0, 0, 0
16431, 0.00350624, 0, 1, 0, 0, 0, 0, 0, 0, 0, 0, 0
16440, 0.00350624, 0, 1, 0, 0, 0, 0, 0, 0, 0, 0, 0
16450, 0.00350624, 0, 1, 0, 0, 0, 0, 0, 0, 0, 0, 0
16460, 0.00350624, 0, 1, 0, 0, 0, 0, 0, 0, 0, 0, 0
16471, 0.00350624, 0, 1, 0, 0, 0, 0, 0, 0, 0, 0, 0
16480, 0.00350624, 0, 1, 0, 0, 0.00298024, 0.00298024, 0, 0, 0, 0, 0
16490, 0.00350624, 0, 1, 0, 0, 0, 0, 0, 0, 0, 0, 0
16500, 0.00350624, 0, 1, 0, 0, 0, 0, 0, 0, 0, 0, 0
16510, 0.00350624, 0, 1, 0, 0, 0, 0, 0, 0, 0, 0, 0
16520, 0.00350624, 0, 1, 0, 0, 0, 0, 0, 0, 0, 0, 0
16530, 0.00350624, 0, 1, 0, 0, 0, 0, 0, 0, 0, 0, 0
16540, 0.00350624, 0, 1, 0, 0, 0, 0, 0, 0, 0, 0, 0
16550, 0.00350624, 0, 1, 0, 0, 0, 0.00298024, 0, 0, 0, 0, 0
16561, 0.00350624, 0, 1, 0, 0, 0, 0, 0, 0, 0, 0, 0
16570, 0.00350624, 0, 1, 0, 0, 0, 0, 0, 0, 0, 0, 0
16580, 0.00350624, 0, 1, 0, 0, 0.00596047, 0, 0, 0, 0, 0, 0
16590, 0.00350624, 0, 1, 0, 0, 0, 0, 0, 0, 0, 0, 0
16601, 0.00350624, 0, 1, 0, 0, 0, 0, 0, 0, 0, 0, 0
16610, 0.00350624, 0, 1, 0, 0, 0, 0, 0, 0, 0, 0, 0
16620, 0.00350624, 0, 1, 0, 0, 0, 0, 0, 0, 0, 0, 0
16630, 0.00350624, 0, 1, 0, 0, 0, 0, 0, 0, 0, 0, 0
16641, 0.00350624, 0, 1, 0, 0, 0, 0, 0, 0, 0, 0, 0
16650, 0.00350624, 0, 1, 0, 0, 0.00298024, 0, 0, 0, 0, 0, 0
16660, 0.00350624, 0, 1, 0, 0, 0, 0, 0, 0, 0, 0, 0
16670, 0.00350624, 0, 1, 0, 0, 0, 0, 0, 0, 0, 0, 0
16680, 0.00350624, 0, 1, 0, 0, 0, 0.00298024, 0, 0, 0, 0, 0
16690, 0.00350624, 0, 1, 0, 0, 0, 0, 0, 0, 0, 0, 0
16700, 0.00350624, 0, 1, 0, 0, 0, 0, 0, 0, 0, 0, 0
16710, 0.00350624, 0, 1, 0, 0, 0, 0, 0, 0, 0, 0, 0
16720, 0.00350624, 0, 1, 0, 0, 0, 0, 0, 0, 0, 0, 0
16731, 0.00350624, 0, 1, 0, 0, 0, 0, 0, 0, 0, 0, 0
16740, 0.00350624, 0, 1, 0, 0, 0, 0, 0, 0, 0, 0, 0
16750, 0.00350624, 0, 1, 0, 0, 0, 0, 0, 0, 0, 0, 0
16760, 0.00350624, 0, 1, 0, 0, -0.00298024, 0.00298024, 0, 0, 0, 0, 0
16771, 0.00350624, 0, 1, 0, 0, 0.00298024, 0, 0, 0, 0, 0, 0
16780, 0.00350624, 0, 1, 0, 0, 0, 0, 0, 0, 0, 0, 0
16790, 0.00350624, 0, 1, 0, 0, 0, 0, 0, 0, 0, 0, 0
16800, 0.00350624, 0, 1, 0, 0, 0, 0, 0, 0, 0, 0, 0
16811, 0.00350624, 0, 1, 0, 0, 0, 0, 0, 0, 0, 0, 0
16820, 0.00350624, 0, 1, 0, 0, 0, 0, 0, 0, 0, 0, 0
16830, 0.00350624, 0, 1, 0, 0, 0, 0.00298024, 0, 0, 0, 0, 0
16840, 0.00350624, 0, 1, 0, 0, 0, 0, 0, 0, 0, 0, 0
16850, 0.00350624, 0, 1, 0, 0, 0, 0, 0, 0, 0, 0, 0
16861, 0.00350624, 0, 1, 0, 0, 0.00298024, 0, 0, 0, 0, 0, 0
16870, 0.00350624, 0, 1, 0, 0, 0, 0.00298024, 0, 0, 0, 0, 0
16880, 0.00350624, 0, 1, 0, 0, 0, 0, 0, 0, 0, 0, 0
16890, 0.00350624, 0, 1, 0, 0, 0, 0, 0, 0, 0, 0, 0
16901, 0.00350624, 0, 1, 0, 0, 0, 0, 0, 0, 0, 0, 0
16910, 0.00350624, 0, 1, 0, 0, 0, 0, 0, 0, 0, 0, 0
16920, 0.00350624, 0, 1, 0, 0, 0, 0, 0, 0, 0, 0, 0
16930, 0.00350624, 0, 1, 0, 0, 0.00298024, 0, 0, 0, 0, 0, 0
16941, 0.00350624, 0, 1, 0, 0, 0, 0, 0, 0, 0, 0, 0
16950, 0.00350624, 0, 1, 0, 0, 0.00298024, 0, 0, 0, 0, 0, 0
16960, 0.00350624, 0, 1, 0, 0, 0, 0, 0, 0, 0, 0, 0
16970, 0.00350624, 0, 1, 0, 0, 0, 0.00298024, 0, 0, 0, 0, 0
16980, 0.00350624, 0, 1, 0, 0, 0, 0, 0, 0, 0, 0, 0
16990, 0.00350624, 0, 1, 0, 0, 0, 0, 0, 0, 0, 0, 0
17000, 0.00350624, 0, 1, 0, 0, 0, 0, 0, 0, 0, 0, 0
17010, 0.00350624, 0, 1, 0, 0, 0, 0, 0, 0, 0, 0, 0
17020, 0.00350624, 0, 1, 0, 0, 0, 0, 0, 0, 0, 0, 0
17031, 0.00350624, 0, 1, 0, 0, 0, 0, 0, 0, 0, 0, 0
17040, 0.00350624, 0, 1, 0, 0, 0, 0.00298024, 0, 0, 0, 0, 0
17050, 0.00350624, 0, 1, 0, 0, 0.00298024, 0, 0, 0, 0, 0, 0
17060, 0.00350624, 0, 1, 0, 0, 0, 0, 0, 0, 0, 0, 0
17071, 0.00350624, 0, 1, 0, 0, 0, 0, 0, 0, 0, 0, 0
17080, 0.00350624, 0, 1, 0, 0, 0, 0, 0, 0, 0, 0, 0
17090, 0.00350624, 0, 1, 0, 0, 0, 0, 0, 0, 0, 0, 0
17100, 0.00350624, 0, 1, 0, 0, 0, 0, 0, 0, 0, 0, 0
17111, 0.00350624, 0, 1, 0, 0, 0.00298024, 0, 0, 0, 0, 0, 0
17120, 0.00350624, 0, 1, 0, 0, 0, 0, 0, 0, 0, 0, 0
17130, 0.00350624, 0, 1, 0, 0, 0, 0, 0, 0, 0, 0, 0
17140, 0.00350624, 0, 1, 0, 0, 0, 0, 0, 0, 0, 0, 0
17150, 0.00350624, 0, 1, 0, 0, 0, 0, 0, 0, 0, 0, 0
17160, 0.00350624, 0, 1, 0, 0, 0, 0.00298024, 0, 0, 0, 0, 0
17170, 0.00350624, 0, 1, 0, 0, 0, 0, 0, 0, 0, 0, 0
17180, 0.00350624, 0, 1, 0, 0, 0, 0, 0, 0, 0, 0, 0
17190, 0.00350624, 0, 1, 0, 0, 0, 0, 0, 0, 0, 0, 0
17201, 0.00350624, 0, 1, 0, 0, 0, 0, 0, 0, 0, 0, 0
17210, 0.00350624, 0, 1, 0, 0, 0, 0, 0, 0, 0, 0, 0
17220, 0.00350624, 0, 1, 0, 0, 0, 0.00596047, 0, 0, 0, 0, 0
17230, 0.00350624, 0, 1, 0, 0, 0, 0, 0, 0, 0, 0, 0
17241, 0.00350624, 0, 1, 0, 0, 0.00298024, 0, 0, 0, 0, 0, 0
17250, 0.00350624, 0, 1, 0, 0, 0, 0, 0, 0, 0, 0, 0
17260, 0.00350624, 0, 1, 0, 0, 0, 0, 0, 0, 0, 0, 0
17270, 0.00350624, 0, 1, 0, 0, 0, 0, 0, 0, 0, 0, 0
17281, 0.00350624, 0, 1, 0, 0, 0, 0, 0, 0, 0, 0, 0
17290, 0.00350624, 0, 1, 0, 0, 0, 0.00298024, 0, 0, 0, 0, 0
17300, 0.00350624, 0, 1, 0, 0, 0, 0, 0, 0, 0, 0, 0
17310, 0.00350624, 0, 1, 0, 0, 0, 0, 0, 0, 0, 0, 0
17320, 0.00350624, 0, 1, 0, 0, 0.00298024, 0, 0, 0, 0, 0, 0
17331, 0.00350624, 0, 1, 0, 0, 0, 0, 0, 0, 0, 0, 0
17340, 0.00350624, 0, 1, 0, 0, 0, 0.00298024, 0, 0, 0, 0, 0
17350, 0.00350624, 0, 1, 0, 0, 0, 0, 0, 0, 0, 0, 0
17360, 0.00350624, 0, 1, 0, 0, 0, 0, 0, 0, 0, 0, 0
17371, 0.00350624, 0, 1, 0, 0, 0, 0, 0, 0, 0, 0, 0
17380, 0.00350624, 0, 1, 0, 0, 0, 0, 0, 0, 0, 0, 0
17390, 0.00350624, 0, 1, 0, 0, 0.00298024, 0, 0, 0, 0, 0, 0
17400, 0.00350624, 0, 1, 0, 0, 0, 0, 0, 0, 0, 0, 0
17411, 0.00350624, 0, 1, 0, 0, 0, 0, 0, 0, 0, 0, 0
17420, 0.00350624, 0, 1, 0, 0, 0, 0, 0, 0, 0, 0, 0
17430, 0.00350624, 0, 1, 0, 0, 0, 0, 0, 0, 0, 0, 0
17440, 0.00350624, 0, 1, 0, 0, 0, 0.00298024, 0, 0, 0, 0, 0
17451, 0.00350624, 0, 1, 0, 0, 0, 0, 0, 0, 0, 0, 0
17460, 0.00350624, 0, 1, 0, 0, 0, 0, 0, 0, 0, 0, 0
17470, 0.00350624, 0, 1, 0, 0, 0, 0, 0, 0, 0, 0, 0
17480, 0.00350624, 0, 1, 0, 0, 0, 0, 0, 0, 0, 0, 0
17490, 0.00350624, 0, 1, 0, 0, 0, 0, 0, 0, 0, 0, 0
17501, 0.00350624, 0, 1, 0, 0, 0, 0.00298024, 0, 0, 0, 0, 0
17510, 0.00350624, 0, 1, 0, 0, 0, 0, 0, 0, 0, 0, 0
17520, 0.00350624, 0, 1, 0, 0, 0.00298024, 0, 0, 0, 0, 0, 0
17530, 0.00350624, 0, 1, 0, 0, 0, 0.00298024, 0, 0, 0, 0, 0
17541, 0.00350624, 0, 1, 0, 0, 0, 0, 0, 0, 0, 0, 0
17550, 0.00350624, 0, 1, 0, 0, 0, 0, 0, 0, 0, 0, 0
17560, 0.00350624, 0, 1, 0, 0, 0, 0, 0, 0, 0, 0, 0
17570, 0.00350624, 0, 1, 0, 0, 0, 0.00298024, 0, 0, 0, 0, 0
17581, 0.00350624, 0, 1, 0, 0, 0, 0, 0, 0, 0, 0, 0
17590, 0.00350624, 0, 1, 0, 0, 0, 0, 0, 0, 0, 0, 0
17600, 0.00350624, 0, 1, 0, 0, 0.00298024, 0, 0, 0, 0, 0, 0
17610, 0.00350624, 0, 1, 0, 0, 0, 0, 0, 0, 0, 0, 0
17620, 0.00350624, 0, 1, 0, 0, 0, 0, 0, 0, 0, 0, 0
17630, 0.00350624, 0, 1, 0, 0, 0, 0.00298024, 0, 0, 0, 0, 0
17640, 0.00350624, 0, 1, 0, 0, 0, 0, 0, 0, 0, 0, 0
17650, 0.00350624, 0, 1, 0, 0, 0, 0, 0, 0, 0, 0, 0
17660, 0.00350624, 0, 1, 0, 0, 0, 0, 0, 0, 0, 0, 0
17671, 0.00350624, 0, 1, 0, 0, 0.00298024, 0, 0, 0, 0, 0, 0
17680, 0.00350624, 0, 1, 0, 0, 0, 0, 0, 0, 0, 0, 0
17690, 0.00350624, 0, 1, 0, 0, 0, 0, 0, 0, 0, 0, 0
17700, 0.00350624, 0, 1, 0, 0, 0, 0, 0, 0, 0, 0, 0
17711, 0.00350624, 0, 1, 0, 0, 0.00298024, 0, 0, 0, 0, 0, 0
17720, 0.00350624, 0, 1, 0, 0, 0, 0, 0, 0, 0, 0, 0
17730, 0.00350624, 0, 1, 0, 0, 0, 0, 0, 0, 0, 0, 0
17740, 0.00350624, 0, 1, 0, 0, 0, 0, 0, 0, 0, 0, 0
17751, 0.00350624, 0, 1, 0, 0, 0, 0, 0, 0, 0, 0, 0
17760, 0.00350624, 0, 1, 0, 0, 0, 0, 0, 0, 0, 0, 0
17770, 0.00350624, 0, 1, 0, 0, 0, 0, 0, 0, 0, 0, 0
17780, 0.00350624, 0, 1, 0, 0, 0, 0.00298024, 0, 0, 0, 0, 0
17790, 0.00350624, 0, 1, 0, 0, 0, 0, 0, 0, 0, 0, 0
17800, 0.00350624, 0, 1, 0, 0, 0, 0, 0, 0, 0, 0, 0
17810, 0.00350624, 0, 1, 0, 0, 0.00298024, 0, 0, 0, 0, 0, 0
17820, 0.00350624, 0, 1, 0, 0, 0, 0, 0, 0, 0, 0, 0
17830, 0.00350624, 0, 1, 0, 0, 0, 0, 0, 0, 0, 0, 0
17841, 0.00350624, 0, 1, 0, 0, 0, 0, 0, 0, 0, 0, 0
17850, 0.00350624, 0, 1, 0, 0, 0, 0.00298024, 0, 0, 0, 0, 0
17860, 0.00350624, 0, 1, 0, 0, 0, 0, 0, 0, 0, 0, 0
17870, 0.00350624, 0, 1, 0, 0, 0, 0, 0, 0, 0, 0, 0
17881, 0.00350624, 0, 1, 0, 0, 0, 0, 0, 0, 0, 0, 0
17890, 0.00350624, 0, 1, 0, 0, 0, 0, 0, 0, 0, 0, 0
17900, 0.00350624, 0, 1, 0, 0, 0, 0, 0, 0, 0, 0, 0
17910, 0.00350624, 0, 1, 0, 0, 0, 0, 0, 0, 0, 0, 0
17921, 0.00350624, 0, 1, 0, 0, 0, 0, 0, 0, 0, 0, 0
17930, 0.00350624, 0, 1, 0, 0, 0, 0, 0, 0, 0, 0, 0
17940, 0.00350624, 0, 1, 0, 0, 0, 0, 0, 0, 0, 0, 0
17950, 0.00350624, 0, 1, 0, 0, 0, 0, 0, 0, 0, 0, 0
17960, 0.00350624, 0, 1, 0, 0, 0, 0, 0, 0, 0, 0, 0
17970, 0.00350624, 0, 1, 0, 0, 0, 0, 0, 0, 0, 0, 0
17980, 0.00350624, 0, 1, 0, 0, 0, 0, 0, 0, 0, 0, 0
17990, 0.00350624, 0, 1, 0, 0, 0.00298024, 0, 0, 0, 0, 0, 0
18000, 0.00350624, 0, 1, 0, 0, 0, 0.00298024, 0, 0, 0, 0, 0
18011, 0.00350624, 0, 1, 0, 0, 0, 0, 0, 0, 0, 0, 0
18020, 0.00350624, 0, 1, 0, 0, 0, 0, 0, 0, 0, 0, 0
18030, 0.00350624, 0, 1, 0, 0, 0, 0, 0, 0, 0, 0, 0
18040, 0.00350624, 0, 1, 0, 0, 0, 0, 0, 0, 0, 0, 0
18051, 0, -0.350624, 1, 0, 0, 0, 0, 0, 0, 0, 0, 0
18060, 0, 0, 1, 0, 0, 0.0327826, 0.0417233, 12, 12, 0, 0, 0
18070, 0.0666186, 6.99846, 1, 0.0666186, 6.61978, 0.441075, 0.441075, 12, 12, 0, 0, 0
18080, 0.210375, 14.0355, 1, 0.203362, 14.025, 0.432134, 0.438095, 12, 12, 0, 0, 0
18091, 0.385687, 17.5172, 1, 0.375168, 17.1666, 0.354648, 0.360608, 12, 12, 0, 0, 0
18101, 0.571517, 18.9407, 1, 0.560999, 18.5971, 0.312925, 0.303984, 12, 12, 0, 0, 0
18110, 0.764361, 18.9337, 1, 0.753842, 19.2738, 0.277162, 0.268221, 12, 12, 0, 0, 0
18120, 0.957204, 19.635, 1, 0.953698, 19.968, 0.25332, 0.229478, 12, 12, 0, 0, 0
18130, 1.15355, 19.6174, 1, 1.15355, 19.642, 0.25332, 0.229478, 12, 12, 0, 0, 0
18141, 1.3499, 19.6174, 1, 1.3499, 19.635, 0.24736, 0.232458, 12, 12, 0, 0, 0
18151, 1.54976, 19.649, 1, 1.54625, 19.961, 0.232458, 0.229478, 12, 12, 0, 0, 0
18160, 1.75312, 20.3362, 1, 1.74611, 20.3572, 0.220537, 0.214577, 12, 12, 0, 0, 0
18170, 1.95648, 20.3362, 1, 1.94596, 19.635, 0.217557, 0.220537, 12, 12, 0, 0, 0
18181, 2.16335, 20.6868, 1, 2.14582, 19.9856, 0.208616, 0.223518, 12, 12, 0, 0, 0
18191, 2.36671, 20.6868, 1, 2.34568, 19.642, 0.205636, 0.223518, 12, 12, 0, 0, 0
18200, 2.57358, 20.6868, 1, 2.54203, 19.9926, 0.199676, 0.226498, 12, 12, 0, 0, 0
18210, 2.77694, 20.3257, 1, 2.73487, 19.2598, 0.205636, 0.244379, 12, 12, 0, 0, 0
18221, 2.98381, 20.3432, 1, 2.93122, 19.635, 0.202656, 0.241399, 12, 12, 0, 0, 0
18231, 3.18717, 20.3257, 1, 3.12056, 18.9232, 0.208616, 0.25332, 12, 12, 0, 0, 0
18240, 3.39054, 20.3432, 1, 3.3134, 19.3124, 0.214577, 0.244379, 12, 12, 0, 0, 0
18250, 3.5939, 20.3362, 1, 3.50624, 19.2668, 0.208616, 0.25034, 12, 12, 0, 0, 0
18260, 3.80077, 21.0094, 1, 3.70259, 19.6244, 0.196696, 0.241399, 12, 12, 0, 0, 0
18271, 4.00763, 20.7009, 1, 3.89543, 19.2984, 0.193715, 0.25332, 12, 12, 0, 0, 0
18280, 4.211, 19.9926, 1, 4.08828, 19.2738, 0.211597, 0.2563, 12, 12, 0, 0, 0
18290, 4.41436, 20.3432, 1, 4.28112, 19.3054, 0.211597, 0.24736, 12, 12, 0, 0, 0
18300, 4.62123, 20.7009, 1, 4.48098, 19.961, 0.202656, 0.232458, 12, 12, 0, 0, 0
18311, 4.82809, 21.0199, 1, 4.67733, 19.635, 0.202656, 0.235439, 12, 12, 0, 0, 0
18321, 5.03146, 20.3502, 1, 4.87368, 19.6244, 0.205636, 0.232458, 12, 12, 0, 0, 0
18330, 5.23833, 20.6588, 1, 5.07003, 19.635, 0.196696, 0.238419, 12, 12, 0, 0, 0
18340, 5.4487, 20.6868, 1, 5.26988, 19.9926, 0.196696, 0.229478, 12, 12, 0, 0, 0
18351, 5.65557, 21.062, 1, 5.46974, 19.9996, 0.193715, 0.226498, 12, 12, 0, 0, 0
18361, 5.86594, 20.6342, 1, 5.66609, 19.6034, 0.193715, 0.226498, 12, 12, 0, 0, 0
18370, 6.07632, 21.0445, 1, 5.86244, 19.649, 0.187755, 0.235439, 12, 12, 0, 0, 0
18380, 6.28319, 21.0515, 1, 6.05879, 19.6244, 0.193715, 0.241399, 12, 12, 0, 0, 0
18391, 6.49356, 20.6868, 1, 6.25163, 19.2843, 0.190735, 0.25332, 12, 12, 0, 0, 0
18401, 6.69342, 19.9505, 1, 6.44097, 18.9232, 0.208616, 0.2563, 12, 12, 0, 0, 0
18410, 6.88977, 20.0171, 1, 6.6303, 18.9547, 0.226498, 0.262261, 12, 12, 0, 0, 0
18420, 7.08611, 19.656, 1, 6.82315, 19.2913, 0.235439, 0.24736, 12, 12, 0, 0, 0
18430, 7.28597, 19.6244, 1, 7.01599, 19.2738, 0.232458, 0.241399, 12, 12, 0, 0, 0
18441, 7.48933, 20.3011, 1, 7.21234, 19.6034, 0.223518, 0.238419, 12, 12, 0, 0, 0
18450, 7.68919, 19.9996, 1, 7.4122, 19.9926, 0.223518, 0.232458, 12, 12, 0, 0, 0
18460, 7.88904, 20.0066, 1, 7.60854, 19.649, 0.226498, 0.229478, 12, 12, 0, 0, 0
18470, 8.0889, 20.2871, 1, 7.80489, 19.9751, 0.229478, 0.223518, 12, 12, 0, 0, 0
18481, 8.29226, 20.0066, 1, 8.00826, 19.9856, 0.217557, 0.214577, 12, 12, 0, 0, 0
18491, 8.49913, 21.0445, 1, 8.21162, 20.3257, 0.199676, 0.220537, 12, 12, 0, 0, 0
18500, 8.706, 20.3117, 1, 8.41147, 19.9996, 0.205636, 0.223518, 12, 12, 0, 0, 0
18510, 8.91287, 20.7009, 1, 8.60782, 19.2738, 0.202656, 0.232458, 12, 12, 0, 0, 0
18521, 9.11272, 20.3572, 1, 8.80067, 19.656, 0.214577, 0.235439, 12, 12, 0, 0, 0
18531, 9.31959, 20.3187, 1, 8.99702, 19.6034, 0.208616, 0.241399, 12, 12, 0, 0, 0
18540, 9.51945, 20.3572, 1, 9.18986, 19.3229, 0.211597, 0.241399, 12, 12, 0, 0, 0
18550, 9.72281, 19.9435, 1, 9.38621, 19.6104, 0.220537, 0.241399, 12, 12, 0, 0, 0
18561, 9.92266, 20.0171, 1, 9.57905, 19.2843, 0.217557, 0.241399, 12, 12, 0, 0, 0
18571, 10.1295, 20.6342, 1, 9.77891, 19.968, 0.211597, 0.235439, 12, 12, 0, 0, 0
18580, 10.3364, 20.7359, 1, 9.97175, 19.2984, 0.199676, 0.241399, 12, 12, 0, 0, 0
18590, 10.5363, 20.3362, 1, 10.1681, 19.3229, 0.217557, 0.241399, 12, 12, 0, 0, 0
18600, 10.7361, 19.6174, 1, 10.3609, 19.5929, 0.223518, 0.238419, 12, 12, 0, 0, 0
18611, 10.9395, 20.3187, 1, 10.5643, 20.3187, 0.223518, 0.217557, 12, 12, 0, 0, 0
18620, 11.1393, 20.3502, 1, 10.7677, 20.3572, 0.220537, 0.211597, 12, 12, 0, 0, 0
18630, 11.3427, 19.961, 1, 10.971, 20.3187, 0.226498, 0.208616, 12, 12, 0, 0, 0
18640, 11.5425, 20.0312, 1, 11.1709, 19.9926, 0.223518, 0.205636, 12, 12, 0, 0, 0
18651, 11.7459, 20.3011, 1, 11.3778, 20.6763, 0.220537, 0.196696, 12, 12, 0, 0, 0
18661, 11.9458, 20.3362, 1, 11.5811, 20.3257, 0.223518, 0.202656, 12, 12, 0, 0, 0
18670, 12.1491, 20.3502, 1, 11.7845, 20.3818, 0.220537, 0.202656, 12, 12, 0, 0, 0
18680, 12.356, 20.3362, 1, 11.9913, 20.6448, 0.214577, 0.202656, 12, 12, 0, 0, 0
18691, 12.5594, 20.3257, 1, 12.1912, 19.9926, 0.217557, 0.211597, 12, 12, 0, 0, 0
18701, 12.7557, 19.635, 1, 12.384, 19.2668, 0.226498, 0.235439, 12, 12, 0, 0, 0
18710, 12.9521, 19.9856, 1, 12.5804, 19.649, 0.232458, 0.235439, 12, 12, 0, 0, 0
18720, 13.1484, 19.2984, 1, 12.7767, 19.635, 0.244379, 0.232458, 12, 12, 0, 0, 0
18731, 13.3377, 18.9337, 1, 12.9731, 19.635, 0.262261, 0.232458, 12, 12, 0, 0, 0
18741, 13.5271, 18.9232, 1, 13.1694, 19.6244, 0.268221, 0.229478, 12, 12, 0, 0, 0
18750, 13.7199, 19.2598, 1, 13.3693, 19.649, 0.25928, 0.226498, 12, 12, 0, 0, 0
18760, 13.9163, 19.649, 1, 13.5656, 19.9926, 0.25034, 0.226498, 12, 12, 0, 0, 0
18770, 14.1161, 19.9751, 1, 13.7655, 19.961, 0.238419, 0.220537, 12, 12, 0, 0, 0
18781, 14.3125, 19.9751, 1, 13.9654, 19.9926, 0.235439, 0.214577, 12, 12, 0, 0, 0
18791, 14.5123, 19.9751, 1, 14.1687, 20.3187, 0.238419, 0.211597, 12, 12, 0, 0, 0
18800, 14.7122, 19.656, 1, 14.3721, 20.3502, 0.232458, 0.205636, 12, 12, 0, 0, 0
18810, 14.9191, 20.6763, 1, 14.5754, 20.3502, 0.214577, 0.208616, 12, 12, 0, 0, 0
18821, 15.1224, 20.3362, 1, 14.7753, 19.961, 0.214577, 0.220537, 12, 12, 0, 0, 0
18831, 15.3258, 20.3362, 1, 14.9717, 19.6244, 0.214577, 0.229478, 12, 12, 0, 0, 0
18840, 15.5256, 19.9996, 1, 15.168, 19.642, 0.223518, 0.229478, 12, 12, 0, 0, 0
18850, 15.7255, 20.3257, 1, 15.3679, 20.0066, 0.220537, 0.226498, 12, 12, 0, 0, 0
18861, 15.9254, 19.9856, 1, 15.5642, 19.642, 0.226498, 0.229478, 12, 12, 0, 0, 0
18871, 16.1252, 19.6174, 1, 15.7641, 19.6104, 0.226498, 0.229478, 12, 12, 0, 0, 0
18880, 16.3216, 19.9751, 1, 15.9534, 19.2843, 0.229478, 0.244379, 12, 12, 0, 0, 0
18890, 16.5249, 19.9926, 1, 16.1533, 19.9856, 0.226498, 0.232458, 12, 12, 0, 0, 0
18900, 16.7283, 20.3432, 1, 16.3531, 19.9751, 0.220537, 0.226498, 12, 12, 0, 0, 0
18911, 16.9246, 19.6244, 1, 16.5495, 19.6244, 0.229478, 0.226498, 12, 12, 0, 0, 0
18920, 17.121, 19.649, 1, 16.7458, 19.656, 0.241399, 0.232458, 12, 12, 0, 0, 0
18930, 17.3173, 19.9996, 1, 16.9492, 20.3432, 0.238419, 0.214577, 12, 12, 0, 0, 0
18940, 17.5172, 19.635, 1, 17.1525, 20.3187, 0.238419, 0.211597, 12, 12, 0, 0, 0
18951, 17.717, 19.9435, 1, 17.3559, 20.3187, 0.232458, 0.205636, 12, 12, 0, 0, 0
18961, 17.9169, 20.0241, 1, 17.5593, 20.3362, 0.229478, 0.202656, 12, 12, 0, 0, 0
18970, 18.1168, 20.3011, 1, 17.7661, 20.7009, 0.229478, 0.190735, 12, 12, 0, 0, 0
18980, 18.3201, 19.9996, 1, 17.973, 20.6868, 0.229478, 0.193715, 12, 12, 0, 0, 0
18991, 18.52, 19.961, 1, 18.1799, 20.6763, 0.223518, 0.196696, 12, 12, 0, 0, 0
19001, 18.7233, 20.3502, 1, 18.3832, 20.3257, 0.220537, 0.199676, 12, 12, 0, 0, 0
19010, 18.9267, 20.3432, 1, 18.5866, 20.3502, 0.220537, 0.205636, 12, 12, 0, 0, 0
19020, 19.1195, 19.635, 1, 18.7829, 19.656, 0.238419, 0.217557, 12, 12, 0, 0, 0
19031, 19.3159, 19.2598, 1, 18.9828, 19.961, 0.25034, 0.217557, 12, 12, 0, 0, 0
19041, 19.5052, 19.3054, 1, 19.1862, 20.3432, 0.262261, 0.211597, 12, 12, 0, 0, 0
19050, 19.6911, 18.2465, 1, 19.3825, 19.6244, 0.283122, 0.226498, 12, 12, 0, 0, 0
19060, 19.8769, 18.5655, 1, 19.5789, 19.635, 0.289083, 0.223518, 12, 12, 0, 0, 0
19070, 20.0662, 18.9092, 1, 19.7787, 19.635, 0.271201, 0.220537, 12, 12, 0, 0, 0
19081, 20.2626, 19.6244, 1, 19.9821, 20.6693, 0.2563, 0.211597, 12, 12, 0, 0, 0
19090, 20.4589, 19.642, 1, 20.1854, 20.3362, 0.25034, 0.202656, 12, 12, 0, 0, 0
19100, 20.6553, 19.642, 1, 20.3888, 20.3502, 0.24736, 0.202656, 12, 12, 0, 0, 0
19110, 20.8516, 19.9856, 1, 20.5887, 19.9926, 0.241399, 0.205636, 12, 12, 0, 0, 0
19121, 21.0515, 19.642, 1, 20.7955, 20.6693, 0.238419, 0.199676, 12, 12, 0, 0, 0
19131, 21.2548, 20.3432, 1, 20.9989, 20.3257, 0.223518, 0.205636, 12, 12, 0, 0, 0
19140, 21.4547, 20.3257, 1, 21.2022, 20.0171, 0.226498, 0.211597, 12, 12, 0, 0, 0
19150, 21.6581, 20.3572, 1, 21.4021, 20.3362, 0.220537, 0.214577, 12, 12, 0, 0, 0
19161, 21.8579, 19.642, 1, 21.6055, 20.3187, 0.226498, 0.202656, 12, 12, 0, 0, 0
19171, 22.0578, 20.3117, 1, 21.8053, 19.9926, 0.223518, 0.211597, 12, 12, 0, 0, 0
19180, 22.2541, 19.642, 1, 22.0052, 19.968, 0.238419, 0.220537, 12, 12, 0, 0, 0
19190, 22.454, 19.642, 1, 22.2015, 19.642, 0.241399, 0.229478, 12, 12, 0, 0, 0
19201, 22.6503, 19.6174, 1, 22.4014, 20.0066, 0.241399, 0.220537, 12, 12, 0, 0, 0
19211, 22.8467, 19.6174, 1, 22.6012, 19.9435, 0.235439, 0.217557, 12, 12, 0, 0, 0
19220, 23.0465, 19.9996, 1, 22.8046, 20.3572, 0.232458, 0.208616, 12, 12, 0, 0, 0
19230, 23.2429, 19.9856, 1, 23.0045, 19.9996, 0.241399, 0.223518, 12, 12, 0, 0, 0
19240, 23.4392, 19.2843, 1, 23.2043, 19.961, 0.24736, 0.214577, 12, 12, 0, 0, 0
19251, 23.6356, 19.6034, 1, 23.4112, 20.3257, 0.24736, 0.199676, 12, 12, 0, 0, 0
19260, 23.8319, 19.663, 1, 23.618, 21.0375, 0.241399, 0.187755, 12, 12, 0, 0, 0
19270, 24.0318, 19.9751, 1, 23.8249, 20.6868, 0.241399, 0.190735, 12, 12, 0, 0, 0
19280, 24.2281, 19.663, 1, 24.0283, 20.6938, 0.238419, 0.190735, 12, 12, 0, 0, 0
19291, 24.428, 19.9435, 1, 24.2351, 20.3362, 0.235439, 0.193715, 12, 12, 0, 0, 0
19301, 24.6278, 20.0171, 1, 24.4455, 20.6938, 0.235439, 0.190735, 12, 12, 0, 0, 0
19310, 24.8277, 20.3362, 1, 24.6489, 20.7009, 0.229478, 0.190735, 12, 12, 0, 0, 0
19320, 25.0311, 19.9505, 1, 24.8522, 20.3117, 0.229478, 0.196696, 12, 12, 0, 0, 0
19331, 25.2309, 19.9926, 1, 25.0556, 20.3257, 0.226498, 0.208616, 12, 12, 0, 0, 0
19341, 25.4273, 19.9751, 1, 25.259, 20.3362, 0.235439, 0.208616, 12, 12, 0, 0, 0
19350, 25.6236, 19.2984, 1, 25.4553, 19.649, 0.25034, 0.217557, 12, 12, 0, 0, 0
19360, 25.8094, 18.9337, 1, 25.6552, 19.9996, 0.268221, 0.220537, 12, 12, 0, 0, 0
19371, 25.9953, 18.5585, 1, 25.848, 19.2528, 0.277162, 0.229478, 12, 12, 0, 0, 0
19381, 26.1846, 18.6041, 1, 26.0514, 20.3257, 0.286103, 0.214577, 12, 12, 0, 0, 0
19390, 26.3704, 18.5971, 1, 26.2547, 20.0312, 0.280142, 0.208616, 12, 12, 0, 0, 0
19400, 26.5633, 19.2738, 1, 26.4581, 20.6448, 0.274182, 0.196696, 12, 12, 0, 0, 0
19410, 26.7526, 19.2668, 1, 26.6615, 20.0066, 0.268221, 0.205636, 12, 12, 0, 0, 0
19421, 26.949, 19.2843, 1, 26.8613, 20.3257, 0.262261, 0.205636, 12, 12, 0, 0, 0
19431, 27.1418, 19.635, 1, 27.0647, 20.3362, 0.25034, 0.205636, 12, 12, 0, 0, 0
19440, 27.3417, 19.663, 1, 27.2715, 20.6763, 0.244379, 0.193715, 12, 12, 0, 0, 0
19450, 27.5415, 19.9435, 1, 27.4749, 20.3362, 0.232458, 0.196696, 12, 12, 0, 0, 0
19461, 27.7449, 20.3257, 1, 27.6818, 20.6763, 0.226498, 0.196696, 12, 12, 0, 0, 0
19471, 27.9483, 20.3432, 1, 27.8816, 19.9856, 0.220537, 0.205636, 12, 12, 0, 0, 0
19480, 28.1446, 20.0171, 1, 28.0815, 20.0066, 0.229478, 0.214577, 12, 12, 0, 0, 0
19490, 28.3445, 19.635, 1, 28.2813, 19.968, 0.232458, 0.223518, 12, 12, 0, 0, 0
19501, 28.5408, 19.968, 1, 28.4847, 20.3362, 0.238419, 0.211597, 12, 12, 0, 0, 0
19511, 28.7372, 19.6174, 1, 28.6811, 19.6244, 0.244379, 0.223518, 12, 12, 0, 0, 0
19520, 28.9335, 19.3124, 1, 28.8809, 20.0312, 0.25034, 0.217557, 12, 12, 0, 0, 0
19530, 29.1299, 19.6244, 1, 29.0808, 19.9365, 0.238419, 0.223518, 12, 12, 0, 0, 0
19540, 29.3262, 19.9751, 1, 29.2841, 20.3432, 0.238419, 0.214577, 12, 12, 0, 0, 0
19551, 29.5226, 19.2598, 1, 29.484, 19.961, 0.25034, 0.214577, 12, 12, 0, 0, 0
19560, 29.7154, 19.2913, 1, 29.6873, 20.3678, 0.2563, 0.202656, 12, 12, 0, 0, 0
19570, 29.9047, 19.3229, 1, 29.8942, 20.6763, 0.25928, 0.190735, 12, 12, 0, 0, 0
19580, 30.1011, 19.2598, 1, 30.1011, 20.6868, 0.262261, 0.187755, 12, 12, 0, 0, 0
19591, 30.2974, 19.6104, 1, 30.308, 20.3362, 0.25332, 0.199676, 12, 12, 0, 0, 0
19601, 30.4938, 19.649, 1, 30.5113, 20.6693, 0.24736, 0.196696, 12, 12, 0, 0, 0
19610, 30.6901, 19.6244, 1, 30.7147, 20.3572, 0.244379, 0.193715, 12, 12, 0, 0, 0
19620, 30.89, 20.0171, 1, 30.9251, 21.0269, 0.241399, 0.187755, 12, 12, 0, 0, 0
19631, 31.0898, 19.968, 1, 31.1354, 21.0375, 0.232458, 0.178814, 12, 12, 0, 0, 0
19641, 31.2897, 20.0066, 1, 31.3388, 20.3257, 0.229478, 0.199676, 12, 12, 0, 0, 0
19650, 31.4896, 20.3257, 1, 31.5351, 19.635, 0.223518, 0.217557, 12, 12, 0, 0, 0
19660, 31.6929, 19.961, 1, 31.7385, 20.3362, 0.229478, 0.214577, 12, 12, 0, 0, 0
19671, 31.8858, 19.2913, 1, 31.9349, 19.642, 0.25034, 0.217557, 12, 12, 0, 0, 0
19681, 32.0716, 18.9407, 1, 32.1312, 19.642, 0.265241, 0.229478, 12, 12, 0, 0, 0
19690, 32.2609, 18.5585, 1, 32.3311, 19.635, 0.274182, 0.223518, 12, 12, 0, 0, 0
19700, 32.4468, 18.9337, 1, 32.5344, 20.6868, 0.283122, 0.208616, 12, 12, 0, 0, 0
19710, 32.6326, 18.5971, 1, 32.7378, 20.3502, 0.286103, 0.196696, 12, 12, 0, 0, 0
19721, 32.8219, 18.5655, 1, 32.9446, 20.6448, 0.283122, 0.193715, 12, 12, 0, 0, 0
19730, 33.0078, 18.6181, 1, 33.148, 20.3432, 0.289083, 0.193715, 12, 12, 0, 0, 0
19740, 33.1971, 18.9232, 1, 33.3514, 20.0171, 0.277162, 0.202656, 12, 12, 0, 0, 0
19750, 33.3934, 19.6174, 1, 33.5547, 20.6588, 0.25928, 0.193715, 12, 12, 0, 0, 0
19761, 33.5898, 19.635, 1, 33.7616, 20.6868, 0.25034, 0.208616, 12, 12, 0, 0, 0
19771, 33.7861, 19.968, 1, 33.965, 19.9751, 0.244379, 0.202656, 12, 12, 0, 0, 0
19780, 33.9895, 20.0171, 1, 34.1648, 20.3362, 0.229478, 0.205636, 12, 12, 0, 0, 0
19790, 34.1894, 20.3362, 1, 34.3682, 20.3572, 0.229478, 0.205636, 12, 12, 0, 0, 0
19801, 34.3927, 19.9505, 1, 34.568, 19.9751, 0.223518, 0.220537, 12, 12, 0, 0, 0
19811, 34.5891, 19.642, 1, 34.7679, 19.968, 0.241399, 0.220537, 12, 12, 0, 0, 0
19820, 34.7854, 19.6244, 1, 34.9678, 19.9926, 0.238419, 0.217557, 12, 12, 0, 0, 0
19830, 34.9818, 19.649, 1, 35.1676, 19.9856, 0.244379, 0.214577, 12, 12, 0, 0, 0
19841, 35.1746, 19.6174, 1, 35.3675, 19.9926, 0.24736, 0.217557, 12, 12, 0, 0, 0
19851, 35.371, 19.2843, 1, 35.5673, 19.968, 0.25332, 0.211597, 12, 12, 0, 0, 0
19860, 35.5673, 19.656, 1, 35.7707, 20.3362, 0.24736, 0.208616, 12, 12, 0, 0, 0
19870, 35.7637, 19.961, 1, 35.9775, 20.3502, 0.238419, 0.196696, 12, 12, 0, 0, 0
19880, 35.96, 19.3124, 1, 36.1809, 20.6938, 0.25034, 0.193715, 12, 12, 0, 0, 0
19891, 36.1494, 18.9232, 1, 36.3878, 20.6588, 0.271201, 0.190735, 12, 12, 0, 0, 0
19900, 36.3387, 18.9232, 1, 36.5946, 20.6868, 0.274182, 0.193715, 12, 12, 0, 0, 0
19910, 36.528, 18.9547, 1, 36.8015, 20.6938, 0.271201, 0.190735, 12, 12, 0, 0, 0
19920, 36.7209, 19.2598, 1, 37.0049, 20.3432, 0.262261, 0.196696, 12, 12, 0, 0, 0
19931, 36.9172, 19.642, 1, 37.2082, 20.3572, 0.25034, 0.190735, 12, 12, 0, 0, 0
19941, 37.1171, 19.9856, 1, 37.4186, 20.9849, 0.238419, 0.187755, 12, 12, 0, 0, 0
19950, 37.3169, 19.961, 1, 37.6255, 20.7009, 0.235439, 0.187755, 12, 12, 0, 0, 0
19960, 37.5168, 20.0241, 1, 37.8253, 19.9926, 0.229478, 0.205636, 12, 12, 0, 0, 0
19971, 37.7166, 19.968, 1, 38.0252, 20.3362, 0.229478, 0.214577, 12, 12, 0, 0, 0
19981, 37.92, 20.2941, 1, 38.2286, 19.961, 0.220537, 0.211597, 12, 12, 0, 0, 0
19990, 38.1164, 19.663, 1, 38.4284, 19.6735, 0.238419, 0.220537, 12, 12, 0, 0, 0
20000, 38.3057, 18.9477, 1, 38.6177, 19.2738, 0.2563, 0.241399, 12, 12, 0, 0, 0
20011, 38.495, 18.9021, 1, 38.8141, 19.6244, 0.268221, 0.232458, 12, 12, 0, 0, 0
20021, 38.6844, 18.9337, 1, 39.0175, 19.9856, 0.271201, 0.217557, 12, 12, 0, 0, 0
20030, 38.8702, 18.9337, 1, 39.2243, 21.0375, 0.283122, 0.190735, 12, 12, 0, 0, 0
20040, 39.0525, 17.8713, 1, 39.4277, 20.3257, 0.301004, 0.190735, 12, 12, 0, 0, 0
20050, 39.2348, 18.6041, 1, 39.6311, 20.3502, 0.298023, 0.196696, 12, 12, 0, 0, 0
20061, 39.4242, 18.5655, 1, 39.8344, 20.3011, 0.289083, 0.205636, 12, 12, 0, 0, 0
20071, 39.617, 19.2843, 1, 40.0378, 20.3432, 0.274182, 0.199676, 12, 12, 0, 0, 0
20080, 39.8134, 19.6244, 1, 40.2376, 19.9926, 0.25332, 0.208616, 12, 12, 0, 0, 0
20090, 40.0097, 19.656, 1, 40.441, 20.3362, 0.244379, 0.208616, 12, 12, 0, 0, 0
20101, 40.2061, 19.649, 1, 40.6444, 20.3502, 0.244379, 0.205636, 12, 12, 0, 0, 0
20111, 40.4094, 20.3432, 1, 40.8477, 20.3362, 0.226498, 0.205636, 12, 12, 0, 0, 0
20120, 40.6093, 19.968, 1, 41.0476, 19.968, 0.232458, 0.220537, 12, 12, 0, 0, 0
20130, 40.8091, 19.968, 1, 41.2474, 19.642, 0.229478, 0.220537, 12, 12, 0, 0, 0
20141, 41.002, 19.3054, 1, 41.4438, 19.642, 0.24736, 0.223518, 12, 12, 0, 0, 0
20151, 41.1983, 19.9505, 1, 41.6436, 20.3257, 0.244379, 0.214577, 12, 12, 0, 0, 0
20160, 41.3947, 19.3054, 1, 41.847, 20.3362, 0.24736, 0.211597, 12, 12, 0, 0, 0
20170, 41.5875, 19.6174, 1, 42.0469, 19.9926, 0.25332, 0.208616, 12, 12, 0, 0, 0
20180, 41.7839, 19.2984, 1, 42.2467, 19.9996, 0.25332, 0.211597, 12, 12, 0, 0, 0
20191, 41.9802, 19.968, 1, 42.4536, 20.6448, 0.244379, 0.193715, 12, 12, 0, 0, 0
20200, 42.1801, 19.656, 1, 42.664, 21.0445, 0.244379, 0.187755, 12, 12, 0, 0, 0
20210, 42.3729, 19.2528, 1, 42.8708, 20.6868, 0.2563, 0.187755, 12, 12, 0, 0, 0
20220, 42.5588, 18.6111, 1, 43.0777, 20.7009, 0.283122, 0.184775, 12, 12, 0, 0, 0
20231, 42.7446, 18.9021, 1, 43.2846, 20.6763, 0.283122, 0.184775, 12, 12, 0, 0, 0
20241, 42.9339, 18.9547, 1, 43.4914, 20.3257, 0.271201, 0.193715, 12, 12, 0, 0, 0
20250, 43.1303, 19.2984, 1, 43.6948, 20.7114, 0.25928, 0.196696, 12, 12, 0, 0, 0
20260, 43.3301, 19.9751, 1, 43.8981, 20.3117, 0.24736, 0.193715, 12, 12, 0, 0, 0
20271, 43.5265, 19.9505, 1, 44.105, 20.6868, 0.241399, 0.202656, 12, 12, 0, 0, 0
20281, 43.7263, 20.0066, 1, 44.3049, 19.9856, 0.235439, 0.208616, 12, 12, 0, 0, 0
20290, 43.9297, 19.9751, 1, 44.5082, 20.3362, 0.223518, 0.208616, 12, 12, 0, 0, 0
20300, 44.1296, 20.3362, 1, 44.7046, 19.642, 0.226498, 0.226498, 12, 12, 0, 0, 0
20311, 44.3329, 19.9856, 1, 44.8974, 19.2738, 0.223518, 0.244379, 12, 12, 0, 0, 0
20321, 44.5258, 19.6174, 1, 45.0938, 19.6174, 0.238419, 0.238419, 12, 12, 0, 0, 0
20330, 44.7221, 19.2913, 1, 45.2901, 19.656, 0.24736, 0.226498, 12, 12, 0, 0, 0
20340, 44.9115, 18.9407, 1, 45.4935, 20.3502, 0.25928, 0.208616, 12, 12, 0, 0, 0
20350, 45.1008, 19.2984, 1, 45.7004, 20.6763, 0.271201, 0.196696, 12, 12, 0, 0, 0
20361, 45.2831, 18.2009, 1, 45.9037, 20.3117, 0.295043, 0.199676, 12, 12, 0, 0, 0
20371, 45.4654, 17.8888, 1, 46.1036, 19.9926, 0.301004, 0.199676, 12, 12, 0, 0, 0
20380, 45.6513, 18.6041, 1, 46.3104, 20.6763, 0.292063, 0.196696, 12, 12, 0, 0, 0
20390, 45.8406, 18.9337, 1, 46.5103, 19.9926, 0.280142, 0.199676, 12, 12, 0, 0, 0
20401, 46.0334, 19.2528, 1, 46.7137, 19.9926, 0.271201, 0.208616, 12, 12, 0, 0, 0
20411, 46.2263, 19.642, 1, 46.9135, 20.3117, 0.25332, 0.214577, 12, 12, 0, 0, 0
20420, 46.4261, 19.642, 1, 47.1169, 20.3502, 0.244379, 0.208616, 12, 12, 0, 0, 0
20430, 46.6225, 20.0066, 1, 47.3202, 20.0312, 0.238419, 0.205636, 12, 12, 0, 0, 0
20441, 46.8259, 19.968, 1, 47.5201, 20.3117, 0.232458, 0.202656, 12, 12, 0, 0, 0
20451, 47.0222, 19.968, 1, 47.72, 20.2941, 0.232458, 0.214577, 12, 12, 0, 0, 0
20460, 47.2256, 19.9751, 1, 47.9198, 19.656, 0.235439, 0.220537, 12, 12, 0, 0, 0
20470, 47.4149, 19.2984, 1, 48.1197, 19.9751, 0.24736, 0.217557, 12, 12, 0, 0, 0
20481, 47.6148, 19.649, 1, 48.323, 20.3257, 0.24736, 0.211597, 12, 12, 0, 0, 0
20491, 47.8076, 19.6104, 1, 48.5229, 20.0066, 0.25034, 0.214577, 12, 12, 0, 0, 0
20500, 48.0005, 19.2913, 1, 48.7227, 19.9751, 0.25332, 0.214577, 12, 12, 0, 0, 0
20510, 48.1968, 19.2843, 1, 48.9296, 20.6763, 0.25034, 0.196696, 12, 12, 0, 0, 0
20520, 48.3932, 19.635, 1, 49.14, 21.0445, 0.25034, 0.184775, 12, 12, 0, 0, 0
20531, 48.586, 19.2984, 1, 49.3468, 20.6938, 0.262261, 0.187755, 12, 12, 0, 0, 0
20540, 48.7718, 18.9021, 1, 49.5537, 20.6588, 0.277162, 0.181794, 12, 12, 0, 0, 0
20550, 48.9577, 18.2465, 1, 49.7606, 20.6938, 0.292063, 0.184775, 12, 12, 0, 0, 0
20560, 49.1435, 18.9162, 1, 49.9675, 20.6868, 0.286103, 0.187755, 12, 12, 0, 0, 0
20571, 49.3363, 19.3124, 1, 50.1708, 20.3678, 0.268221, 0.196696, 12, 12, 0, 0, 0
20581, 49.5362, 19.635, 1, 50.3777, 20.6342, 0.25332, 0.199676, 12, 12, 0, 0, 0
20590, 49.7325, 19.635, 1, 50.574, 19.649, 0.244379, 0.214577, 12, 12, 0, 0, 0
20600, 49.9324, 19.968, 1, 50.7739, 20.0066, 0.235439, 0.214577, 12, 12, 0, 0, 0
20611, 50.1358, 20.3117, 1, 50.9772, 20.3117, 0.223518, 0.211597, 12, 12, 0, 0, 0
20621, 50.3356, 20.3502, 1, 51.1771, 19.642, 0.220537, 0.226498, 12, 12, 0, 0, 0
20630, 50.5355, 19.649, 1, 51.3664, 19.2843, 0.226498, 0.244379, 12, 12, 0, 0, 0
20640, 50.7388, 20.3117, 1, 51.5663, 19.9751, 0.217557, 0.232458, 12, 12, 0, 0, 0
20651, 50.9352, 19.9926, 1, 51.7626, 19.649, 0.232458, 0.226498, 12, 12, 0, 0, 0
20661, 51.1315, 19.2528, 1, 51.966, 19.9505, 0.24736, 0.217557, 12, 12, 0, 0, 0
20670, 51.3174, 18.9618, 1, 52.1659, 20.3502, 0.268221, 0.214577, 12, 12, 0, 0, 0
20680, 51.5032, 18.2395, 1, 52.3692, 20.3362, 0.289083, 0.202656, 12, 12, 0, 0, 0
20690, 51.6855, 18.2219, 1, 52.5726, 20.3432, 0.295043, 0.193715, 12, 12, 0, 0, 0
20701, 51.8713, 18.5971, 1, 52.7795, 20.6868, 0.298023, 0.187755, 12, 12, 0, 0, 0
20711, 52.0537, 18.2395, 1, 52.9793, 19.961, 0.295043, 0.211597, 12, 12, 0, 0, 0
20720, 52.243, 18.9092, 1, 53.1792, 19.9926, 0.280142, 0.214577, 12, 12, 0, 0, 0
20730, 52.4394, 19.656, 1, 53.379, 19.656, 0.262261, 0.217557, 12, 12, 0, 0, 0
20741, 52.6357, 19.6034, 1, 53.5789, 20.3187, 0.24736, 0.211597, 12, 12, 0, 0, 0
20751, 52.8321, 19.663, 1, 53.7787, 19.968, 0.244379, 0.220537, 12, 12, 0, 0, 0
20760, 53.0319, 19.968, 1, 53.9821, 20.3502, 0.235439, 0.211597, 12, 12, 0, 0, 0
20770, 53.2318, 19.9926, 1, 54.182, 19.642, 0.229478, 0.220537, 12, 12, 0, 0, 0
20781, 53.4281, 19.9751, 1, 54.3783, 19.9996, 0.235439, 0.223518, 12, 12, 0, 0, 0
20791, 53.628, 19.6244, 1, 54.5782, 19.9505, 0.235439, 0.223518, 12, 12, 0, 0, 0
20800, 53.8243, 19.968, 1, 54.778, 19.9926, 0.238419, 0.214577, 12, 12, 0, 0, 0
20810, 54.0207, 19.649, 1, 54.9814, 20.3502, 0.24736, 0.211597, 12, 12, 0, 0, 0
20820, 54.217, 19.2843, 1, 55.1882, 20.3362, 0.25034, 0.199676, 12, 12, 0, 0, 0
20831, 54.4099, 19.2984, 1, 55.3916, 20.6588, 0.2563, 0.193715, 12, 12, 0, 0, 0
20840, 54.6062, 19.6244, 1, 55.5985, 20.6938, 0.25332, 0.184775, 12, 12, 0, 0, 0
20850, 54.7991, 19.2913, 1, 55.8088, 21.069, 0.2563, 0.187755, 12, 12, 0, 0, 0
20860, 54.9919, 19.6034, 1, 56.0157, 20.6448, 0.262261, 0.178814, 12, 12, 0, 0, 0
20871, 55.1812, 18.5971, 1, 56.2226, 20.6868, 0.274182, 0.187755, 12, 12, 0, 0, 0
20881, 55.3671, 18.9477, 1, 56.4295, 20.6938, 0.283122, 0.184775, 12, 12, 0, 0, 0
20890, 55.5564, 18.9232, 1, 56.6363, 20.3502, 0.277162, 0.190735, 12, 12, 0, 0, 0
20900, 55.7492, 19.2843, 1, 56.8362, 20.3187, 0.265241, 0.202656, 12, 12, 0, 0, 0
20911, 55.9491, 19.6174, 1, 57.036, 19.642, 0.24736, 0.217557, 12, 12, 0, 0, 0
20921, 56.1455, 19.6735, 1, 57.2359, 20.3432, 0.238419, 0.217557, 12, 12, 0, 0, 0
20930, 56.3453, 20.3117, 1, 57.4357, 19.9926, 0.235439, 0.214577, 12, 12, 0, 0, 0
20940, 56.5452, 19.635, 1, 57.6356, 19.961, 0.235439, 0.223518, 12, 12, 0, 0, 0
20951, 56.745, 20.3117, 1, 57.8284, 19.2843, 0.226498, 0.238419, 12, 12, 0, 0, 0
20961, 56.9449, 19.9996, 1, 58.0248, 19.2984, 0.223518, 0.241399, 12, 12, 0, 0, 0
20970, 57.1517, 20.3362, 1, 58.2211, 19.968, 0.220537, 0.229478, 12, 12, 0, 0, 0
20980, 57.3481, 19.656, 1, 58.4245, 20.3502, 0.235439, 0.211597, 12, 12, 0, 0, 0
20990, 57.5374, 18.9337, 1, 58.6244, 19.968, 0.262261, 0.214577, 12, 12, 0, 0, 0
21001, 57.7233, 18.5585, 1, 58.8277, 20.3257, 0.277162, 0.208616, 12, 12, 0, 0, 0
21010, 57.9091, 18.6041, 1, 59.0311, 20.3257, 0.289083, 0.202656, 12, 12, 0, 0, 0
21020, 58.0914, 18.2149, 1, 59.238, 20.7009, 0.298023, 0.193715, 12, 12, 0, 0, 0
21030, 58.2737, 18.2465, 1, 59.4378, 19.9856, 0.306964, 0.202656, 12, 12, 0, 0, 0
21041, 58.4596, 18.5445, 1, 59.6377, 19.9751, 0.289083, 0.211597, 12, 12, 0, 0, 0
21051, 58.6489, 18.9547, 1, 59.8375, 19.9856, 0.274182, 0.211597, 12, 12, 0, 0, 0
21060, 58.8418, 19.6104, 1, 60.0339, 19.642, 0.262261, 0.220537, 12, 12, 0, 0, 0
21070, 59.0381, 19.642, 1, 60.2337, 19.9856, 0.25332, 0.223518, 12, 12, 0, 0, 0
21081, 59.2345, 19.2738, 1, 60.4336, 19.9856, 0.25034, 0.211597, 12, 12, 0, 0, 0
21091, 59.4308, 19.642, 1, 60.6334, 19.9926, 0.241399, 0.214577, 12, 12, 0, 0, 0
21100, 59.6342, 20.3678, 1, 60.8368, 20.3432, 0.232458, 0.211597, 12, 12, 0, 0, 0
21110, 59.8305, 19.9435, 1, 61.0402, 20.3187, 0.232458, 0.214577, 12, 12, 0, 0, 0
21121, 60.0304, 19.649, 1, 61.24, 19.9751, 0.241399, 0.214577, 12, 12, 0, 0, 0
21131, 60.2267, 19.6104, 1, 61.4399, 19.9856, 0.24736, 0.214577, 12, 12, 0, 0, 0
21140, 60.4231, 19.663, 1, 61.6467, 20.6938, 0.24736, 0.199676, 12, 12, 0, 0, 0
21150, 60.6159, 19.2843, 1, 61.8536, 20.6868, 0.25332, 0.190735, 12, 12, 0, 0, 0
21160, 60.8088, 19.2738, 1, 62.0605, 20.6868, 0.25928, 0.187755, 12, 12, 0, 0, 0
21171, 61.0016, 19.635, 1, 62.2673, 20.6938, 0.2563, 0.187755, 12, 12, 0, 0, 0
21181, 61.1979, 19.2913, 1, 62.4777, 21.0094, 0.25332, 0.184775, 12, 12, 0, 0, 0
21190, 61.3943, 19.656, 1, 62.6811, 20.7114, 0.25332, 0.187755, 12, 12, 0, 0, 0
21200, 61.5836, 18.8881, 1, 62.888, 20.3257, 0.268221, 0.187755, 12, 12, 0, 0, 0
21211, 61.773, 18.9477, 1, 63.0948, 20.6763, 0.274182, 0.190735, 12, 12, 0, 0, 0
21221, 61.9623, 19.2668, 1, 63.2982, 20.3257, 0.274182, 0.205636, 12, 12, 0, 0, 0
21230, 62.1587, 19.649, 1, 63.498, 19.9926, 0.25332, 0.211597, 12, 12, 0, 0, 0
21240, 62.3585, 19.6244, 1, 63.6944, 19.9926, 0.244379, 0.223518, 12, 12, 0, 0, 0
21251, 62.5549, 19.649, 1, 63.8907, 19.2913, 0.238419, 0.232458, 12, 12, 0, 0, 0
21261, 62.7512, 19.968, 1, 64.0836, 19.2738, 0.238419, 0.244379, 12, 12, 0, 0, 0
21270, 62.9511, 19.663, 1, 64.2834, 19.9856, 0.232458, 0.232458, 12, 12, 0, 0, 0
21280, 63.1544, 20.3117, 1, 64.4798, 19.635, 0.220537, 0.229478, 12, 12, 0, 0, 0
21291, 63.3578, 20.3678, 1, 64.6796, 20.0066, 0.217557, 0.217557, 12, 12, 0, 0, 0
21301, 63.5612, 20.2941, 1, 64.883, 20.2941, 0.223518, 0.214577, 12, 12, 0, 0, 0
21310, 63.7505, 19.2843, 1, 65.0864, 20.3572, 0.25034, 0.217557, 12, 12, 0, 0, 0
21320, 63.9398, 18.6111, 1, 65.2862, 19.9751, 0.271201, 0.214577, 12, 12, 0, 0, 0
21330, 64.1257, 18.9337, 1, 65.4896, 20.3572, 0.277162, 0.196696, 12, 12, 0, 0, 0
21341, 64.315, 18.5375, 1, 65.6965, 20.3011, 0.289083, 0.193715, 12, 12, 0, 0, 0
21351, 64.4973, 18.2465, 1, 65.8998, 20.6868, 0.295043, 0.193715, 12, 12, 0, 0, 0
21360, 64.6796, 18.6181, 1, 66.0997, 20.0171, 0.295043, 0.208616, 12, 12, 0, 0, 0
21370, 64.869, 18.5445, 1, 66.2995, 19.6104, 0.286103, 0.214577, 12, 12, 0, 0, 0
21381, 65.0583, 19.2738, 1, 66.4924, 19.635, 0.274182, 0.226498, 12, 12, 0, 0, 0
21391, 65.2512, 18.9618, 1, 66.6922, 19.9856, 0.262261, 0.223518, 12, 12, 0, 0, 0
21400, 65.4475, 19.635, 1, 66.8886, 19.642, 0.2563, 0.229478, 12, 12, 0, 0, 0
21410, 65.6439, 19.649, 1, 67.0884, 19.9856, 0.25332, 0.220537, 12, 12, 0, 0, 0
21421, 65.8437, 19.9505, 1, 67.2918, 20.3257, 0.235439, 0.211597, 12, 12, 0, 0, 0
21431, 66.0436, 20.0066, 1, 67.4952, 20.3257, 0.229478, 0.205636, 12, 12, 0, 0, 0
21440, 66.2434, 19.9505, 1, 67.695, 19.9996, 0.232458, 0.220537, 12, 12, 0, 0, 0
21450, 66.4398, 19.649, 1, 67.8949, 19.9751, 0.244379, 0.217557, 12, 12, 0, 0, 0
21460, 66.6326, 19.2843, 1, 68.1017, 20.6868, 0.24736, 0.199676, 12, 12, 0, 0, 0
21471, 66.829, 19.6244, 1, 68.3121, 21.0269, 0.25034, 0.184775, 12, 12, 0, 0, 0
21480, 67.0183, 19.2668, 1, 68.5155, 20.3432, 0.262261, 0.193715, 12, 12, 0, 0, 0
21490, 67.2112, 18.9547, 1, 68.7223, 20.6868, 0.271201, 0.187755, 12, 12, 0, 0, 0
21500, 67.404, 19.2843, 1, 68.9292, 20.6868, 0.262261, 0.187755, 12, 12, 0, 0, 0
21511, 67.5968, 19.2528, 1, 69.1361, 20.6763, 0.25928, 0.187755, 12, 12, 0, 0, 0
21521, 67.7897, 19.3229, 1, 69.3429, 20.6938, 0.265241, 0.190735, 12, 12, 0, 0, 0
21530, 67.979, 18.9407, 1, 69.5498, 20.6868, 0.277162, 0.187755, 12, 12, 0, 0, 0
21540, 68.1648, 18.5585, 1, 69.7497, 19.9996, 0.283122, 0.202656, 12, 12, 0, 0, 0
21551, 68.3542, 19.2738, 1, 69.9495, 20.3187, 0.274182, 0.208616, 12, 12, 0, 0, 0
21561, 68.5505, 19.2843, 1, 70.1494, 19.635, 0.2563, 0.223518, 12, 12, 0, 0, 0
21570, 68.7469, 19.656, 1, 70.3422, 19.2913, 0.24736, 0.238419, 12, 12, 0, 0, 0
21580, 68.9432, 19.6104, 1, 70.5351, 19.2738, 0.244379, 0.244379, 12, 12, 0, 0, 0
21591, 69.1396, 20.0241, 1, 70.7314, 19.6735, 0.241399, 0.232458, 12, 12, 0, 0, 0
21601, 69.3429, 19.9365, 1, 70.9313, 19.9435, 0.226498, 0.226498, 12, 12, 0, 0, 0
21610, 69.5463, 20.6868, 1, 71.1346, 20.3362, 0.217557, 0.217557, 12, 12, 0, 0, 0
21620, 69.7462, 19.9996, 1, 71.338, 20.3362, 0.223518, 0.217557, 12, 12, 0, 0, 0
21630, 69.946, 19.6244, 1, 71.5378, 19.9856, 0.235439, 0.211597, 12, 12, 0, 0, 0
21641, 70.1389, 19.2843, 1, 71.7412, 20.3187, 0.25332, 0.205636, 12, 12, 0, 0, 0
21650, 70.3317, 19.2984, 1, 71.9481, 20.3572, 0.262261, 0.199676, 12, 12, 0, 0, 0
21660, 70.5175, 18.6041, 1, 72.1444, 19.9856, 0.277162, 0.211597, 12, 12, 0, 0, 0
21670, 70.6999, 18.2395, 1, 72.3443, 20.3362, 0.292063, 0.208616, 12, 12, 0, 0, 0
21681, 70.8822, 18.2079, 1, 72.5477, 19.9856, 0.301004, 0.205636, 12, 12, 0, 0, 0
21691, 71.0645, 18.5585, 1, 72.751, 19.968, 0.303984, 0.205636, 12, 12, 0, 0, 0
21700, 71.2468, 18.2465, 1, 72.9439, 19.649, 0.301004, 0.226498, 12, 12, 0, 0, 0
21710, 71.4362, 18.5901, 1, 73.1437, 19.9856, 0.283122, 0.223518, 12, 12, 0, 0, 0
21721, 71.629, 19.2528, 1, 73.3366, 19.2738, 0.265241, 0.232458, 12, 12, 0, 0, 0
21731, 71.8254, 19.635, 1, 73.5364, 19.9856, 0.2563, 0.220537, 12, 12, 0, 0, 0
21740, 72.0182, 19.635, 1, 73.7398, 20.3362, 0.25332, 0.217557, 12, 12, 0, 0, 0
21750, 72.2181, 19.642, 1, 73.9431, 20.3362, 0.241399, 0.205636, 12, 12, 0, 0, 0
21761, 72.4179, 19.9996, 1, 74.1465, 20.3432, 0.235439, 0.208616, 12, 12, 0, 0, 0
21771, 72.6178, 19.961, 1, 74.3499, 20.3257, 0.235439, 0.199676, 12, 12, 0, 0, 0
21780, 72.8106, 19.656, 1, 74.5567, 20.3362, 0.244379, 0.199676, 12, 12, 0, 0, 0
21790, 73.007, 19.2738, 1, 74.7636, 21.0269, 0.25034, 0.190735, 12, 12, 0, 0, 0
21800, 73.1998, 19.2843, 1, 74.9705, 20.6938, 0.262261, 0.190735, 12, 12, 0, 0, 0
21811, 73.3927, 19.2843, 1, 75.1773, 20.6763, 0.25928, 0.190735, 12, 12, 0, 0, 0
21821, 73.582, 19.2913, 1, 75.3842, 20.3257, 0.262261, 0.190735, 12, 12, 0, 0, 0
21830, 73.7783, 19.2843, 1, 75.5911, 21.0515, 0.2563, 0.184775, 12, 12, 0, 0, 0
21840, 73.9747, 19.9856, 1, 75.7979, 20.6938, 0.25034, 0.181794, 12, 12, 0, 0, 0
21851, 74.171, 19.6174, 1, 76.0048, 20.3257, 0.25034, 0.193715, 12, 12, 0, 0, 0
21861, 74.3604, 18.9477, 1, 76.2047, 20.3187, 0.268221, 0.208616, 12, 12, 0, 0, 0
21870, 74.5497, 18.5901, 1, 76.4045, 20.0066, 0.274182, 0.211597, 12, 12, 0, 0, 0
21880, 74.7426, 19.2738, 1, 76.6044, 19.9751, 0.271201, 0.214577, 12, 12, 0, 0, 0
21891, 74.9354, 19.2913, 1, 76.7972, 19.2913, 0.25928, 0.235439, 12, 12, 0, 0, 0
21901, 75.1282, 19.6174, 1, 76.9865, 18.9407, 0.25034, 0.25034, 12, 12, 0, 0, 0
21910, 75.3281, 19.663, 1, 77.1829, 19.642, 0.238419, 0.241399, 12, 12, 0, 0, 0
21920, 75.528, 20.3117, 1, 77.3863, 20.3257, 0.229478, 0.220537, 12, 12, 0, 0, 0
21931, 75.7313, 20.3187, 1, 77.5896, 20.3257, 0.223518, 0.205636, 12, 12, 0, 0, 0
21941, 75.9347, 19.968, 1, 77.793, 20.3187, 0.223518, 0.211597, 12, 12, 0, 0, 0
21950, 76.131, 19.6875, 1, 77.9928, 20.0171, 0.229478, 0.220537, 12, 12, 0, 0, 0
21960, 76.3344, 20.2941, 1, 78.1927, 19.961, 0.229478, 0.214577, 12, 12, 0, 0, 0
21970, 76.5272, 19.2738, 1, 78.3961, 20.3257, 0.244379, 0.208616, 12, 12, 0, 0, 0
21981, 76.7166, 18.9407, 1, 78.5924, 19.6244, 0.274182, 0.217557, 12, 12, 0, 0, 0
21991, 76.9024, 18.5971, 1, 78.7923, 19.9926, 0.277162, 0.217557, 12, 12, 0, 0, 0
22000, 77.0882, 18.9232, 1, 78.9956, 20.3362, 0.283122, 0.208616, 12, 12, 0, 0, 0
22010, 77.2706, 18.2219, 1, 79.1955, 19.9926, 0.298023, 0.211597, 12, 12, 0, 0, 0
22021, 77.4529, 17.9029, 1, 79.3918, 19.642, 0.306964, 0.220537, 12, 12, 0, 0, 0
22031, 77.6387, 18.9021, 1, 79.5882, 19.6104, 0.289083, 0.223518, 12, 12, 0, 0, 0
22040, 77.828, 18.5831, 1, 79.7845, 19.649, 0.277162, 0.235439, 12, 12, 0, 0, 0
22050, 78.0209, 19.649, 1, 79.9809, 19.649, 0.262261, 0.229478, 12, 12, 0, 0, 0
22061, 78.2172, 19.6174, 1, 80.1842, 19.968, 0.25034, 0.217557, 12, 12, 0, 0, 0
22071, 78.4136, 19.2984, 1, 80.3841, 20.3257, 0.25034, 0.208616, 12, 12, 0, 0, 0
22080, 78.6134, 19.9926, 1, 80.5875, 20.3432, 0.241399, 0.211597, 12, 12, 0, 0, 0
22090, 78.8098, 19.9926, 1, 80.7943, 20.7114, 0.238419, 0.202656, 12, 12, 0, 0, 0
22100, 79.0097, 19.649, 1, 81.0012, 20.6693, 0.238419, 0.193715, 12, 12, 0, 0, 0
22111, 79.2025, 19.5929, 1, 81.2081, 20.6868, 0.25034, 0.187755, 12, 12, 0, 0, 0
22120, 79.3953, 19.2843, 1, 81.4149, 20.6868, 0.25332, 0.178814, 12, 12, 0, 0, 0
22130, 79.5917, 19.3229, 1, 81.6253, 20.7009, 0.262261, 0.181794, 12, 12, 0, 0, 0
22140, 79.781, 19.2528, 1, 81.8287, 20.6588, 0.262261, 0.190735, 12, 12, 0, 0, 0
22151, 79.9739, 19.2843, 1, 82.0355, 20.6938, 0.262261, 0.190735, 12, 12, 0, 0, 0
22161, 80.1702, 19.3124, 1, 82.2424, 20.6938, 0.25332, 0.187755, 12, 12, 0, 0, 0
22170, 80.3666, 19.6174, 1, 82.4458, 20.3502, 0.25034, 0.196696, 12, 12, 0, 0, 0
22180, 80.5629, 19.9926, 1, 82.6491, 20.2941, 0.244379, 0.199676, 12, 12, 0, 0, 0
22191, 80.7558, 18.9232, 1, 82.849, 19.9996, 0.25928, 0.211597, 12, 12, 0, 0, 0
22201, 80.9416, 18.5445, 1, 83.0453, 19.6174, 0.277162, 0.226498, 12, 12, 0, 0, 0
22210, 81.1309, 18.9688, 1, 83.2382, 19.2984, 0.277162, 0.241399, 12, 12, 0, 0, 0
22220, 81.3238, 19.2528, 1, 83.431, 19.2738, 0.2563, 0.241399, 12, 12, 0, 0, 0
22231, 81.5201, 19.9926, 1, 83.6274, 19.642, 0.241399, 0.238419, 12, 12, 0, 0, 0
22241, 81.7235, 20.0171, 1, 83.8272, 19.968, 0.232458, 0.223518, 12, 12, 0, 0, 0
22250, 81.9233, 19.968, 1, 84.0271, 20.0066, 0.232458, 0.217557, 12, 12, 0, 0, 0
22260, 82.1232, 19.9856, 1, 84.2304, 20.3257, 0.229478, 0.217557, 12, 12, 0, 0, 0
22270, 82.3231, 19.9751, 1, 84.4303, 19.9751, 0.226498, 0.220537, 12, 12, 0, 0, 0
22281, 82.5229, 20.3257, 1, 84.6302, 19.9926, 0.223518, 0.211597, 12, 12, 0, 0, 0
22290, 82.7263, 19.9996, 1, 84.8335, 20.3187, 0.229478, 0.217557, 12, 12, 0, 0, 0
22300, 82.9191, 19.2843, 1, 85.0334, 19.9926, 0.25034, 0.217557, 12, 12, 0, 0, 0
22310, 83.1085, 18.9337, 1, 85.2297, 19.635, 0.262261, 0.220537, 12, 12, 0, 0, 0
22321, 83.2978, 18.9162, 1, 85.4296, 19.9856, 0.274182, 0.214577, 12, 12, 0, 0, 0
22331, 83.4801, 18.2465, 1, 85.6259, 19.642, 0.289083, 0.226498, 12, 12, 0, 0, 0
22340, 83.6589, 17.8573, 1, 85.8293, 20.3257, 0.301004, 0.214577, 12, 12, 0, 0, 0
22350, 83.8413, 18.6041, 1, 86.0292, 19.649, 0.306964, 0.214577, 12, 12, 0, 0, 0
22361, 84.0271, 18.2465, 1, 86.2255, 19.9856, 0.289083, 0.217557, 12, 12, 0, 0, 0
22371, 84.2164, 18.8881, 1, 86.4219, 19.6104, 0.280142, 0.226498, 12, 12, 0, 0, 0
22380, 84.4093, 19.656, 1, 86.6217, 19.9996, 0.265241, 0.220537, 12, 12, 0, 0, 0
22390, 84.6056, 19.6244, 1, 86.8216, 20.3257, 0.25332, 0.217557, 12, 12, 0, 0, 0
22401, 84.802, 19.2984, 1, 87.0284, 20.3362, 0.25332, 0.202656, 12, 12, 0, 0, 0
22411, 84.9983, 19.5929, 1, 87.2353, 20.6693, 0.241399, 0.184775, 12, 12, 0, 0, 0
22420, 85.1982, 20.0066, 1, 87.4492, 21.4126, 0.244379, 0.175834, 12, 12, 0, 0, 0
22430, 85.3945, 19.649, 1, 87.656, 20.3432, 0.244379, 0.190735, 12, 12, 0, 0, 0
22440, 85.5874, 19.3054, 1, 87.8594, 20.6763, 0.2563, 0.190735, 12, 12, 0, 0, 0
22451, 85.7802, 19.2282, 1, 88.0663, 20.6588, 0.25928, 0.187755, 12, 12, 0, 0, 0
22461, 85.9731, 19.649, 1, 88.2766, 21.0445, 0.25928, 0.184775, 12, 12, 0, 0, 0
22470, 86.1659, 19.3229, 1, 88.4835, 20.3818, 0.2563, 0.187755, 12, 12, 0, 0, 0
22480, 86.3587, 18.9162, 1, 88.6904, 21.0024, 0.262261, 0.184775, 12, 12, 0, 0, 0
22491, 86.5516, 19.642, 1, 88.8902, 19.9926, 0.2563, 0.202656, 12, 12, 0, 0, 0
22501, 86.7479, 19.6104, 1, 89.0936, 20.3187, 0.25332, 0.199676, 12, 12, 0, 0, 0
22510, 86.9408, 19.2738, 1, 89.297, 20.3362, 0.2563, 0.202656, 12, 12, 0, 0, 0
22520, 87.1301, 18.5971, 1, 89.4968, 19.9856, 0.274182, 0.217557, 12, 12, 0, 0, 0
22531, 87.3159, 18.5831, 1, 89.6897, 19.2913, 0.280142, 0.226498, 12, 12, 0, 0, 0
22541, 87.5053, 19.2738, 1, 89.8895, 19.9926, 0.271201, 0.226498, 12, 12, 0, 0, 0
22550, 87.7051, 19.642, 1, 90.0859, 19.2668, 0.244379, 0.235439, 12, 12, 0, 0, 0
22560, 87.9015, 19.9751, 1, 90.2857, 20.3362, 0.241399, 0.223518, 12, 12, 0, 0, 0
22571, 88.1013, 19.642, 1, 90.4821, 19.635, 0.241399, 0.223518, 12, 12, 0, 0, 0
22581, 88.2977, 19.9856, 1, 90.6854, 20.3362, 0.238419, 0.214577, 12, 12, 0, 0, 0
22590, 88.4975, 19.642, 1, 90.8888, 20.3432, 0.232458, 0.208616, 12, 12, 0, 0, 0
22600, 88.7009, 20.3187, 1, 91.0922, 20.3187, 0.226498, 0.202656, 12, 12, 0, 0, 0
22610, 88.9008, 19.9926, 1, 91.2885, 19.642, 0.229478, 0.223518, 12, 12, 0, 0, 0
22621, 89.1041, 20.2941, 1, 91.4884, 19.968, 0.226498, 0.226498, 12, 12, 0, 0, 0
22631, 89.297, 19.3054, 1, 91.6812, 19.2528, 0.244379, 0.232458, 12, 12, 0, 0, 0
22640, 89.4863, 18.9407, 1, 91.8811, 19.6805, 0.262261, 0.232458, 12, 12, 0, 0, 0
22650, 89.6721, 18.8355, 1, 92.0774, 19.8874, 0.235439, 0.181794, 0, 0, 0, 0, 0
22661, 89.7738, 10.1751, 1, 92.1966, 11.5811, -0.166893, -0.241399, 0, 0, 0, 0, 0
22670, 89.7808, 0.350624, 1, 92.2177, 2.10374, -0.0625849, -0.137091, 0, 0, 0, 0, 0
22680, 89.7703, -1.05187, 1, 92.2142, -0.350624, 0.00596047, -0.0327826, 0, 0, 0, 0, 0
22690, 89.7598, -1.05187, 1, 92.2036, -1.05187, 0.0357628, 0.0149012, 0, 0, 0, 0, 0
22701, 89.7493, -1.05187, 1, 92.1931, -1.05187, 0.0447035, 0.0387431, 0, 0, 0, 0, 0
22711, 89.7388, -1.04837, 1, 92.1826, -1.04837, 0.0476838, 0.0417233, 0, 0, 0, 0, 0
22720, 89.7317, -0.701248, 1, 92.1756, -0.701248, 0.0387431, 0.0387431, 0, 0, 0, 0, 0
22730, 89.7247, -0.697742, 1, 92.1721, -0.350624, 0.0298024, 0.0298024, 0, 0, 0, 0, 0
22740, 89.7212, -0.347118, 1, 92.1686, -0.697742, 0.0268221, 0.0268221, 0, 0, 0, 0, 0
22751, 89.7177, -0.350624, 1, 92.1616, -0.350624, 0.0208616, 0.0208616, 0, 0, 0, 0, 0
22760, 89.7142, -0.350624, 1, 92.1616, 0, 0.0178814, 0.0149012, 0, 0, 0, 0, 0
22770, 89.7107, -0.347118, 1, 92.1581, -0.350624, 0.0149012, 0.0119209, 0, 0, 0, 0, 0
22780, 89.7107, 0, 1, 92.1546, -0.350624, 0.0119209, 0.0119209, 0, 0, 0, 0, 0
22791, 89.7072, -0.347118, 1, 92.1546, 0, 0.00894071, 0.00894071, 0, 0, 0, 0, 0
22800, 89.7072, 0, 1, 92.1546, 0, 0.00596047, 0.00596047, 0, 0, 0, 0, 0
22810, 89.7072, 0, 1, 92.151, -0.350624, 0.00596047, 0.00596047, 0, 0, 0, 0, 0
22820, 89.7037, -0.350624, 1, 92.151, 0, 0.0119209, 0.00298024, 0, 0, 0, 0, 0
22831, 89.7037, 0, 1, 92.151, 0, 0.00596047, 0.00298024, 0, 0, 0, 0, 0
22840, 89.7037, 0, 1, 92.151, 0, 0.00596047, 0.00298024, 0, 0, 0, 0, 0
22850, 89.7037, 0, 1, 92.1475, -0.350624, 0.00298024, 0.00298024, 0, 0, 0, 0, 0
22860, 89.7037, 0, 1, 92.1475, 0, 0.00298024, 0.00298024, 0, 0, 0, 0, 0
22871, 89.7002, -0.350624, 1, 92.1475, 0, 0.00298024, 0, 0, 0, 0, 0, 0
22880, 89.7002, 0, 1, 92.1475, 0, 0.00298024, 0, 0, 0, 0, 0, 0
22890, 89.7002, 0, 1, 92.1475, 0, 0.00596047, 0, 0, 0, 0, 0, 0
22900, 89.7002, 0, 1, 92.1475, 0, 0.00298024, 0, 0, 0, 0, 0, 0
22910, 89.7002, 0, 1, 92.1475, 0, 0.00298024, 0, 0, 0, 0, 0, 0
22921, 89.7002, 0, 1, 92.1475, 0, 0.00596047, -0.00596047, 0, 0, 0, 0, 0
22930, 89.7002, 0, 1, 92.1475, 0, 0.00298024, 0, 0, 0, 0, 0, 0
22940, 89.7002, 0, 1, 92.144, -0.350624, 0.00298024, 0, 0, 0, 0, 0, 0
22950, 89.6967, -0.350624, 1, 92.144, 0, 0.00298024, 0, 0, 0, 0, 0, 0
22961, 89.6967, 0, 1, 92.144, 0, 0.00298024, 0, 0, 0, 0, 0, 0
22970, 89.6967, 0, 1, 92.144, 0, 0.00298024, 0, 0, 0, 0, 0, 0
22980, 89.6967, 0, 1, 92.144, 0, 0.00298024, 0, 0, 0, 0, 0, 0
22990, 89.6967, 0, 1, 92.144, 0, 0, 0, 0, 0, 0, 0, 0
23001, 89.6967, 0, 1, 92.144, 0, 0.00298024, 0.00298024, 0, 0, 0, 0, 0
23010, 89.6967, 0, 1, 92.144, 0, 0, 0, 0, 0, 0, 0, 0
23020, 89.6967, 0, 1, 92.144, 0, 0, 0, 0, 0, 0, 0, 0
23030, 89.6967, 0, 1, 92.144, 0, 0, 0, 0, 0, 0, 0, 0
23041, 89.6967, 0, 1, 92.144, 0, 0.00298024, 0, 0, 0, 0, 0, 0
23050, 89.6967, 0, 1, 92.144, 0, 0.00298024, 0, 0, 0, 0, 0, 0
23060, 89.6967, 0, 1, 92.144, 0, 0.00298024, 0, 0, 0, 0, 0, 0
23070, 89.6967, 0, 1, 92.144, 0, 0.00298024, 0.00298024, 0, 0, 0, 0, 0
23080, 89.6967, 0, 1, 92.144, 0, 0.00298024, 0, 0, 0, 0, 0, 0
23091, 89.6967, 0, 1, 92.144, 0, 0.00298024, 0, 0, 0, 0, 0, 0
23100, 89.6967, 0, 1, 92.144, 0, 0.00596047, 0, 0, 0, 0, 0, 0
23110, 89.6967, 0, 1, 92.144, 0, 0, 0.00298024, 0, 0, 0, 0, 0
23120, 89.6967, 0, 1, 92.144, 0, 0.00298024, 0, 0, 0, 0, 0, 0
23131, 89.6967, 0, 1, 92.144, 0, 0, 0, 0, 0, 0, 0, 0
23140, 89.6967, 0, 1, 92.144, 0, 0, 0, 0, 0, 0, 0, 0
23150, 89.6967, 0, 1, 92.144, 0, 0, 0, 0, 0, 0, 0, 0
23160, 89.6967, 0, 1, 92.144, 0, 0, 0, 0, 0, 0, 0, 0
23171, 89.6967, 0, 1, 92.144, 0, 0.00298024, 0, 0, 0, 0, 0, 0
23180, 89.6967, 0, 1, 92.144, 0, 0, 0, 0, 0, 0, 0, 0
23190, 89.6967, 0, 1, 92.144, 0, 0.00298024, 0, 0, 0, 0, 0, 0
23200, 89.6967, 0, 1, 92.144, 0, 0, 0, 0, 0, 0, 0, 0
23211, 89.6967, 0, 1, 92.144, 0, 0, 0.00298024, 0, 0, 0, 0, 0
23220, 89.6967, 0, 1, 92.144, 0, 0, 0, 0, 0, 0, 0, 0
23230, 89.6932, -0.350624, 1, 92.144, 0, 0, 0, 0, 0, 0, 0, 0
23240, 89.6932, 0, 1, 92.144, 0, 0, 0, 0, 0, 0, 0, 0
23250, 89.6932, 0, 1, 92.144, 0, 0, 0, 0, 0, 0, 0, 0
23261, 89.6932, 0, 1, 92.144, 0, 0, 0, 0, 0, 0, 0, 0
23270, 89.6932, 0, 1, 92.144, 0, 0, 0, 0, 0, 0, 0, 0
23280, 89.6932, 0, 1, 92.144, 0, 0, 0.00298024, 0, 0, 0, 0, 0
23290, 89.6932, 0, 1, 92.144, 0, 0.00298024, 0, 0, 0, 0, 0, 0
23301, 89.6932, 0, 1, 92.144, 0, 0, 0, 0, 0, 0, 0, 0
23310, 89.6932, 0, 1, 92.144, 0, 0, 0, 0, 0, 0, 0, 0
23320, 89.6932, 0, 1, 92.144, 0, 0, 0, 0, 0, 0, 0, 0
23330, 89.6932, 0, 1, 92.144, 0, 0, 0, 0, 0, 0, 0, 0
23341, 89.6932, 0, 1, 92.144, 0, 0, 0, 0, 0, 0, 0, 0
23350, 89.6932, 0, 1, 92.144, 0, 0, 0.00298024, 0, 0, 0, 0, 0
23360, 89.6932, 0, 1, 92.144, 0, 0, 0, 0, 0, 0, 0, 0
23370, 89.6932, 0, 1, 92.144, 0, 0, 0, 0, 0, 0, 0, 0
23380, 89.6932, 0, 1, 92.144, 0, 0.00298024, 0, 0, 0, 0, 0, 0
23390, 89.6932, 0, 1, 92.144, 0, 0.00298024, 0, 0, 0, 0, 0, 0
23400, 89.6932, 0, 1, 92.144, 0, 0, 0.00298024, 0, 0, 0, 0, 0
23410, 89.6932, 0, 1, 92.1405, -0.350624, 0, 0, 0, 0, 0, 0, 0
23420, 89.6932, 0, 1, 92.1405, 0, 0, 0, 0, 0, 0, 0, 0
23431, 89.6932, 0, 1, 92.1405, 0, 0, 0, 0, 0, 0, 0, 0
23440, 89.6932, 0, 1, 92.1405, 0, 0, 0, 0, 0, 0, 0, 0
23450, 89.6932, 0, 1, 92.1405, 0, 0, 0, 0, 0, 0, 0, 0
23460, 89.6932, 0, 1, 92.1405, 0, 0.00298024, 0, 0, 0, 0, 0, 0
23471, 89.6932, 0, 1, 92.1405, 0, 0, 0, 0, 0, 0, 0, 0
23480, 89.6932, 0, 1, 92.1405, 0, 0.00298024, 0, 0, 0, 0, 0, 0
23490, 89.6932, 0, 1, 92.1405, 0, 0.00298024, 0, 0, 0, 0, 0, 0
23500, 89.6932, 0, 1, 92.137, -0.350624, 0.00298024, 0.00298024, 0, 0, 0, 0, 0
23511, 89.6932, 0, 1, 92.137, 0, 0.00298024, 0, 0, 0, 0, 0, 0
23520, 89.6932, 0, 1, 92.137, 0, 0.00298024, 0, 0, 0, 0, 0, 0
23530, 89.6932, 0, 1, 92.137, 0, 0.00298024, 0.00298024, 0, 0, 0, 0, 0
23540, 89.6932, 0, 1, 92.137, 0, 0.00298024, 0.00298024, 0, 0, 0, 0, 0
23550, 89.6932, 0, 1, 92.137, 0, 0, 0, 0, 0, 0, 0, 0
23560, 89.6932, 0, 1, 92.137, 0, 0.00298024, 0, 0, 0, 0, 0, 0
23570, 89.6932, 0, 1, 92.137, 0, 0, 0, 0, 0, 0, 0, 0
23580, 89.6932, 0, 1, 92.137, 0, 0.00298024, 0, 0, 0, 0, 0, 0
23590, 89.6932, 0, 1, 92.137, 0, 0, 0, 0, 0, 0, 0, 0
23601, 89.6897, -0.350624, 1, 92.137, 0, 0, 0.00298024, 0, 0, 0, 0, 0
